memory_matrix_accuracy,memory_matrix_avg_time,pattern_sequence_accuracy,pattern_sequence_avg_time,multi_switch_accuracy,switch_cost_ms,dual_task_memory_accuracy,dual_task_math_accuracy,cpt_accuracy,cpt_false_positives,keep_track_accuracy,operation_span_processing_accuracy,operation_span_storage_accuracy,find_the_box_accuracy,color_number_accuracy,color_number_false_clicks,rule_discovery_accuracy,average_rule_guesses,average_discovery_time_ms,overall_score,behavior_profile
91.03,2245.49,89.78,2002.24,83.93,462.54,91.24,74.6,77.56,2,89.54,74.64,71.55,79.59,75.1,3,98.94,2.93,4906.81,80.19,Careful
57.27,1356.16,45.26,1133.4,61.26,585.59,53.4,62.11,59.25,7,58.93,52.55,59.11,62.32,58.29,8,55.26,3.91,5946.88,57.81,Impulsive
99.53,1709.98,91.6,1412.61,99.97,345.39,100.0,99.77,96.27,1,67.45,87.32,100.0,87.16,99.17,2,100.0,1.6,5077.71,90.51,Careful
40.7,1911.44,20.0,1516.33,38.35,473.9,48.53,47.09,37.91,3,33.16,30.49,33.15,39.92,29.12,5,42.39,4.26,7758.45,35.06,Inconsistent
86.97,2254.81,81.92,2442.59,85.37,585.83,82.75,91.18,86.9,1,82.65,92.22,94.29,77.53,77.67,0,100.0,2.22,5866.42,83.99,Careful
83.49,2088.45,78.93,1723.95,71.3,500.26,75.02,60.03,83.38,1,88.11,63.77,87.12,84.25,75.82,0,81.35,3.07,5672.15,77.94,Careful
63.45,2018.7,60.73,2031.99,72.67,619.26,46.3,50.8,56.91,5,71.05,67.24,45.96,56.2,49.1,5,59.33,3.92,7594.6,56.29,Inconsistent
94.99,1656.58,87.09,1883.8,100.0,502.5,97.29,100.0,92.42,1,99.2,90.89,97.05,95.58,99.5,1,97.4,2.68,4680.2,97.94,Careful
82.48,1554.53,79.16,1217.38,83.65,351.67,69.03,78.91,70.95,0,82.09,63.97,81.78,67.24,75.93,0,87.05,2.97,6003.82,78.4,Efficient
55.61,1799.02,50.34,2077.0,48.94,642.87,53.52,48.76,51.45,6,63.3,48.37,50.84,45.74,60.69,3,36.65,3.52,6468.05,48.15,Inconsistent
59.77,1308.94,34.54,1212.18,60.64,438.84,78.85,63.2,58.86,7,54.82,58.87,69.31,54.23,66.56,5,61.19,4.18,5939.6,59.2,Impulsive
84.34,1470.11,91.54,1458.24,83.32,294.56,84.1,95.32,88.89,3,100.0,85.27,97.12,89.9,95.49,2,85.1,2.93,6143.5,93.24,Efficient
87.72,1369.9,100.0,1147.36,100.0,255.37,94.96,76.03,84.21,0,86.03,90.09,81.46,89.49,100.0,0,95.07,2.58,5290.47,88.42,Efficient
52.43,1845.58,33.71,1719.74,55.6,758.39,37.88,58.1,54.54,10,60.07,48.61,53.9,59.09,46.25,5,59.17,4.37,5860.79,53.64,Inconsistent
92.32,1013.6,83.41,1265.41,80.59,204.88,95.42,92.93,83.44,1,86.01,86.36,89.24,83.44,100.0,1,77.38,2.72,5112.95,87.66,Efficient
87.58,1273.47,100.0,774.47,87.34,283.38,100.0,100.0,100.0,2,99.5,92.27,91.58,93.5,91.42,0,100.0,2.65,5847.99,97.26,Efficient
84.72,1569.64,81.27,1537.93,88.43,319.85,86.74,89.2,82.91,1,92.32,77.75,83.66,96.21,78.13,2,96.63,3.19,6059.77,88.55,Careful
94.41,1408.78,89.39,1399.77,87.35,328.84,75.93,81.23,96.26,1,87.4,91.3,82.04,88.84,78.09,2,89.97,2.54,4980.43,92.69,Efficient
61.2,1357.42,53.48,1289.35,42.65,491.92,48.02,59.29,57.39,8,59.6,53.12,57.75,61.06,74.94,10,52.53,4.08,5788.69,54.57,Impulsive
40.94,1428.67,46.88,1149.99,20.15,456.04,34.66,37.06,32.79,11,20.22,42.18,40.05,30.14,41.87,8,36.23,3.62,7257.25,35.66,Impulsive
90.14,1138.23,100.0,892.8,87.41,254.99,100.0,85.91,90.7,2,82.49,94.7,100.0,90.44,89.49,3,81.03,3.7,4782.59,94.34,Efficient
77.35,2142.47,66.15,2098.41,77.85,485.05,85.22,83.43,89.53,1,97.98,88.41,93.4,88.47,96.02,0,98.99,3.03,5106.42,85.49,Careful
90.23,1366.69,90.21,1367.49,88.32,546.56,77.15,92.43,91.93,2,100.0,82.34,87.51,100.0,94.97,0,97.57,2.8,4668.02,91.21,Efficient
72.46,1627.69,64.71,1836.33,72.39,717.73,72.69,67.68,50.46,3,59.61,52.8,84.43,53.49,49.55,5,36.59,3.47,5832.98,61.49,Inconsistent
93.58,1262.77,61.52,1165.48,77.17,271.43,84.53,82.39,88.06,0,83.05,78.18,74.26,72.91,76.48,0,77.33,2.59,5116.49,81.29,Efficient
36.38,1677.0,48.66,1772.68,55.46,424.45,48.04,36.27,44.37,2,53.15,30.32,51.09,46.24,57.43,2,46.17,3.82,6763.78,51.38,Inconsistent
56.32,1289.55,50.27,1764.19,49.75,498.72,58.37,53.53,45.82,5,40.98,57.91,47.1,53.49,57.91,6,42.38,3.79,6069.11,51.17,Inconsistent
53.72,878.68,34.18,1213.47,40.86,345.41,39.08,47.4,51.63,7,36.67,70.98,39.24,47.42,44.56,6,44.95,4.89,7477.53,40.82,Impulsive
92.27,1372.2,93.26,1292.76,80.92,206.49,96.7,98.11,89.89,2,76.82,87.86,90.33,79.62,85.89,1,76.09,2.87,4990.4,85.13,Efficient
86.49,1948.48,78.59,1759.79,85.06,388.53,65.7,65.06,83.48,1,89.89,79.61,98.67,69.97,76.07,0,82.77,2.63,5908.2,80.46,Careful
100.0,2056.35,70.06,1913.46,92.71,551.1,89.26,92.43,84.3,0,93.95,92.79,100.0,92.18,100.0,2,77.65,2.54,4659.29,88.42,Careful
100.0,2013.42,94.54,1936.72,100.0,574.3,91.95,92.81,93.86,0,92.8,91.35,88.12,85.88,94.72,0,100.0,2.31,5018.95,93.16,Careful
44.04,1305.03,67.01,1274.96,43.86,600.3,58.91,47.91,51.61,7,52.69,66.2,57.72,56.13,63.42,5,47.35,3.51,5876.61,51.68,Impulsive
80.11,1626.74,100.0,1824.85,98.7,607.25,80.86,90.04,100.0,6,100.0,77.61,94.15,96.79,100.0,4,98.17,2.18,4221.87,91.48,Inconsistent
39.52,1297.06,33.8,1399.69,39.28,494.64,46.2,41.28,43.71,2,49.07,52.16,41.02,35.15,44.11,1,47.74,4.23,6079.13,38.27,Inconsistent
99.15,1753.58,79.52,1467.4,84.81,287.67,91.46,92.62,80.61,0,83.31,77.44,94.26,98.75,79.51,0,98.25,3.17,5106.76,85.62,Careful
93.3,1052.95,90.34,584.86,90.19,468.28,80.64,84.36,92.4,0,72.05,96.2,88.05,93.38,95.73,0,100.0,2.62,5101.73,90.89,Efficient
53.61,865.87,51.56,1269.38,71.38,557.08,51.5,67.95,56.7,9,59.12,63.82,54.53,63.87,42.95,5,63.28,3.35,5684.73,58.6,Impulsive
64.87,901.98,65.61,1470.41,64.7,402.31,53.59,62.88,64.93,11,60.27,66.3,63.77,69.79,68.91,8,65.11,3.64,6772.29,67.99,Impulsive
40.76,928.32,46.63,874.83,42.57,382.48,53.73,53.44,43.67,8,32.13,35.32,45.33,33.07,42.64,6,58.38,4.23,7085.83,45.86,Impulsive
33.99,1257.1,40.86,1183.9,48.26,506.08,38.17,63.89,49.04,10,54.16,50.09,58.55,37.43,23.24,7,39.71,4.56,6216.68,41.14,Impulsive
73.74,1996.89,88.52,2492.24,75.51,776.51,62.55,67.88,61.53,2,76.15,76.52,74.63,86.66,87.62,2,76.49,2.36,6730.12,73.29,Inconsistent
78.18,1888.25,80.4,1877.35,91.48,573.63,85.26,82.74,74.94,1,74.4,73.31,94.0,87.79,76.65,4,78.46,3.26,6226.18,82.74,Careful
54.27,1721.81,47.33,1688.11,54.17,689.73,67.02,56.39,57.71,4,56.86,69.74,52.36,62.0,59.24,6,60.4,3.53,5169.56,58.99,Inconsistent
65.81,1900.37,79.79,2170.74,67.33,769.08,60.09,58.77,62.38,4,56.55,64.64,44.24,61.84,62.47,4,53.08,2.83,5837.02,63.05,Inconsistent
62.17,1401.94,37.01,1425.67,60.43,502.97,41.47,52.48,61.44,2,56.28,67.42,57.87,57.06,66.15,0,54.33,3.07,5928.62,51.08,Inconsistent
72.69,2189.75,58.89,2262.03,72.29,352.66,73.17,81.28,77.1,0,70.08,78.43,90.89,85.58,60.94,1,98.49,2.52,6153.47,79.81,Careful
31.52,1021.73,47.7,1270.98,45.84,515.6,48.58,58.19,32.89,10,40.54,49.99,32.61,57.07,48.21,9,52.88,4.45,6174.01,43.97,Impulsive
71.31,1759.54,59.48,1635.51,65.34,661.26,59.83,61.82,69.35,5,71.27,71.08,68.73,69.95,62.79,5,78.59,3.83,5127.17,73.21,Inconsistent
87.02,1081.52,81.11,988.42,100.0,386.72,100.0,100.0,98.68,0,91.9,100.0,83.28,93.81,98.84,0,97.55,2.52,4643.89,93.97,Efficient
63.5,1183.65,61.97,1308.08,54.58,440.94,42.76,57.78,58.34,10,56.7,32.2,61.72,48.99,61.77,8,71.59,3.78,5674.57,61.04,Impulsive
43.9,2268.19,42.83,1753.12,28.5,435.97,39.82,32.16,36.96,5,48.29,71.92,46.92,48.03,39.28,3,35.93,4.26,7799.75,42.93,Inconsistent
43.53,2077.13,42.54,2320.34,42.1,746.21,29.12,33.58,39.54,0,32.89,35.69,41.44,35.12,39.72,1,52.25,3.76,6731.22,39.39,Inconsistent
49.7,1463.12,50.23,1028.92,52.24,535.9,52.22,40.59,54.81,12,49.36,65.09,59.27,60.17,67.29,9,59.02,3.86,6413.93,53.3,Impulsive
100.0,1203.76,100.0,949.4,100.0,352.02,100.0,95.46,100.0,1,90.06,97.35,97.44,100.0,93.88,0,100.0,2.49,5098.53,99.45,Efficient
86.82,1654.6,100.0,2256.55,100.0,260.17,100.0,95.4,92.71,0,100.0,99.21,81.97,96.17,94.16,0,72.96,1.75,3765.77,90.24,Careful
56.57,1289.84,67.98,1521.96,74.38,595.69,60.21,54.68,69.8,8,54.69,62.33,56.28,61.85,52.14,5,56.33,3.57,6433.19,63.56,Inconsistent
76.45,1119.53,94.5,1158.6,86.26,308.66,89.2,100.0,82.51,0,92.26,96.43,91.44,77.16,100.0,1,88.17,2.35,5602.87,89.68,Efficient
59.78,1212.51,44.58,1037.43,49.77,504.02,42.31,48.29,42.85,5,37.99,42.2,60.53,37.35,63.22,8,60.47,5.23,6392.04,49.13,Impulsive
89.29,1736.59,96.48,1809.5,81.01,452.88,100.0,91.53,97.18,0,79.92,86.77,78.93,100.0,92.89,0,99.32,2.56,5239.27,98.36,Careful
28.53,1201.23,25.69,1002.19,25.48,423.79,38.75,31.89,28.77,10,51.41,20.0,34.53,21.75,28.89,7,31.48,5.02,7470.6,31.27,Impulsive
100.0,982.65,100.0,744.08,100.0,384.29,91.39,100.0,98.1,1,100.0,100.0,87.64,100.0,100.0,0,97.57,2.19,4953.18,96.92,Efficient
25.06,1064.4,28.51,1141.08,30.8,276.91,43.88,30.0,27.82,6,37.18,32.53,40.59,26.17,35.95,7,56.49,4.39,7662.53,34.62,Impulsive
51.49,1085.17,58.08,717.77,54.15,454.53,43.51,57.79,54.65,8,70.02,52.68,64.05,44.57,46.49,8,61.2,4.35,5898.67,54.2,Impulsive
45.01,1748.67,46.18,1338.58,37.25,742.81,32.67,32.18,42.17,6,44.27,35.31,41.86,46.21,46.59,7,55.62,4.21,6651.9,38.22,Inconsistent
42.55,2046.31,39.42,1843.33,56.54,627.27,57.12,60.98,43.43,7,49.14,70.41,48.57,46.49,50.83,5,55.76,3.45,7512.49,49.3,Inconsistent
47.38,1232.89,46.24,1260.6,47.08,554.01,47.92,46.53,55.14,9,56.74,63.93,46.7,43.5,39.04,7,42.11,5.02,6030.75,51.99,Impulsive
54.32,1456.28,75.75,1850.39,67.22,659.87,71.84,51.38,46.74,1,55.35,77.82,55.12,66.11,49.49,4,50.23,3.13,5897.56,60.76,Inconsistent
55.26,1541.71,47.89,1635.76,55.0,474.95,49.71,49.04,43.9,7,53.7,61.52,52.5,52.27,65.15,7,64.32,4.19,7134.28,51.17,Impulsive
84.69,1695.94,87.46,2272.2,100.0,438.75,90.52,79.38,77.66,2,84.64,92.79,84.53,90.63,84.84,0,92.75,2.58,5184.09,87.93,Careful
68.24,981.87,56.86,982.63,63.82,363.52,58.46,58.34,48.86,9,45.6,50.54,61.69,61.31,65.3,6,54.54,3.96,6246.53,60.84,Impulsive
20.0,1915.17,20.0,1909.39,20.8,559.84,25.8,20.0,20.0,1,20.0,20.0,20.0,20.0,20.0,0,20.0,4.87,8438.78,15.92,Inconsistent
100.0,1348.78,100.0,850.56,100.0,381.29,94.15,100.0,97.89,0,100.0,94.24,96.71,100.0,81.93,0,100.0,3.11,5344.29,97.01,Efficient
85.97,1930.85,79.58,2653.49,74.41,664.29,93.3,70.47,78.06,1,77.48,83.26,77.16,93.75,71.09,1,100.0,2.64,5695.2,80.08,Careful
63.77,930.56,53.9,917.72,57.24,403.8,61.24,68.49,56.89,10,45.78,45.19,50.45,50.02,59.28,8,49.82,3.77,5767.35,54.42,Impulsive
64.85,1268.9,68.85,1540.92,43.75,371.15,79.87,75.88,64.46,7,51.86,72.84,57.61,67.43,52.9,5,83.2,4.03,5699.18,67.23,Inconsistent
81.36,1694.91,90.28,1172.42,78.77,410.24,74.69,91.64,82.67,4,81.8,87.37,82.51,83.76,70.63,2,75.64,2.91,4966.89,80.15,Efficient
70.57,1415.87,100.0,1219.64,100.0,278.29,80.95,76.18,96.44,4,70.75,95.93,92.8,84.91,98.85,0,81.77,2.45,5760.78,90.8,Efficient
80.73,1458.18,81.69,1635.14,77.03,363.44,92.85,78.36,83.38,4,85.01,96.77,83.39,100.0,81.18,2,82.09,2.48,5386.71,84.41,Efficient
42.33,1155.01,54.57,1522.2,40.27,481.24,44.19,57.2,41.52,7,70.11,52.78,46.27,43.66,56.39,6,39.41,3.39,7286.43,48.23,Impulsive
63.47,910.72,65.11,996.38,76.08,262.52,78.94,71.4,66.83,5,68.53,67.58,77.34,67.36,65.39,7,57.31,3.08,4925.09,72.08,Impulsive
53.36,1221.27,46.99,1298.77,66.17,371.76,48.93,41.99,65.02,10,43.21,54.05,48.4,51.38,74.96,7,56.26,4.17,5810.06,56.3,Impulsive
48.37,863.23,42.35,947.91,57.1,542.0,57.64,49.81,53.28,10,70.69,65.51,48.41,54.96,61.75,6,52.87,4.0,6115.86,52.13,Impulsive
100.0,1129.39,95.1,1301.8,88.2,360.66,98.87,100.0,100.0,1,96.98,100.0,100.0,81.83,100.0,1,98.1,2.32,5361.25,95.66,Efficient
78.82,1903.07,80.74,1669.65,100.0,350.63,77.05,81.67,77.79,0,82.19,83.45,78.77,97.26,93.89,0,76.13,3.05,4947.48,87.3,Careful
92.63,1582.55,80.71,1484.44,81.49,250.37,80.97,95.95,100.0,2,100.0,76.85,100.0,99.51,79.65,0,89.29,2.45,5793.97,90.08,Efficient
98.73,1689.54,86.4,1988.26,81.27,593.56,83.91,95.38,85.87,0,100.0,95.18,96.96,86.71,85.09,2,90.36,2.65,5825.53,94.29,Careful
52.5,1331.55,53.85,1418.39,70.4,539.42,55.62,64.31,57.67,10,55.03,64.74,61.0,44.58,58.24,7,47.9,4.11,5702.75,62.71,Impulsive
69.74,1971.78,69.18,1772.63,65.11,522.39,66.21,68.04,75.88,0,82.2,76.63,64.91,78.54,77.05,3,45.82,3.23,6371.45,66.83,Careful
80.81,1780.37,78.79,1810.86,73.28,377.19,72.63,71.54,87.78,3,75.75,96.17,71.45,77.76,68.74,2,83.68,3.35,5152.78,79.42,Careful
82.82,1715.13,78.96,1981.04,81.69,574.82,94.45,98.02,82.0,0,80.42,76.94,96.65,95.17,85.35,1,73.64,3.36,5150.8,88.3,Careful
80.5,1848.43,92.42,1767.45,80.35,442.36,75.83,70.53,87.24,1,76.19,76.97,88.01,96.03,81.61,2,78.36,2.86,6462.08,82.37,Careful
49.29,1003.45,48.63,999.05,42.22,347.54,45.76,43.97,39.77,11,68.41,49.94,50.05,57.75,27.35,11,68.15,4.9,6347.52,44.39,Impulsive
86.71,2361.73,81.6,2339.14,88.21,692.34,96.59,94.24,84.8,1,92.32,93.57,93.23,83.58,92.72,0,99.73,2.2,5233.85,86.09,Careful
91.84,1155.5,95.22,1149.46,97.41,358.32,100.0,100.0,92.37,0,100.0,97.12,84.52,93.78,95.91,3,87.45,1.45,4980.7,95.76,Efficient
99.67,1134.76,100.0,1264.87,98.72,193.53,80.63,91.1,99.5,1,90.31,100.0,94.82,96.01,100.0,3,93.68,2.5,5797.68,92.23,Efficient
65.61,1873.28,86.98,2051.62,72.16,459.92,59.42,65.51,63.97,4,65.87,55.69,73.44,63.02,71.42,4,60.75,3.81,5602.0,68.35,Inconsistent
72.71,1758.45,78.68,1839.99,77.55,710.54,71.01,74.3,75.59,4,83.4,70.53,71.06,74.55,82.05,2,84.08,2.94,4618.46,77.55,Inconsistent
65.48,1224.96,58.89,940.63,46.92,584.01,77.1,58.02,60.56,5,61.45,55.31,52.43,75.23,66.28,6,65.65,3.07,4981.01,62.56,Impulsive
74.3,2123.58,50.47,1810.53,62.46,675.65,71.96,71.86,71.44,5,70.0,59.19,62.11,86.87,58.27,0,55.6,3.35,5045.84,68.93,Careful
51.16,1429.27,46.41,1267.67,45.56,490.73,42.66,57.89,48.3,2,52.13,49.55,47.94,52.25,53.74,2,50.89,3.08,7115.21,50.54,Inconsistent
89.51,2195.24,85.58,2000.01,77.66,576.38,76.5,94.07,87.19,3,84.08,88.91,95.21,90.29,83.6,2,99.88,2.86,5592.23,88.74,Careful
85.24,1759.6,86.17,1886.05,93.54,396.24,95.16,96.23,89.85,0,92.93,88.51,75.92,88.13,86.85,2,80.51,1.91,5068.31,85.29,Careful
76.53,1999.53,62.21,1590.68,64.18,671.99,62.83,59.62,63.12,7,59.65,44.64,69.19,75.81,53.59,1,59.19,3.25,6728.49,65.37,Inconsistent
70.9,1951.31,82.23,1685.34,83.4,715.69,89.72,72.92,75.7,5,85.88,91.9,75.86,70.72,78.07,6,71.48,2.0,4185.48,81.7,Inconsistent
69.22,1377.92,72.07,1410.64,71.38,485.47,75.58,64.63,73.47,5,63.39,69.02,58.42,69.08,67.73,4,80.81,3.28,5714.35,69.42,Impulsive
76.93,1754.76,73.21,1725.43,66.78,537.15,88.34,77.07,85.96,0,66.67,82.3,66.72,97.82,64.43,1,94.42,3.24,5702.94,78.9,Careful
52.83,1797.63,65.54,1914.79,43.89,881.47,68.47,55.14,57.22,5,52.15,41.98,54.2,57.99,60.72,7,53.53,3.4,6209.66,56.85,Inconsistent
78.0,1637.56,77.52,1857.23,71.02,373.44,75.8,88.07,73.4,0,67.09,85.78,82.18,73.27,65.58,1,71.54,1.91,6335.65,72.17,Careful
86.49,1937.85,95.69,2005.13,79.96,667.38,93.09,85.05,87.91,0,87.27,89.14,94.48,90.18,97.93,2,99.87,3.16,5437.31,94.98,Careful
45.92,1087.99,51.55,1059.43,48.18,483.87,73.46,50.6,51.68,9,44.55,43.21,38.13,48.75,49.69,9,61.11,4.62,6280.69,47.66,Impulsive
37.61,793.24,33.29,1051.08,32.08,452.54,30.64,35.52,33.63,8,21.69,46.72,34.58,30.68,27.51,6,43.48,4.21,7024.58,34.39,Impulsive
97.69,1623.18,89.89,1865.89,88.74,301.37,77.37,85.23,84.72,2,83.45,86.18,93.78,91.89,97.48,0,93.03,1.69,5566.4,88.8,Careful
85.49,1687.66,83.24,1729.71,71.84,387.81,85.55,77.37,73.24,1,87.36,71.94,78.58,83.77,80.84,0,75.8,2.27,5399.01,77.98,Careful
62.55,2169.27,63.55,2272.15,56.68,745.16,48.12,55.45,67.5,6,52.05,51.23,63.72,64.26,48.08,7,52.51,3.94,7757.34,58.89,Inconsistent
82.89,1570.48,98.89,1256.6,76.59,389.91,76.05,78.18,89.62,2,89.81,80.37,82.11,86.84,78.32,3,94.02,3.47,5050.38,85.15,Efficient
80.11,1466.45,81.4,1227.48,92.84,446.43,89.28,91.68,86.7,2,98.85,98.04,92.34,100.0,95.55,1,84.08,2.32,5826.25,89.61,Efficient
79.18,1146.88,81.86,1243.41,81.8,515.87,80.33,73.88,94.58,8,87.42,83.22,91.09,88.79,87.23,6,91.19,3.6,4700.74,86.28,Impulsive
83.16,1066.43,100.0,1120.07,65.62,466.31,89.48,90.91,89.11,5,93.17,90.06,93.17,84.36,77.5,3,88.76,3.05,5206.62,89.09,Efficient
100.0,1816.11,97.9,2059.25,68.24,518.51,84.49,91.47,83.96,2,81.39,87.2,93.32,95.49,87.62,1,86.56,2.03,4991.5,90.31,Careful
37.86,1284.21,57.36,1341.16,35.47,543.02,55.85,46.19,32.65,5,31.59,40.82,40.11,36.1,35.0,7,53.22,4.39,8681.9,43.14,Inconsistent
83.1,1399.8,80.81,1418.72,80.73,287.98,100.0,94.23,94.56,1,91.08,95.04,100.0,94.25,100.0,0,90.65,2.48,4987.74,90.06,Efficient
57.13,1464.22,65.68,1567.63,50.56,370.02,44.5,67.02,53.69,7,60.02,46.77,55.98,44.1,53.38,8,47.04,4.13,5690.77,55.51,Inconsistent
52.03,1244.15,50.1,1500.3,49.55,467.62,31.67,62.67,44.63,8,61.04,53.08,45.23,63.43,51.62,6,45.03,3.83,6211.26,55.24,Impulsive
88.47,1313.34,90.34,1027.41,97.36,194.62,84.28,76.11,77.77,1,92.65,89.13,85.29,82.65,88.79,0,89.23,2.17,6195.04,81.41,Efficient
58.59,1246.49,59.45,1328.39,61.71,419.21,52.13,50.88,53.04,8,60.15,66.61,50.03,51.58,53.96,8,51.32,3.79,7417.91,55.78,Impulsive
20.0,1923.87,22.39,2124.04,20.0,607.51,33.35,40.23,32.91,5,35.36,22.49,33.7,24.56,31.22,6,35.26,4.63,7101.95,27.29,Inconsistent
67.61,1814.21,68.21,1976.08,76.01,576.49,71.79,61.15,71.07,2,67.6,62.15,56.92,74.63,73.2,3,74.64,3.24,4778.19,66.75,Inconsistent
83.08,2167.39,97.44,1911.39,86.44,379.82,97.84,88.29,89.08,0,79.7,73.97,78.98,82.48,77.55,0,73.56,2.37,5415.36,85.96,Careful
97.01,1930.81,96.18,1606.06,100.0,771.61,100.0,100.0,94.13,0,100.0,88.27,100.0,93.17,83.85,0,100.0,2.19,4502.05,94.34,Inconsistent
82.3,1722.29,89.44,1830.68,98.22,459.38,75.74,78.13,72.19,2,84.84,82.8,91.9,81.57,81.13,0,83.56,3.05,5952.31,82.69,Careful
65.97,1402.77,65.2,1253.46,66.25,424.83,62.32,61.28,58.9,6,72.19,54.89,60.53,44.94,47.16,6,74.94,3.28,6042.12,63.31,Impulsive
50.97,919.14,57.82,535.75,54.87,461.69,58.86,44.43,53.93,12,49.52,56.18,37.64,50.06,57.54,7,59.54,3.88,6826.92,55.1,Impulsive
38.69,1453.56,47.84,1304.72,51.04,564.94,56.26,41.55,39.41,5,46.96,33.89,33.0,37.79,40.46,5,22.13,4.01,6840.65,40.85,Impulsive
91.81,1511.95,80.67,1897.99,89.83,339.94,83.71,98.33,94.18,0,95.52,100.0,87.44,85.69,87.25,1,75.66,2.41,5710.32,89.22,Careful
100.0,1244.64,100.0,1249.54,100.0,332.65,100.0,100.0,100.0,1,100.0,100.0,94.7,100.0,100.0,0,100.0,2.86,4540.47,100.0,Efficient
89.01,660.34,98.27,991.38,97.26,344.63,89.37,100.0,88.56,1,89.18,100.0,100.0,90.99,96.15,2,95.25,2.95,4786.24,91.31,Efficient
47.87,892.88,38.07,959.65,49.52,344.71,41.91,40.04,40.27,8,33.19,32.16,26.68,33.97,56.95,5,26.39,4.3,6540.96,38.64,Impulsive
96.48,1582.81,88.53,1602.76,95.93,428.33,97.57,93.35,88.02,0,99.92,98.93,96.77,85.56,81.58,0,92.92,2.49,5129.4,95.35,Efficient
52.49,925.26,55.51,1202.93,55.61,475.66,59.85,52.3,56.94,10,53.7,60.12,41.95,33.42,64.28,8,49.14,3.8,6779.41,50.11,Impulsive
87.41,1291.61,77.83,1282.83,76.72,351.84,84.05,85.84,91.89,1,87.65,89.69,81.26,81.31,78.93,3,85.66,2.89,5781.5,85.28,Efficient
98.18,1050.75,99.96,1081.0,100.0,259.93,76.83,100.0,100.0,1,92.56,86.91,100.0,84.01,100.0,0,100.0,2.07,4930.41,91.88,Efficient
75.74,2431.65,87.03,2061.05,97.87,657.54,77.17,81.25,73.44,8,82.14,84.36,98.87,75.6,90.79,6,85.78,3.35,5379.72,79.95,Inconsistent
80.72,2002.78,81.71,1722.97,79.93,711.7,85.95,84.68,90.2,8,75.97,75.9,80.33,79.45,87.97,5,71.57,3.15,5936.24,80.75,Inconsistent
94.49,2280.39,86.25,2079.67,100.0,645.61,97.95,83.77,88.57,0,85.38,90.95,96.48,76.65,75.58,0,83.96,1.85,4642.77,86.92,Careful
50.08,1075.29,42.81,1049.2,50.86,578.02,50.05,46.86,53.86,8,54.84,48.47,51.77,70.19,69.89,7,43.44,4.78,6371.73,54.5,Impulsive
88.41,1210.06,83.82,1010.69,75.73,425.89,78.87,85.54,70.97,2,87.58,92.11,91.34,93.45,77.98,3,93.53,3.22,4973.34,85.01,Efficient
98.97,1257.42,91.07,1360.73,100.0,341.87,100.0,100.0,95.12,1,100.0,100.0,97.41,100.0,90.32,1,98.79,2.22,4818.71,100.0,Efficient
70.76,1104.68,79.4,1449.55,74.77,478.19,78.94,82.89,77.0,3,76.81,87.73,80.16,77.4,76.18,3,70.75,2.76,5397.57,73.82,Efficient
56.48,1246.67,48.03,1410.25,51.96,443.76,52.28,46.37,47.89,12,60.59,49.15,43.75,52.16,53.45,9,34.76,4.65,8166.99,51.99,Impulsive
95.32,1396.18,83.63,1250.04,79.66,252.33,85.83,80.35,86.27,0,81.26,86.4,86.5,90.2,87.37,0,80.9,2.05,5898.6,88.0,Efficient
41.01,1389.12,29.9,1655.76,31.39,479.42,27.09,38.5,42.26,7,38.16,36.76,20.0,33.16,39.15,7,44.77,5.01,8040.41,30.79,Impulsive
56.36,1151.27,59.9,1140.91,58.47,310.65,69.35,61.77,52.11,10,56.98,64.65,45.75,69.46,47.15,5,61.45,3.43,7094.92,62.62,Impulsive
70.5,1041.99,66.31,1300.1,71.99,493.73,72.97,80.7,67.9,8,61.22,62.05,86.41,52.43,57.95,9,67.7,3.17,5300.87,71.64,Impulsive
61.86,841.07,63.33,787.85,55.62,454.2,50.07,52.64,61.95,8,59.32,49.9,61.35,59.11,52.27,6,58.32,3.88,6004.59,58.92,Impulsive
87.6,1372.02,87.18,1390.72,81.64,398.2,100.0,100.0,92.76,1,90.83,100.0,100.0,85.18,93.08,1,89.46,3.1,4650.39,93.63,Efficient
100.0,1289.85,100.0,1262.7,86.54,492.47,92.35,89.88,100.0,3,99.28,86.79,96.4,85.96,97.49,1,83.01,2.73,4002.68,91.43,Efficient
91.14,1599.21,87.52,1436.81,94.7,463.14,90.01,82.48,98.14,0,86.12,93.64,78.72,95.37,76.12,1,100.0,2.9,5553.47,90.22,Efficient
57.77,1576.75,65.53,962.76,52.73,627.65,47.88,41.36,56.73,6,45.63,71.64,75.09,51.15,39.53,6,58.74,4.17,6980.22,55.16,Impulsive
69.37,2157.11,76.46,2174.01,69.19,649.37,60.61,64.03,56.01,4,77.46,73.63,59.77,72.58,71.86,3,67.16,3.14,6530.84,73.17,Inconsistent
58.39,1227.95,45.31,1357.64,71.78,483.43,44.76,70.9,53.5,12,36.43,65.13,54.97,50.68,59.44,8,60.29,4.39,5898.72,53.02,Impulsive
88.16,1918.05,100.0,1990.18,100.0,437.58,95.04,98.0,96.56,0,89.81,91.47,86.28,91.44,100.0,1,100.0,2.46,5414.58,96.19,Careful
73.23,1154.23,79.87,1505.21,81.93,729.98,70.56,73.53,68.01,7,73.16,71.45,69.4,70.04,72.55,6,66.29,3.15,5554.88,75.03,Impulsive
53.35,823.06,39.06,712.43,59.43,511.2,48.79,51.37,47.73,4,54.63,62.57,61.51,66.74,67.88,4,35.64,3.7,6678.1,49.71,Inconsistent
79.95,1226.47,91.48,1205.42,88.65,387.81,83.32,82.17,87.26,3,89.29,86.65,85.94,80.13,80.61,0,83.43,2.62,5529.23,87.72,Efficient
100.0,1288.1,94.33,1284.89,96.86,563.8,92.77,94.65,91.15,4,85.12,95.24,100.0,83.0,100.0,3,97.93,2.46,5339.12,95.17,Efficient
54.22,1863.9,55.1,2033.03,49.05,427.76,58.73,77.79,43.81,8,57.07,48.39,59.09,54.85,60.57,5,65.05,4.18,5644.6,53.74,Inconsistent
64.35,1153.96,80.38,1021.61,76.36,400.57,68.83,85.4,61.05,10,67.52,84.04,80.49,68.12,66.72,8,70.96,3.4,4865.15,71.97,Impulsive
95.05,1592.01,91.12,1201.61,90.39,474.0,75.04,100.0,93.7,5,97.19,100.0,93.94,100.0,88.86,0,95.34,2.0,3366.89,94.18,Efficient
100.0,1243.36,100.0,1278.02,86.68,548.48,96.49,85.97,90.73,2,96.13,99.62,97.88,91.32,100.0,2,87.43,2.4,4828.27,92.38,Efficient
97.98,1984.59,79.85,1587.87,74.23,458.15,93.5,94.56,92.61,2,84.33,80.51,76.25,79.1,74.15,0,82.24,2.54,6129.74,85.02,Careful
84.09,1757.74,93.78,1859.53,93.3,538.72,83.02,85.42,78.47,2,86.22,96.15,94.3,83.73,86.67,1,77.29,2.93,3888.27,86.89,Careful
55.15,949.41,57.4,1003.87,62.0,520.97,56.86,73.72,59.62,9,63.34,56.8,65.19,55.45,51.94,7,65.24,3.65,6822.98,58.89,Impulsive
86.9,1517.43,100.0,1599.91,81.42,525.4,93.77,80.6,90.7,1,86.72,92.38,94.03,83.64,91.06,1,100.0,2.96,4660.35,88.72,Careful
93.12,1802.5,94.12,1620.43,100.0,469.92,98.59,100.0,94.5,2,100.0,100.0,87.81,91.4,87.46,1,84.54,2.05,4849.4,92.38,Efficient
61.29,1650.86,73.96,1630.44,62.88,578.48,67.93,64.05,71.68,4,49.4,67.73,55.26,68.43,64.13,4,52.0,3.83,5752.64,66.19,Inconsistent
61.3,1435.75,45.48,1930.11,59.59,541.53,59.73,69.07,61.07,5,70.97,62.61,65.87,64.44,70.28,3,75.54,4.01,5279.62,64.92,Inconsistent
93.2,1682.28,100.0,2046.06,100.0,264.47,99.91,88.04,100.0,3,96.52,96.38,96.58,95.75,89.06,2,82.35,2.32,5528.71,94.48,Careful
43.3,1660.05,35.93,1450.46,38.64,566.87,43.46,39.97,44.33,5,35.0,45.62,38.33,41.4,40.57,3,48.51,3.8,5832.51,37.38,Inconsistent
72.66,937.38,62.95,912.07,71.52,464.9,73.13,74.93,73.07,8,74.79,56.98,60.16,56.05,55.52,10,80.76,3.48,5967.91,66.27,Impulsive
49.62,2075.47,35.19,1854.11,42.47,504.12,48.45,39.3,49.11,1,44.04,40.71,46.93,49.64,39.71,2,44.32,3.37,6639.26,48.52,Inconsistent
86.81,2212.88,88.17,2431.44,84.05,407.56,89.63,74.74,67.69,0,66.67,67.98,64.12,68.72,72.2,1,85.06,2.64,5451.03,80.42,Careful
65.15,1220.52,77.23,1259.37,64.18,518.97,60.83,66.33,67.8,3,76.74,64.13,61.67,59.89,64.42,3,90.25,3.44,6136.14,68.62,Inconsistent
51.07,1239.09,65.27,798.9,34.25,274.05,59.64,66.7,54.07,7,59.4,66.53,64.99,46.64,67.11,6,74.49,4.1,5795.05,57.67,Impulsive
86.48,1250.38,99.38,1691.25,85.46,269.52,89.1,76.45,84.34,0,88.71,99.71,88.8,98.09,92.15,0,100.0,3.64,5878.42,89.71,Efficient
60.39,897.26,53.87,995.23,52.76,377.98,48.12,67.06,40.55,7,62.17,52.08,52.51,69.33,50.08,7,49.67,4.47,6257.3,55.59,Impulsive
81.67,1638.79,78.88,1377.62,79.8,279.71,97.47,61.7,78.19,3,100.0,88.93,75.36,83.87,84.74,0,91.82,2.4,4426.9,79.38,Efficient
69.68,1993.95,52.22,1995.71,61.13,733.92,70.42,76.81,67.6,5,74.17,56.54,64.8,70.63,67.89,3,75.25,3.53,5172.11,70.5,Inconsistent
82.61,2118.19,93.9,2245.02,86.79,674.64,73.63,88.84,89.91,2,100.0,94.85,80.23,98.83,76.33,0,87.68,2.84,5464.52,86.28,Careful
85.65,1987.25,90.13,2075.61,93.71,593.61,93.12,100.0,76.11,4,88.12,82.11,100.0,87.68,70.03,2,90.18,2.42,5247.91,87.57,Inconsistent
100.0,1931.03,92.36,1883.64,100.0,545.21,100.0,95.82,91.31,0,85.08,95.85,99.93,97.04,95.7,0,100.0,1.95,4400.26,90.79,Careful
28.9,1416.88,38.35,1165.54,31.63,429.32,54.49,34.78,35.76,7,34.3,30.31,41.23,24.36,20.0,9,32.28,4.92,7319.82,33.7,Impulsive
70.27,806.43,67.65,898.53,77.6,477.5,65.43,73.87,77.54,8,88.78,78.61,61.74,62.99,87.31,7,67.79,3.38,4859.95,69.12,Impulsive
51.59,1367.87,51.44,1278.76,50.17,538.52,71.33,56.48,42.7,10,52.16,42.86,52.76,38.19,40.33,8,52.29,3.96,6997.88,52.08,Impulsive
53.33,949.9,58.14,846.66,61.69,550.95,41.55,36.94,54.97,11,36.26,35.74,35.92,42.92,28.09,10,31.07,4.57,6541.61,47.53,Inconsistent
93.37,2356.64,100.0,2186.02,100.0,633.93,100.0,96.36,100.0,0,99.29,100.0,100.0,81.83,100.0,1,100.0,2.15,4388.89,99.95,Careful
83.73,1094.8,79.62,1289.15,70.89,463.62,87.14,67.0,76.71,1,78.33,89.35,93.29,91.75,81.7,0,61.08,2.53,6649.4,76.0,Efficient
66.26,1626.26,69.21,1825.04,59.26,722.69,62.29,74.05,51.44,1,70.77,62.69,67.99,77.99,60.84,3,40.35,2.37,5855.5,65.58,Inconsistent
75.38,1880.88,83.16,1914.5,69.7,405.67,71.76,71.37,79.09,3,82.27,83.74,66.65,79.48,74.82,0,85.63,2.66,5721.33,76.58,Careful
83.35,1362.17,100.0,1196.0,90.58,391.39,89.3,86.27,94.48,0,100.0,100.0,82.42,92.88,87.44,3,100.0,2.62,5319.5,85.64,Efficient
71.2,883.68,59.34,922.77,58.53,529.45,82.92,56.8,62.87,13,50.3,58.72,57.53,60.12,67.88,10,70.36,3.08,6456.04,67.76,Impulsive
88.71,1184.35,95.86,989.42,99.05,328.15,100.0,78.15,99.64,2,100.0,75.26,94.37,100.0,83.12,0,89.91,2.01,5220.3,95.17,Efficient
55.21,1398.4,69.03,1460.58,55.44,566.69,58.88,74.58,57.61,0,69.18,59.58,62.59,59.83,66.05,1,53.1,3.88,5850.39,59.34,Inconsistent
100.0,1785.25,98.01,1899.6,100.0,443.02,90.48,100.0,94.61,3,91.82,90.46,95.39,100.0,94.13,1,100.0,2.4,4695.57,95.15,Careful
83.45,1933.2,92.26,1755.84,76.05,434.99,91.31,82.79,88.04,2,86.53,83.87,97.57,84.89,93.49,1,94.31,2.65,4952.95,91.81,Careful
46.14,1267.76,54.79,921.63,38.42,541.43,45.11,47.95,68.51,10,56.48,59.87,44.65,53.98,37.01,7,48.11,3.71,5960.05,49.71,Impulsive
51.11,1928.96,49.68,2150.02,53.1,585.18,36.44,50.59,56.49,6,57.38,40.66,50.54,40.08,50.32,7,42.29,3.46,6377.81,45.25,Inconsistent
97.72,1917.88,90.84,1880.35,77.93,468.29,72.62,92.65,94.9,0,90.76,92.05,92.25,87.18,73.69,1,80.85,2.5,5241.32,87.89,Careful
74.21,1783.14,80.73,1624.08,75.07,515.62,90.39,73.4,80.87,4,80.18,93.52,79.01,87.5,85.45,4,92.01,2.89,4569.69,84.83,Inconsistent
50.83,1194.0,67.8,1416.32,50.71,438.89,51.48,54.64,52.97,8,46.52,53.92,42.25,56.95,55.83,9,60.59,4.21,6160.4,57.88,Impulsive
80.96,2242.1,83.15,1953.58,77.45,469.56,100.0,91.74,86.6,1,80.12,90.24,86.06,84.62,79.41,0,86.14,2.53,5040.63,86.66,Careful
50.59,998.03,41.57,1273.69,38.63,536.16,43.2,66.49,46.36,9,53.86,37.35,39.13,46.28,61.4,8,36.17,3.85,5884.4,43.78,Impulsive
36.15,2011.68,49.23,2284.52,42.21,736.58,38.67,36.85,46.08,1,38.81,44.8,48.05,49.74,52.31,1,46.32,4.82,6265.12,45.32,Inconsistent
71.99,1781.77,76.24,1895.2,66.04,641.35,72.74,65.73,61.87,6,73.69,72.56,74.0,76.9,67.27,4,67.68,2.9,5137.34,71.28,Inconsistent
34.96,1276.75,24.31,559.64,38.64,350.83,52.89,33.15,40.25,7,54.5,42.56,30.5,37.55,39.5,5,48.56,2.99,6790.38,39.27,Impulsive
85.12,1079.92,75.91,876.76,80.79,244.58,77.32,92.38,89.85,0,71.7,82.22,78.55,95.8,74.65,0,99.89,2.72,4733.56,78.41,Efficient
83.37,988.42,92.64,1031.15,81.93,286.34,83.46,73.09,84.22,2,82.32,71.42,81.43,81.2,96.22,1,89.89,2.87,5072.9,80.98,Efficient
54.41,1204.57,44.53,1245.3,40.41,232.59,42.82,53.27,50.42,11,33.94,47.93,60.35,47.39,49.68,8,60.39,5.02,5941.18,44.24,Impulsive
100.0,1099.15,100.0,1455.72,100.0,434.95,100.0,100.0,100.0,1,98.04,100.0,96.56,98.66,100.0,0,100.0,2.64,3461.23,100.0,Efficient
86.1,2266.76,93.0,1992.79,93.52,449.65,91.92,100.0,100.0,1,92.82,87.11,100.0,100.0,95.11,0,100.0,2.28,4525.01,95.19,Careful
86.35,1718.07,88.18,1673.31,82.5,577.55,72.95,81.87,89.92,1,89.03,94.63,96.95,86.61,77.52,0,93.84,2.58,5698.42,85.04,Careful
91.55,2096.23,100.0,2089.72,79.96,725.1,86.13,81.92,91.23,6,83.02,92.25,81.82,100.0,67.47,5,88.4,3.01,6024.84,80.65,Inconsistent
47.95,1349.86,56.21,1616.14,57.35,557.83,63.39,48.1,49.52,8,59.58,50.27,49.93,63.56,42.56,6,72.03,4.21,6142.17,53.34,Inconsistent
49.43,2227.95,43.66,1773.3,52.7,756.99,57.04,68.27,48.08,4,63.6,53.74,52.61,42.15,57.7,3,57.03,3.04,7130.44,53.22,Inconsistent
100.0,777.77,100.0,1221.82,93.86,357.0,100.0,100.0,99.05,5,82.45,98.13,99.83,98.69,95.08,1,100.0,2.54,4821.02,97.48,Efficient
87.85,1412.41,93.67,1923.59,94.94,656.83,89.97,91.28,81.98,0,65.05,81.89,86.64,80.58,80.22,1,72.99,2.35,5902.68,88.53,Careful
53.74,1679.73,61.95,1386.08,69.33,594.03,62.09,44.09,54.44,0,57.89,57.25,60.15,48.5,56.35,1,59.62,3.31,5787.07,57.73,Inconsistent
48.97,1121.97,54.94,1177.1,47.15,299.69,64.07,68.29,57.27,13,66.6,66.06,59.74,61.52,64.9,10,44.74,4.41,6371.26,55.1,Impulsive
81.57,1815.93,91.4,1770.16,80.61,463.63,85.06,64.57,82.35,2,82.9,68.15,71.05,83.6,76.34,2,88.77,3.14,5384.27,83.83,Careful
95.35,1287.83,95.83,1404.14,96.69,366.7,100.0,99.41,95.24,5,88.5,95.51,94.75,96.52,100.0,1,90.26,2.59,4449.68,94.65,Efficient
49.97,1348.03,60.51,1310.19,63.43,612.71,47.31,42.16,46.19,13,48.15,53.07,40.48,50.16,51.84,10,56.43,3.77,5840.7,47.87,Impulsive
63.67,1051.39,60.64,1328.48,59.7,503.03,61.59,56.61,65.64,2,61.55,77.19,58.17,60.68,58.17,6,78.46,3.13,6236.95,67.68,Inconsistent
100.0,1374.51,91.8,1233.49,97.79,400.11,89.02,100.0,84.32,0,92.07,100.0,93.22,80.11,88.27,1,88.33,3.13,5577.66,90.77,Efficient
59.48,1304.35,55.76,1151.87,56.95,510.73,75.37,63.89,62.48,12,59.33,81.0,71.87,55.66,59.24,6,59.5,3.38,5654.12,61.04,Impulsive
100.0,2196.73,98.93,2172.09,100.0,685.47,100.0,100.0,100.0,0,100.0,100.0,100.0,100.0,100.0,1,96.58,1.91,4938.61,99.08,Careful
83.22,1067.16,81.56,1272.62,97.52,364.1,86.44,80.43,79.87,1,73.92,82.85,85.84,68.06,72.46,1,78.73,2.55,5488.95,78.56,Efficient
95.48,1109.55,99.88,1444.28,83.16,467.48,85.98,86.04,92.6,1,90.1,87.58,88.58,85.14,90.05,0,100.0,2.94,4580.79,90.93,Efficient
92.26,1276.34,85.06,1611.42,94.34,434.24,77.05,82.38,86.6,2,90.07,79.26,84.29,97.58,98.53,2,68.55,2.17,5221.25,88.34,Efficient
47.18,1202.39,35.8,1026.59,54.06,449.02,37.34,43.21,45.97,11,39.96,39.8,53.51,58.05,45.83,6,30.41,4.16,7020.47,44.3,Impulsive
65.71,1969.49,72.93,2036.08,75.12,461.36,76.19,79.7,74.55,0,71.17,86.46,73.95,87.86,73.91,2,76.36,3.36,6468.89,72.0,Careful
98.72,886.79,96.49,1072.51,93.73,335.55,96.99,96.44,94.19,0,100.0,92.01,97.68,88.31,98.83,0,99.84,2.5,4827.07,98.51,Efficient
87.66,1819.93,91.43,1804.58,88.17,478.55,98.36,83.9,90.09,0,77.14,96.77,100.0,99.31,98.52,0,99.57,2.56,4936.24,88.08,Careful
74.71,1089.78,84.32,974.52,79.48,399.89,66.93,76.25,73.96,9,81.02,75.04,74.74,63.18,78.97,7,60.11,2.45,5356.38,73.49,Impulsive
77.67,1614.23,81.85,1836.8,92.79,406.51,74.84,84.11,85.36,2,76.47,93.46,96.16,88.33,88.34,0,64.01,3.17,5543.18,81.96,Careful
77.24,1895.05,82.45,1971.72,77.95,421.91,72.73,80.17,80.26,2,91.21,91.35,79.31,84.46,71.67,0,82.09,2.16,5758.94,84.89,Careful
48.37,640.38,68.6,327.09,61.21,223.42,65.68,56.41,61.95,6,47.64,55.73,56.72,65.49,56.98,4,48.8,3.61,6886.11,61.3,Inconsistent
46.53,1379.46,50.69,1418.58,40.06,651.44,54.09,44.84,46.54,9,54.39,47.03,47.48,59.63,42.5,7,54.77,4.48,7023.35,46.78,Impulsive
45.2,1258.91,36.29,1213.65,36.88,355.78,45.27,53.24,47.2,9,37.66,38.36,39.13,39.93,31.98,5,47.18,4.22,6659.12,42.22,Impulsive
100.0,2173.05,100.0,1487.21,100.0,637.96,90.38,90.73,95.82,0,100.0,80.91,98.76,100.0,100.0,1,100.0,1.81,3853.92,100.0,Careful
88.43,1270.0,78.48,754.29,81.66,318.88,81.02,89.12,84.01,0,84.22,100.0,83.49,89.6,86.0,1,87.74,2.58,5203.72,86.47,Efficient
85.79,1346.84,85.97,1522.03,80.59,227.92,79.51,78.31,85.05,0,93.22,93.78,75.21,82.71,66.65,2,85.18,2.13,5477.86,84.54,Efficient
57.88,1695.81,61.54,1532.61,73.1,631.72,59.35,52.48,60.74,6,74.34,45.04,64.02,58.13,61.86,3,60.07,3.29,6337.71,62.73,Inconsistent
54.11,2596.01,43.72,2464.23,45.84,823.43,52.88,54.75,43.71,5,46.05,48.18,50.2,44.71,44.81,7,58.19,4.32,8791.58,45.57,Inconsistent
57.42,1178.52,44.44,1408.84,36.91,345.57,41.13,56.3,54.01,7,43.35,44.4,54.83,59.98,48.9,6,54.44,4.4,6383.95,50.62,Impulsive
88.16,1557.05,96.25,1510.05,82.21,333.77,97.1,98.29,93.54,1,81.44,83.0,100.0,99.87,92.67,3,100.0,2.4,5666.39,92.55,Efficient
41.9,760.12,48.74,952.83,31.24,436.02,36.1,42.1,41.15,13,63.56,51.7,51.49,42.21,32.43,9,58.64,4.58,8150.17,43.36,Impulsive
70.8,1471.74,67.32,1636.42,82.54,508.58,53.27,60.41,73.67,5,75.21,82.99,51.77,76.69,59.85,1,73.59,3.17,5965.98,74.25,Inconsistent
80.09,1667.96,83.84,1562.16,82.63,444.8,90.98,74.22,76.05,0,83.43,85.23,80.98,88.43,92.21,0,87.99,3.37,6586.49,80.02,Careful
90.5,1909.71,99.78,1799.86,91.53,571.09,99.1,98.53,97.37,0,96.25,100.0,100.0,85.2,96.03,2,92.63,2.0,4777.21,93.61,Careful
20.0,1226.07,32.14,1313.74,20.0,382.18,20.14,34.77,23.09,5,20.0,20.0,23.19,20.0,23.36,4,20.0,4.88,8335.66,23.32,Inconsistent
91.8,1158.63,84.96,1492.98,76.84,361.6,80.22,84.35,91.6,0,85.52,92.06,86.33,88.87,79.46,0,80.81,2.98,4903.34,86.74,Efficient
54.02,1358.47,52.42,1283.2,45.11,518.66,37.5,55.12,44.96,8,40.64,32.09,49.55,42.57,47.33,7,46.71,4.72,5953.87,48.92,Impulsive
85.75,1544.41,68.16,1579.25,76.53,383.42,90.7,68.95,89.56,1,94.94,79.9,85.19,91.8,79.12,2,90.66,2.68,4744.86,80.81,Careful
50.73,1226.47,67.7,1183.65,49.18,502.91,48.0,47.04,50.58,8,34.83,61.32,55.56,42.56,47.97,7,42.7,4.66,6221.62,43.4,Impulsive
65.41,1220.6,71.08,1034.59,69.09,282.75,80.46,71.94,58.67,11,66.78,58.56,59.39,51.72,60.73,7,67.92,3.37,6301.67,70.37,Impulsive
56.41,1088.35,64.74,881.17,59.31,467.22,37.69,52.35,52.41,9,61.41,47.08,43.15,58.16,51.32,8,45.86,4.01,6432.34,52.48,Impulsive
76.42,1246.14,81.98,1685.89,78.62,561.89,79.65,81.75,79.13,7,84.39,76.95,77.89,68.52,84.4,7,91.93,3.19,5552.99,79.14,Inconsistent
68.2,1078.25,70.62,1287.1,72.21,560.27,76.51,75.83,60.42,7,77.94,75.73,66.39,64.91,73.14,5,74.27,2.43,5672.49,66.38,Inconsistent
65.23,1377.69,63.24,1537.89,66.37,327.44,82.42,74.26,71.04,11,72.11,58.98,72.43,64.57,66.46,7,65.86,3.97,6023.69,66.84,Impulsive
54.93,1643.59,58.35,1771.95,53.69,606.06,47.91,57.5,54.24,8,69.21,60.78,49.71,60.31,56.94,6,66.26,4.14,6509.06,60.69,Inconsistent
42.15,1578.79,34.94,1558.31,48.16,626.18,54.24,60.1,38.48,5,59.54,49.64,43.19,53.6,59.0,2,33.04,3.69,7115.68,46.24,Inconsistent
91.65,2102.0,89.87,1875.5,80.56,634.73,81.83,90.84,92.14,1,92.77,81.75,85.94,77.76,76.02,1,87.89,2.29,5111.41,83.3,Careful
91.47,1236.11,78.74,1012.75,92.4,344.26,86.88,89.73,87.88,2,94.65,82.79,92.41,82.39,76.33,1,87.64,2.88,4705.15,87.96,Efficient
88.06,2054.14,78.94,1728.19,78.25,452.25,100.0,100.0,98.66,2,85.22,90.69,84.09,80.12,85.9,0,100.0,2.59,5402.7,89.69,Careful
59.09,1147.71,82.52,1599.76,67.2,424.34,64.44,67.5,52.34,7,55.18,52.26,63.7,57.4,61.12,5,57.55,3.34,6109.11,64.81,Inconsistent
62.49,1164.91,66.81,801.04,67.62,411.72,64.83,54.89,78.6,13,57.58,79.89,89.94,66.23,75.56,9,68.87,2.92,6136.74,65.97,Impulsive
20.0,1191.2,20.0,1115.64,25.51,475.75,37.96,27.04,26.81,5,20.0,23.34,21.85,25.89,33.35,3,20.26,4.71,7803.26,22.56,Inconsistent
62.62,1044.34,60.94,1146.97,55.17,684.18,44.84,56.44,63.19,9,70.68,68.36,59.76,56.55,60.56,6,53.22,3.56,5164.92,59.35,Inconsistent
59.11,1218.4,54.19,789.55,57.11,401.81,55.97,62.79,58.88,9,51.89,56.46,46.03,56.76,58.25,7,74.52,3.84,5952.47,62.56,Impulsive
35.94,971.26,41.52,1702.88,54.99,374.13,37.19,39.03,60.72,6,44.88,52.54,55.11,55.27,37.8,5,47.9,3.41,7319.5,53.21,Impulsive
42.09,1857.63,40.02,1622.67,48.87,697.65,33.73,29.18,40.72,4,30.22,34.41,41.09,35.88,32.98,4,24.26,4.03,7039.73,34.23,Inconsistent
86.08,2063.9,92.15,1984.38,85.02,454.87,91.98,92.09,100.0,0,85.63,87.19,83.14,80.06,84.67,0,94.3,2.42,4485.11,92.28,Careful
31.57,1214.88,45.77,1315.17,41.84,613.99,42.2,33.12,39.25,7,27.49,37.15,20.0,25.65,35.62,4,59.57,4.44,6959.54,35.8,Inconsistent
90.88,1284.65,85.61,1050.21,74.5,204.43,92.19,68.95,86.58,2,88.51,84.96,100.0,100.0,96.8,3,80.21,2.45,5308.45,88.1,Efficient
48.46,1279.97,52.18,993.43,46.62,554.63,43.2,61.14,44.06,11,45.77,41.45,45.35,51.85,41.94,10,25.16,3.98,6329.72,44.78,Impulsive
93.97,1462.97,100.0,1482.0,99.13,339.43,100.0,92.26,100.0,1,89.15,91.02,95.73,100.0,90.31,1,100.0,2.58,4447.79,93.06,Efficient
47.17,1155.97,64.39,1161.23,54.97,329.45,58.84,43.58,45.99,3,56.29,53.17,57.09,51.2,54.93,7,54.13,4.34,5820.91,48.55,Impulsive
50.44,1161.47,46.11,1047.75,43.02,433.74,42.08,50.49,59.06,10,53.98,43.22,63.23,46.83,63.54,6,50.17,4.41,6507.69,50.87,Impulsive
79.92,1442.64,74.55,1373.71,71.37,521.57,79.44,65.05,67.98,5,71.86,58.36,78.91,64.58,68.52,4,70.37,2.93,6277.28,66.01,Inconsistent
50.41,1543.56,45.12,1643.77,42.5,618.16,55.04,29.64,51.96,7,37.28,46.02,39.62,36.94,54.83,1,61.03,4.13,6429.65,40.58,Inconsistent
56.62,738.06,47.81,1029.1,45.02,508.72,28.93,38.38,48.76,8,31.88,46.97,32.69,38.76,31.16,7,44.6,4.31,6764.53,42.29,Impulsive
87.71,2240.28,74.48,1826.5,73.88,617.75,78.11,82.16,88.42,3,82.66,70.42,87.16,87.01,78.62,1,84.8,2.25,6242.79,83.98,Careful
81.48,2161.12,84.83,1917.81,85.37,655.92,81.99,98.43,83.83,0,80.96,78.94,78.17,96.64,90.49,0,94.63,2.74,5323.4,86.48,Careful
37.16,1120.57,44.81,734.55,37.88,304.14,34.99,56.16,39.15,7,40.64,39.71,55.64,54.66,56.68,6,39.44,4.17,6225.66,44.51,Impulsive
90.78,2058.2,88.13,2038.76,74.55,465.5,75.27,74.55,81.2,0,88.34,89.61,78.89,81.66,95.29,1,68.53,2.68,5187.25,80.93,Careful
86.86,1662.73,85.81,2188.87,89.86,372.46,74.54,85.68,91.6,3,100.0,88.45,98.88,92.01,97.12,0,83.86,2.11,4735.25,93.68,Careful
68.42,2337.58,60.71,1999.74,71.88,683.22,74.88,76.66,76.75,4,53.63,57.44,90.46,75.11,68.83,3,67.32,3.08,7367.44,69.21,Inconsistent
100.0,840.05,78.63,971.23,100.0,408.04,99.66,100.0,95.24,4,94.87,100.0,83.17,92.9,90.74,1,88.72,2.38,3289.34,97.3,Efficient
57.7,1400.7,61.65,1362.39,55.59,373.6,68.07,60.99,49.78,8,66.43,66.94,60.28,45.86,67.79,7,51.38,3.81,5943.57,56.65,Impulsive
43.12,994.7,44.37,1141.99,56.71,307.58,20.02,34.98,43.79,12,36.0,48.62,38.38,39.75,36.5,10,33.99,5.04,6331.46,36.51,Impulsive
93.36,2179.79,93.63,2048.8,91.16,469.58,96.96,78.04,84.22,1,88.44,79.06,87.35,87.61,100.0,2,91.89,3.03,5055.47,85.59,Careful
61.69,2003.46,48.44,1797.82,45.27,664.48,38.74,48.47,44.15,6,60.24,51.79,60.08,64.29,45.64,5,49.43,3.92,7362.48,51.41,Inconsistent
92.77,1808.78,100.0,2479.7,74.26,446.12,83.07,73.1,77.84,1,77.47,74.05,74.09,81.35,72.77,0,90.09,3.52,6188.46,82.63,Careful
100.0,1265.99,95.93,1322.82,92.65,147.21,91.78,87.58,100.0,3,87.07,100.0,94.09,81.78,100.0,1,65.5,2.36,5701.86,92.37,Efficient
87.02,1409.93,100.0,1636.27,84.68,429.89,94.23,95.77,88.21,2,85.32,89.97,85.28,93.71,85.41,0,93.52,2.87,5508.19,85.58,Careful
74.52,2265.13,86.53,1916.62,80.64,564.46,72.58,86.63,84.98,4,81.56,74.01,75.24,81.19,68.42,4,90.86,3.55,4561.7,79.34,Careful
79.84,2066.78,84.3,2328.54,82.61,480.09,80.37,88.46,84.02,1,78.54,85.08,67.63,88.51,80.17,2,69.19,2.85,5110.36,80.8,Careful
72.82,905.68,78.11,935.67,77.61,423.14,72.5,69.68,75.0,6,69.35,59.63,57.94,67.6,70.91,4,92.2,3.01,5115.36,71.89,Inconsistent
36.24,965.63,36.91,1167.34,32.76,513.84,42.51,43.65,45.04,8,34.0,47.39,32.77,47.39,28.78,9,54.78,4.22,6664.94,38.22,Impulsive
100.0,1377.03,100.0,1332.68,100.0,486.36,100.0,96.62,100.0,0,100.0,100.0,100.0,100.0,100.0,0,91.6,1.78,5351.58,96.95,Efficient
83.68,1064.42,90.55,1026.32,97.91,297.21,84.23,99.12,81.61,1,91.4,89.2,76.73,86.99,85.34,1,77.6,2.61,5480.35,85.33,Efficient
100.0,1495.32,81.52,1264.25,78.65,460.42,99.2,88.85,90.98,1,84.47,83.88,97.65,92.41,84.08,3,99.68,2.64,4531.88,95.09,Efficient
55.79,1077.07,55.28,1117.12,56.47,538.74,49.1,57.08,68.65,10,52.47,71.44,57.37,77.75,55.38,9,59.54,3.35,6426.88,57.39,Impulsive
89.68,1103.73,94.58,954.06,87.81,305.58,84.42,87.61,94.13,3,99.14,81.68,90.33,91.41,80.72,3,95.88,2.72,6179.0,93.1,Efficient
82.37,2302.14,78.82,2362.99,76.45,454.94,80.04,81.6,86.36,3,85.58,98.95,83.32,76.81,80.86,0,87.3,2.41,5399.94,85.88,Careful
62.48,1602.65,70.34,1461.15,63.97,592.66,80.99,77.21,78.41,2,78.85,64.55,61.35,56.54,67.75,1,65.84,3.36,6004.6,65.34,Inconsistent
61.08,1357.97,64.89,1517.43,69.38,326.46,89.52,85.82,79.16,6,65.08,66.01,64.8,65.16,83.37,3,69.24,3.19,5358.28,69.66,Inconsistent
42.42,1093.69,35.7,822.73,34.95,461.58,46.97,30.61,42.64,9,28.11,31.33,39.49,48.58,38.33,5,24.55,4.65,6354.65,40.72,Impulsive
56.77,1266.75,58.55,1151.54,48.92,403.03,51.43,50.48,46.02,12,43.84,47.2,41.37,46.47,48.91,10,51.93,4.03,5759.73,48.69,Impulsive
77.8,1451.97,85.07,1424.9,100.0,304.21,65.82,85.06,79.94,2,79.79,82.36,80.45,88.02,81.27,3,63.74,3.24,6267.76,82.22,Efficient
72.73,2411.33,78.97,2144.32,80.79,504.67,89.26,74.61,75.71,0,74.59,77.35,77.98,82.17,82.13,0,79.46,2.54,5497.01,75.56,Careful
52.12,1818.95,60.26,2056.01,40.27,802.57,49.9,36.83,49.78,5,43.97,62.59,55.62,60.46,48.91,3,43.16,3.69,6560.48,55.36,Inconsistent
81.24,1134.48,76.59,1093.99,84.83,381.93,81.99,61.96,86.39,2,81.2,74.65,75.45,62.53,80.95,1,85.07,3.18,6919.71,80.99,Efficient
82.27,1868.76,83.68,2148.19,81.95,448.47,68.69,71.44,81.59,2,81.04,82.72,96.39,80.52,76.71,1,83.29,2.78,5871.66,82.94,Careful
72.26,1959.17,73.02,1768.21,62.22,627.99,62.24,81.84,64.23,11,94.7,73.79,66.31,77.91,54.85,8,71.54,3.48,4829.92,67.57,Inconsistent
97.84,1975.7,80.78,1926.37,80.16,518.3,79.21,94.95,88.05,0,92.74,84.24,93.25,86.0,75.94,1,96.61,2.36,5207.38,90.45,Careful
76.04,1672.92,80.5,1678.57,76.11,452.79,76.67,75.61,76.66,1,56.89,59.44,65.56,70.41,74.55,0,74.37,2.96,6057.1,64.2,Inconsistent
87.11,1271.9,81.41,1398.03,97.64,323.57,90.21,88.61,96.19,3,87.98,93.26,91.36,100.0,89.01,1,98.51,2.85,4732.98,89.76,Efficient
61.68,1750.63,64.99,2056.36,69.45,647.58,61.27,68.69,47.47,5,55.88,52.73,72.82,66.6,51.87,4,52.88,3.66,7769.06,59.4,Inconsistent
45.29,1441.8,55.47,1456.34,46.24,440.31,41.96,42.54,49.31,8,41.38,40.1,36.37,36.67,50.97,8,39.45,4.34,6614.7,45.81,Impulsive
92.17,1071.58,87.88,1205.57,84.23,334.1,100.0,91.37,100.0,1,100.0,99.34,100.0,100.0,99.15,1,91.21,2.44,4394.13,89.49,Efficient
89.04,1367.08,95.85,1429.49,87.58,368.01,100.0,100.0,100.0,0,100.0,87.82,93.41,100.0,100.0,1,87.96,2.46,4574.19,98.31,Efficient
75.33,1735.32,84.43,1705.76,76.55,446.49,83.72,75.29,83.86,0,91.18,79.21,76.51,90.23,91.29,0,87.79,2.33,6223.01,83.44,Careful
84.8,700.73,86.72,1339.6,83.54,197.72,97.86,98.3,86.54,3,100.0,83.56,97.47,100.0,78.34,2,94.43,3.14,5785.32,90.18,Efficient
61.38,1308.9,70.79,1514.69,78.61,395.33,53.55,62.33,64.0,6,60.98,60.33,61.25,65.07,66.51,6,73.77,3.82,6415.07,69.19,Impulsive
72.65,1171.12,73.28,1391.98,61.65,481.93,73.48,72.35,66.7,3,76.24,80.8,64.37,73.96,81.04,1,82.59,2.5,6184.78,74.98,Inconsistent
50.93,1268.2,61.44,1084.13,42.26,327.81,32.13,46.7,55.59,12,52.59,44.28,52.5,49.0,39.41,7,48.87,4.24,6861.16,49.93,Impulsive
97.79,2001.1,100.0,2249.15,95.35,460.69,99.92,97.7,97.0,2,100.0,97.08,100.0,91.35,91.6,1,90.64,2.23,5664.58,98.32,Careful
88.84,1415.44,94.59,1509.45,91.01,290.62,94.68,98.8,93.91,0,98.4,95.69,98.43,94.05,94.17,1,97.8,2.31,6325.35,92.62,Efficient
46.45,1744.92,45.19,1481.08,42.13,707.64,39.57,44.69,49.78,7,39.96,46.47,45.54,61.29,52.85,6,53.43,3.57,6415.15,43.04,Inconsistent
81.84,1853.14,100.0,1987.03,94.66,653.28,82.94,90.73,86.64,1,99.27,84.29,87.12,78.95,84.25,0,60.66,2.35,5079.7,82.24,Careful
60.78,1906.82,65.19,1704.8,66.62,550.7,64.92,53.9,57.34,4,66.52,75.11,64.55,60.04,65.13,3,53.1,3.96,5898.93,62.84,Inconsistent
67.47,1596.48,92.56,1715.1,88.22,410.03,86.02,74.36,79.53,1,73.23,82.63,70.37,86.33,69.96,0,70.52,3.35,6860.51,78.72,Careful
94.72,791.79,95.89,1076.47,97.1,251.69,80.07,86.64,85.41,2,96.51,84.08,89.6,85.97,100.0,0,85.71,2.59,5650.76,91.69,Efficient
100.0,2428.71,100.0,2317.64,100.0,457.76,83.17,100.0,100.0,2,93.23,100.0,100.0,80.96,100.0,1,92.02,1.98,4782.67,97.58,Careful
61.97,1131.46,61.49,1445.11,75.02,649.3,80.89,75.39,68.52,2,82.93,65.97,60.33,71.54,79.85,7,61.92,2.79,6076.95,64.97,Inconsistent
20.0,1033.69,20.0,1202.66,20.0,532.31,20.0,20.0,20.0,9,20.0,20.0,20.0,20.0,25.31,8,20.0,5.3,8040.89,23.61,Inconsistent
63.07,970.77,73.88,804.81,61.15,748.27,65.92,72.48,60.4,11,53.65,52.07,68.41,66.85,72.23,9,61.27,3.89,4917.27,62.19,Impulsive
85.8,2138.01,79.59,2014.69,82.23,408.36,85.88,76.25,94.75,2,91.29,88.72,83.46,78.5,92.83,1,90.09,3.26,5971.39,86.22,Careful
77.59,2028.27,65.5,1700.09,68.82,503.83,76.97,80.56,72.2,0,81.73,60.78,66.78,58.61,67.94,1,88.7,2.28,5379.08,75.86,Inconsistent
94.46,2145.25,100.0,2250.27,91.82,593.19,91.9,97.55,96.06,5,96.7,97.04,96.18,91.53,100.0,0,91.62,2.07,5073.5,96.5,Inconsistent
82.13,2148.8,71.06,2137.19,85.26,582.01,97.82,81.88,75.31,0,78.18,77.92,75.17,86.29,65.93,2,82.97,2.97,6490.41,82.27,Careful
100.0,1282.52,95.81,894.07,78.21,205.19,100.0,89.17,100.0,1,92.81,95.15,100.0,86.34,85.57,0,91.75,2.26,3934.06,91.28,Efficient
92.37,1863.31,77.06,1625.03,82.28,352.71,95.51,87.72,86.66,0,87.26,97.35,87.38,87.93,87.43,0,73.02,1.7,4703.45,85.26,Careful
47.25,1312.51,54.38,1047.43,44.0,401.33,63.76,34.73,46.73,9,53.35,47.09,58.35,30.75,46.45,8,45.09,4.71,6735.99,48.45,Impulsive
58.52,1204.85,53.04,890.98,44.46,192.22,49.66,44.91,52.9,8,37.09,41.16,51.39,57.55,30.13,8,60.12,4.21,6941.6,47.77,Impulsive
57.82,1355.5,52.21,1440.07,60.14,504.23,55.64,47.02,45.15,10,55.92,54.46,53.99,62.77,67.16,8,62.62,3.74,6943.65,59.5,Impulsive
93.23,1271.04,100.0,1508.49,92.66,346.36,81.9,77.02,91.77,5,100.0,91.66,97.16,100.0,93.99,2,77.39,2.91,4996.71,92.44,Efficient
84.85,1770.44,80.02,1523.29,98.22,295.75,93.5,86.04,84.77,1,86.47,92.02,91.54,78.72,80.14,0,91.53,2.4,5561.83,86.3,Careful
63.13,2071.06,73.32,2105.86,58.13,696.03,55.05,48.0,67.27,0,64.75,58.2,55.12,70.48,60.04,2,59.96,3.81,6214.3,64.83,Inconsistent
98.93,1973.29,86.26,2088.51,78.01,566.43,100.0,88.04,91.91,1,100.0,90.05,83.24,100.0,88.0,2,100.0,3.39,5979.99,95.22,Careful
52.77,1060.36,70.3,1125.8,54.02,601.94,59.99,63.24,52.03,10,52.85,54.57,65.87,74.26,74.45,7,71.07,4.08,5869.84,65.73,Impulsive
44.53,1436.09,45.32,1282.0,62.53,494.21,53.52,61.28,58.01,10,57.78,48.15,56.3,57.74,73.31,9,52.59,3.96,5764.2,56.73,Impulsive
100.0,1151.87,94.18,1481.79,90.74,227.96,100.0,97.67,100.0,0,100.0,100.0,100.0,100.0,99.15,3,87.68,2.28,4775.78,99.98,Efficient
89.32,1826.69,100.0,1704.79,100.0,461.12,96.5,77.06,92.66,3,88.35,92.63,83.97,98.52,100.0,1,100.0,2.71,5011.7,92.54,Careful
100.0,1814.38,80.47,1653.3,99.88,584.03,93.48,100.0,88.66,2,94.06,93.83,96.81,84.96,98.43,1,76.73,3.05,4822.2,93.58,Careful
95.79,1541.01,77.53,1669.71,92.1,488.79,95.45,86.11,79.14,0,89.47,95.56,87.17,78.46,86.88,0,71.97,2.88,5308.42,80.56,Careful
100.0,2038.04,84.01,1980.65,100.0,426.01,100.0,99.28,96.91,1,97.0,99.27,100.0,100.0,84.69,1,100.0,2.0,4720.48,98.41,Careful
100.0,1059.24,99.05,1187.45,100.0,249.97,87.95,93.18,94.8,2,87.98,86.75,97.87,100.0,95.71,2,100.0,3.02,4234.01,96.85,Efficient
100.0,1758.94,100.0,1943.06,100.0,424.49,100.0,96.03,100.0,2,93.85,87.4,94.91,95.07,96.95,1,100.0,3.05,4437.21,99.86,Careful
90.62,1163.22,93.96,1123.08,100.0,226.58,100.0,100.0,92.99,2,100.0,87.99,86.31,94.38,100.0,1,100.0,2.65,5291.39,94.94,Efficient
96.32,1512.51,98.15,1174.05,82.36,539.48,100.0,97.75,95.06,0,98.33,92.17,90.71,93.51,91.73,1,100.0,2.8,3787.28,93.95,Efficient
92.39,1497.61,83.03,1613.38,95.55,352.09,90.81,100.0,100.0,0,100.0,97.78,100.0,94.03,100.0,1,96.99,2.67,5235.64,95.34,Efficient
93.14,1197.19,87.41,1295.52,83.52,242.86,83.6,96.55,91.08,0,89.45,78.23,89.49,85.86,80.26,2,82.15,2.48,5619.6,86.03,Efficient
35.56,1218.54,44.52,1729.81,35.09,273.51,41.38,38.26,44.63,9,35.11,26.81,28.34,35.14,29.4,5,43.09,4.24,7150.15,31.28,Impulsive
86.12,1183.62,93.11,1369.26,78.83,449.67,84.89,75.33,98.63,2,91.07,92.71,81.5,99.51,100.0,1,90.82,2.92,4762.14,92.22,Efficient
92.14,1664.45,83.41,1864.41,73.62,598.02,83.1,78.63,72.48,0,84.38,86.82,93.4,76.12,85.94,1,95.38,3.18,5204.39,86.79,Careful
94.13,1201.33,86.11,1469.56,90.02,272.21,91.98,95.23,100.0,2,100.0,88.49,100.0,94.39,100.0,2,86.57,2.07,3883.21,96.2,Efficient
88.66,822.9,82.29,1055.84,81.14,152.71,87.66,72.83,85.28,3,98.46,86.89,80.15,79.1,79.88,1,80.87,2.96,4777.55,87.25,Efficient
86.3,2093.0,85.57,1961.59,94.51,577.38,82.04,70.65,99.9,0,99.63,99.53,80.99,89.34,79.81,2,89.42,2.55,3713.38,84.47,Careful
40.12,1505.25,42.8,1492.97,47.57,471.31,26.29,47.83,47.11,7,32.88,22.47,24.75,32.12,51.93,4,35.97,5.15,7609.97,41.09,Inconsistent
84.23,1366.04,84.83,1295.72,93.61,458.59,90.06,96.24,86.93,2,78.97,100.0,83.71,73.9,88.02,0,71.95,2.51,5787.01,83.69,Efficient
87.61,1918.31,91.09,2116.73,100.0,663.77,76.5,89.44,100.0,0,90.36,89.74,100.0,99.0,100.0,0,100.0,2.27,4730.46,96.56,Careful
100.0,1520.84,100.0,1589.88,100.0,573.91,91.67,95.91,99.67,3,100.0,95.61,91.69,100.0,87.65,1,87.76,2.6,4882.99,93.51,Careful
86.42,2262.36,83.94,2137.86,89.52,449.14,86.73,86.78,76.45,0,89.07,82.48,83.8,93.52,79.38,2,97.29,2.72,4934.74,88.95,Careful
98.21,1034.35,95.57,954.98,83.09,403.75,80.48,90.59,95.67,0,95.09,91.88,96.09,93.02,95.75,0,99.39,3.05,5357.16,93.86,Efficient
90.62,2044.58,91.72,2211.93,89.32,348.2,100.0,89.4,96.61,1,97.24,79.58,100.0,98.1,94.35,0,100.0,2.51,4581.16,93.34,Careful
53.54,2098.49,83.3,2120.45,70.07,720.14,66.86,65.18,72.66,9,62.92,65.41,65.6,67.69,65.9,6,77.7,4.19,6109.29,72.23,Inconsistent
66.8,991.06,60.6,1190.22,65.36,444.74,80.47,65.22,59.7,12,55.06,67.01,59.9,67.96,53.03,8,72.2,4.41,6091.31,67.56,Impulsive
68.31,966.3,62.4,1064.78,61.0,319.37,52.05,59.66,57.28,8,50.99,53.41,53.59,45.45,46.77,8,55.57,4.19,6913.54,58.0,Impulsive
80.48,2003.55,88.93,2063.26,88.63,454.39,83.06,82.81,79.52,1,100.0,75.86,92.47,90.15,88.43,1,82.43,2.87,5707.0,88.49,Careful
100.0,1887.17,99.28,1670.88,100.0,507.73,94.68,100.0,99.78,1,90.05,98.34,100.0,100.0,75.35,1,97.7,2.18,4160.2,97.96,Careful
100.0,1721.82,99.5,1460.58,91.84,631.49,85.48,88.45,89.15,0,94.2,84.72,100.0,95.8,95.47,0,84.42,3.03,5151.06,93.24,Careful
94.18,2269.74,80.22,1901.98,96.1,583.7,100.0,100.0,93.47,0,77.0,96.62,99.18,85.87,90.86,0,95.79,3.0,4657.89,92.44,Careful
54.09,1711.15,63.77,1711.15,68.99,690.03,50.28,59.8,65.02,3,58.78,66.02,68.91,63.44,56.32,3,72.12,3.32,6065.38,62.82,Inconsistent
90.68,2038.05,94.62,2102.14,81.39,445.95,91.51,83.59,92.24,2,87.24,91.28,88.65,92.4,79.86,0,72.17,2.47,5412.15,83.05,Careful
82.66,1570.81,100.0,1155.88,96.19,500.33,97.22,85.57,90.15,2,100.0,100.0,90.59,100.0,97.09,1,94.48,2.96,5058.09,93.84,Efficient
62.81,1214.52,39.15,1412.19,61.91,532.55,51.05,36.84,46.46,7,51.23,43.26,51.77,51.59,49.83,8,44.92,4.26,5887.24,49.17,Impulsive
84.92,2000.58,87.59,2102.31,91.04,490.18,86.08,98.5,90.45,0,89.28,90.76,94.54,90.6,74.2,0,98.48,2.24,5505.7,92.55,Careful
83.28,1702.59,69.05,1118.22,80.5,431.34,83.78,90.17,78.07,0,76.44,75.91,80.22,73.75,93.38,3,89.75,2.71,5462.85,83.98,Efficient
41.92,767.91,50.14,1501.2,55.72,464.64,30.21,57.83,51.69,10,46.3,42.78,47.83,39.58,43.28,8,31.43,3.95,6509.56,45.61,Impulsive
60.05,1221.66,50.54,1232.7,60.42,560.33,59.53,49.09,45.55,11,64.68,51.18,49.37,52.13,46.96,11,60.21,4.06,5335.04,52.02,Impulsive
79.34,1910.09,85.38,1760.49,96.29,520.7,76.45,73.26,81.23,1,74.36,68.09,89.68,81.81,82.6,0,63.82,2.54,5071.11,79.61,Careful
89.93,1240.53,74.67,897.92,67.83,442.05,81.15,73.31,91.84,0,78.5,93.17,81.49,86.79,79.7,2,100.0,2.75,5086.85,82.39,Efficient
53.43,2065.72,59.81,1885.28,50.51,735.77,68.19,50.23,44.4,5,52.99,49.94,82.07,51.06,42.52,4,54.78,3.57,6194.81,52.35,Inconsistent
87.8,1965.74,95.77,1787.26,93.88,460.52,95.96,80.73,93.09,0,91.55,79.34,87.15,100.0,85.72,1,85.54,2.6,6461.94,90.4,Careful
91.92,1282.33,94.36,1120.29,96.02,231.36,93.06,88.75,89.94,3,85.39,95.3,91.18,86.63,86.63,1,81.04,2.03,5705.23,88.79,Efficient
41.01,1789.99,33.81,1752.24,34.73,659.84,37.81,54.41,36.74,4,45.3,55.24,49.26,55.42,39.36,6,49.7,4.3,6749.05,41.66,Inconsistent
91.76,2348.0,91.23,2329.02,93.43,524.79,82.62,97.64,87.64,1,78.8,79.53,89.29,75.52,100.0,0,97.73,2.48,6218.12,87.03,Careful
52.46,1401.43,48.12,1080.46,53.04,492.76,53.57,44.49,59.9,8,47.64,57.51,39.17,54.74,57.79,9,51.66,3.92,6434.38,55.68,Impulsive
33.13,1103.16,37.36,1134.95,34.69,467.54,45.31,27.61,34.06,10,34.88,29.19,40.14,33.38,21.46,9,37.83,4.6,7184.66,28.89,Impulsive
93.55,1970.97,87.43,2173.31,92.28,456.23,76.78,67.7,91.07,0,92.25,92.61,84.61,100.0,85.13,0,92.59,3.25,5468.04,90.16,Careful
43.63,1279.99,44.45,1287.79,29.97,438.2,47.32,43.67,37.87,9,40.31,47.55,38.84,58.32,53.32,8,42.45,3.84,7249.96,45.75,Impulsive
92.7,1869.54,88.1,1912.76,96.14,550.22,91.17,100.0,100.0,0,98.89,96.86,93.13,83.74,92.1,0,94.74,3.05,5478.16,93.0,Careful
42.36,1999.2,34.79,1840.04,33.97,689.56,44.48,38.03,35.09,5,52.99,49.76,26.94,30.6,47.14,6,39.83,3.64,7594.12,40.42,Inconsistent
92.77,1349.85,100.0,1048.34,92.38,381.45,89.29,90.46,91.48,1,93.2,82.68,88.75,84.82,98.86,0,73.29,2.98,3672.97,90.35,Efficient
97.81,2144.92,95.01,2282.49,87.87,604.15,99.78,94.86,93.22,0,80.95,87.7,100.0,91.17,86.21,1,90.42,2.7,4775.39,91.73,Careful
52.34,1879.29,47.22,1617.48,57.99,697.26,63.95,48.75,55.37,3,50.55,55.39,64.99,56.53,38.28,1,56.55,3.79,5479.37,52.98,Inconsistent
35.23,1021.58,27.4,1129.06,35.93,630.85,37.56,33.0,34.66,9,36.03,44.22,36.91,22.26,28.12,4,46.05,5.02,7168.06,35.34,Impulsive
48.5,901.81,58.65,1281.69,63.2,366.69,51.17,44.48,52.57,7,55.46,50.15,48.16,57.18,56.65,6,49.55,3.2,6544.22,54.74,Impulsive
42.38,952.52,50.36,736.37,41.78,398.76,46.19,54.46,43.48,10,53.98,54.25,56.11,48.8,73.6,9,57.16,4.74,7104.82,47.72,Impulsive
39.22,1204.17,37.54,990.86,34.35,447.28,35.72,41.66,39.75,11,30.22,39.23,43.85,40.39,35.94,9,21.58,4.5,6813.24,38.45,Impulsive
51.21,1587.33,40.51,1571.22,21.27,601.97,36.61,32.89,40.06,4,29.5,44.37,38.53,37.09,42.1,3,40.21,4.51,6733.65,38.78,Inconsistent
81.2,1299.17,82.18,1042.46,80.7,439.01,64.16,95.62,74.59,0,76.66,73.11,93.6,86.57,79.42,0,78.31,2.88,5146.7,75.12,Efficient
55.75,1368.98,55.12,1620.75,51.38,466.86,50.92,56.95,59.97,4,49.57,56.06,56.52,57.92,41.39,2,46.73,3.56,5786.56,55.31,Inconsistent
32.54,1630.1,39.48,1327.99,49.25,701.15,42.55,37.2,41.39,0,41.56,41.26,42.15,32.41,41.59,4,24.94,3.35,6384.8,39.52,Inconsistent
46.74,833.1,25.99,998.87,35.31,482.87,52.4,35.26,51.09,8,42.69,46.85,47.09,36.42,32.5,6,35.37,5.26,5884.8,37.48,Inconsistent
45.66,1802.05,33.82,1894.66,43.3,608.19,48.32,42.47,38.19,3,52.43,50.03,35.86,33.84,36.57,4,49.1,3.75,7003.01,38.26,Inconsistent
86.51,1099.36,97.17,1438.91,90.07,290.85,87.85,85.36,90.27,3,100.0,91.21,82.56,99.07,87.94,0,94.27,2.43,5954.09,91.68,Efficient
82.66,1601.38,92.87,1630.06,89.2,517.0,79.26,77.63,86.86,0,79.02,93.15,85.69,83.97,82.92,0,91.35,2.22,4939.52,90.84,Careful
94.52,2211.77,93.77,1969.3,87.45,657.01,97.08,72.79,93.34,5,84.76,92.31,95.34,88.82,87.83,2,83.75,2.55,5596.5,94.17,Inconsistent
63.54,1585.75,60.55,1706.55,64.67,589.53,76.43,73.61,79.93,3,66.28,78.23,72.73,66.09,76.72,2,73.04,2.55,5670.11,68.36,Inconsistent
86.6,741.19,78.42,1185.34,92.34,344.96,84.88,83.68,90.43,1,82.46,79.12,93.47,72.69,90.59,0,73.69,2.95,5100.56,86.32,Efficient
93.75,1156.89,97.55,1386.87,77.99,301.37,88.59,100.0,90.65,2,92.06,88.83,100.0,90.61,82.55,1,100.0,2.4,5589.61,86.79,Efficient
61.93,1359.13,49.19,764.67,55.08,395.22,68.28,68.12,58.27,8,74.57,57.3,63.83,63.61,49.49,7,59.14,3.34,6669.24,57.87,Impulsive
56.9,1599.63,54.3,1273.79,33.47,580.18,58.27,51.5,46.3,7,43.72,46.42,44.47,45.54,65.53,7,55.26,3.96,6731.25,49.88,Impulsive
83.24,1617.84,96.26,1789.91,77.08,320.59,81.12,80.57,92.34,0,93.67,100.0,90.1,97.01,92.12,1,97.03,1.8,5985.02,88.53,Careful
40.61,1548.72,26.31,1293.07,53.75,458.23,45.47,42.48,39.5,4,46.15,50.73,41.46,51.37,45.86,3,42.82,3.9,7622.12,44.57,Inconsistent
81.27,1075.82,76.09,1637.37,62.44,543.22,64.69,71.25,75.33,6,68.21,62.27,76.37,61.11,72.47,6,70.43,2.7,5804.38,73.05,Inconsistent
44.03,1215.11,36.79,747.84,36.58,453.87,57.47,43.51,41.21,7,43.19,49.51,36.9,38.27,47.77,7,28.87,4.86,7375.99,44.34,Impulsive
80.49,1873.08,80.27,2285.6,70.83,574.08,66.78,84.56,78.69,5,86.77,77.22,66.34,85.31,74.62,5,80.66,2.63,5556.36,82.12,Inconsistent
82.8,1252.04,66.31,1198.2,84.96,311.82,84.12,78.64,77.34,0,87.48,82.32,67.45,92.61,75.46,0,71.12,2.61,6179.48,82.47,Efficient
29.31,1617.86,38.92,1667.69,29.18,682.22,31.82,32.85,33.22,9,24.89,37.47,33.38,22.17,27.62,7,20.0,4.84,7131.9,31.77,Inconsistent
94.74,1391.68,100.0,1547.16,84.98,295.86,72.67,100.0,100.0,0,82.31,95.59,100.0,87.96,97.39,0,100.0,2.37,5331.73,96.85,Careful
81.89,1469.07,92.12,1456.44,100.0,410.82,88.17,83.16,84.6,3,96.45,81.96,99.37,75.88,90.51,0,94.94,2.36,4963.89,92.68,Efficient
41.07,1247.54,46.45,1256.35,36.72,360.72,61.41,57.35,51.35,10,50.58,60.3,58.94,58.52,52.9,10,46.11,4.95,6085.99,49.68,Impulsive
83.17,1355.7,90.33,998.32,85.6,212.22,81.55,80.82,87.93,0,97.5,80.68,86.91,90.4,86.37,0,70.69,2.31,4506.59,86.47,Efficient
96.21,2049.39,95.48,2139.2,88.1,687.88,95.13,82.23,93.96,2,94.89,86.09,91.68,89.83,89.98,0,100.0,2.18,5816.76,91.47,Careful
78.22,1848.16,69.58,2032.3,63.29,498.85,71.08,79.93,65.68,0,64.25,76.01,69.77,76.72,71.43,0,77.85,3.36,5830.34,69.03,Careful
81.05,2144.26,84.02,1979.21,79.51,506.76,87.65,100.0,85.81,1,78.38,84.5,75.6,100.0,100.0,4,96.99,2.65,4990.67,87.01,Careful
82.94,706.87,74.32,818.97,87.81,266.1,98.74,81.95,90.47,2,81.6,94.55,84.08,89.14,84.33,3,80.24,2.5,4968.95,82.09,Efficient
86.97,1957.44,91.19,1707.35,67.47,611.83,79.81,73.27,83.89,4,73.08,72.42,91.97,81.66,82.5,5,86.87,2.8,4947.62,82.32,Inconsistent
71.99,1501.11,67.79,1551.99,67.37,536.41,77.97,83.05,84.08,4,75.97,70.91,75.59,84.14,89.35,4,86.96,3.21,6009.25,76.09,Inconsistent
99.15,1757.15,97.7,1951.87,90.64,470.86,96.44,91.14,93.42,3,98.52,97.83,80.32,98.65,93.26,0,91.96,2.0,4281.31,95.12,Careful
93.15,1465.57,94.45,1218.72,95.4,316.1,95.94,88.68,100.0,3,93.55,98.15,100.0,100.0,94.09,2,100.0,1.77,4155.66,97.88,Efficient
43.82,2003.74,39.71,1708.15,35.32,786.2,33.3,43.04,40.63,2,37.94,55.8,42.77,53.59,39.16,3,45.63,3.63,6933.79,40.07,Inconsistent
54.99,1262.21,53.92,1621.51,45.89,488.85,59.17,42.8,50.24,6,45.53,56.39,55.6,60.87,51.12,8,23.82,4.28,6015.48,49.34,Impulsive
100.0,1229.05,96.83,1613.47,95.79,440.69,84.19,89.65,100.0,2,97.0,98.7,100.0,88.6,96.21,3,99.8,1.78,4826.86,97.06,Efficient
76.09,1466.55,65.41,1211.04,90.52,635.46,78.91,65.42,73.93,2,69.25,78.42,81.13,75.45,85.69,1,80.18,2.58,5467.36,72.37,Efficient
69.43,1150.6,63.12,1198.73,56.73,480.52,49.55,59.75,67.8,9,81.49,63.77,57.15,53.8,67.69,8,47.4,3.78,5424.67,66.92,Impulsive
78.9,2190.46,88.87,1980.42,83.76,578.13,81.64,77.19,92.72,1,90.03,78.69,73.27,69.04,93.24,0,92.32,2.55,4910.37,85.14,Careful
79.84,1218.06,81.9,1331.95,83.05,213.36,84.83,91.97,84.72,3,71.87,78.59,84.42,92.08,93.47,0,99.06,2.82,7278.8,85.91,Efficient
57.55,1360.06,47.17,1610.83,58.08,464.72,57.05,43.99,57.48,3,57.22,52.45,45.53,44.76,47.33,3,56.52,4.73,5766.39,56.42,Inconsistent
49.17,1487.66,54.93,1445.83,49.14,684.72,54.66,55.35,43.56,4,33.92,60.73,50.44,34.67,42.67,3,55.33,4.03,6925.72,49.37,Inconsistent
45.65,1285.07,44.52,1346.14,42.18,390.44,58.29,52.59,44.48,5,45.81,56.08,40.39,37.34,46.88,5,48.79,4.43,6232.96,41.4,Impulsive
91.2,1434.39,87.82,1565.43,89.71,353.74,100.0,100.0,100.0,1,92.9,100.0,100.0,93.59,96.87,2,92.99,2.9,4155.53,94.68,Efficient
88.28,1903.77,100.0,2169.1,90.44,490.35,88.44,87.1,91.65,4,83.56,89.43,88.33,90.87,91.07,0,91.88,3.01,4880.93,93.93,Careful
46.21,1556.67,55.69,1546.55,45.96,629.3,37.46,55.94,42.9,1,50.18,39.09,44.72,37.58,46.57,0,51.23,4.03,6950.74,46.01,Inconsistent
71.93,1286.12,69.64,1153.05,62.41,250.11,80.41,65.59,71.18,8,61.88,84.21,80.99,71.5,62.52,6,85.58,3.31,6040.85,70.63,Impulsive
65.94,1275.11,59.06,1208.92,71.89,327.33,58.68,69.37,61.82,12,56.22,60.87,79.85,54.78,72.04,7,71.67,2.67,6048.05,61.55,Impulsive
76.61,2034.42,72.58,1793.2,66.63,537.04,73.95,76.52,76.37,2,79.12,81.58,83.68,73.16,65.62,3,89.67,3.0,6343.88,72.8,Careful
85.12,1964.5,77.29,2184.6,84.52,565.03,93.85,83.81,74.14,0,87.04,84.19,85.74,91.82,79.83,2,81.44,2.32,5512.39,84.86,Careful
53.59,1079.8,49.67,1207.76,41.8,408.71,61.28,57.01,62.31,10,43.72,40.7,46.13,56.81,60.49,10,56.19,3.57,6169.63,49.26,Impulsive
83.03,1753.1,75.3,1310.09,98.6,492.63,86.87,78.77,85.12,2,64.06,76.23,85.21,91.68,69.38,3,81.48,2.63,5228.08,83.86,Careful
92.63,1633.82,93.87,1570.49,86.24,357.68,97.44,81.76,90.96,1,82.11,80.24,92.52,89.51,91.08,1,72.65,2.36,4971.03,87.27,Efficient
71.87,1039.53,57.22,848.68,68.78,468.29,58.44,53.9,54.27,7,64.45,70.46,63.94,62.06,50.84,6,59.96,4.01,6965.34,65.1,Impulsive
39.77,842.75,24.73,1070.71,22.41,196.03,23.89,46.3,26.3,9,31.14,43.84,34.38,20.0,25.2,7,23.19,4.45,6391.01,33.0,Impulsive
61.2,1407.07,61.69,1415.46,52.4,556.92,67.71,74.04,60.55,9,56.58,72.35,63.9,50.68,58.85,6,57.15,3.72,6544.66,59.81,Inconsistent
80.7,1437.12,82.78,1513.53,94.73,327.29,88.36,94.44,85.53,0,86.28,90.26,84.85,81.27,74.35,2,80.89,2.72,4496.39,77.22,Efficient
91.27,2142.7,79.29,1991.17,89.53,566.03,90.77,88.83,84.43,0,86.54,97.67,84.82,88.39,83.77,2,97.4,2.57,4400.07,89.43,Careful
100.0,2023.78,100.0,1973.0,100.0,419.57,100.0,100.0,100.0,0,100.0,100.0,100.0,100.0,100.0,0,100.0,2.42,3661.47,100.0,Careful
92.42,2183.9,100.0,1940.39,89.17,479.0,88.05,91.02,100.0,5,80.36,90.17,82.15,84.17,88.15,0,100.0,2.37,4138.05,94.8,Careful
74.85,1136.23,85.36,719.76,76.34,291.97,75.96,73.64,83.57,0,86.67,78.42,85.68,81.05,70.27,0,84.36,2.74,5603.93,77.7,Efficient
70.8,941.76,75.74,1019.64,76.75,432.53,81.29,74.87,81.06,14,59.75,68.94,72.3,68.49,59.97,9,81.78,3.22,4907.23,75.7,Impulsive
95.24,1343.18,86.72,1297.81,77.83,249.71,100.0,93.63,89.72,2,84.33,91.71,69.33,98.16,92.96,2,84.2,2.68,5240.53,90.96,Efficient
82.61,1677.02,69.38,1777.37,73.73,520.33,63.48,85.69,77.83,1,77.49,73.68,68.13,86.15,91.93,3,87.78,3.51,7529.83,78.98,Careful
88.79,951.63,98.29,1225.79,100.0,290.7,96.24,90.16,87.7,1,91.48,81.57,97.85,100.0,87.51,6,86.64,2.01,4249.86,94.56,Efficient
82.27,2164.92,86.66,2230.51,69.96,494.97,85.33,76.51,83.65,1,75.09,86.69,88.5,81.53,76.47,0,88.56,3.31,4118.09,84.51,Careful
46.58,811.75,38.7,1161.86,24.73,339.71,23.27,40.06,34.47,12,30.7,37.52,42.94,26.4,34.43,11,51.61,4.93,7528.11,33.27,Impulsive
51.97,1143.75,54.7,1233.3,53.39,492.13,81.85,77.06,53.55,8,64.25,50.3,62.89,57.18,59.97,6,70.57,3.66,5806.51,58.65,Impulsive
64.28,1761.27,67.03,2105.09,63.91,523.43,61.65,71.53,67.73,0,75.7,68.49,62.95,69.46,48.68,2,83.46,3.4,6321.43,67.46,Inconsistent
84.68,1275.89,84.95,1246.87,89.78,387.66,92.2,95.29,95.62,0,95.43,100.0,82.41,98.49,98.45,1,84.45,2.41,5163.75,82.97,Efficient
93.94,2084.96,100.0,2023.69,99.8,467.6,83.29,85.68,86.68,0,98.05,87.08,76.48,84.67,89.68,0,96.88,2.34,4901.17,91.4,Careful
80.41,1143.31,95.59,1343.51,100.0,231.85,85.64,84.64,90.07,0,88.14,87.6,100.0,100.0,86.74,1,100.0,3.0,5340.7,87.37,Efficient
55.43,1298.97,54.59,1354.23,54.11,395.67,50.5,58.4,63.02,9,35.47,54.03,67.3,58.54,58.7,9,40.98,3.68,5580.34,56.4,Impulsive
92.67,1269.21,96.17,1565.02,100.0,240.98,92.83,84.89,97.95,5,100.0,100.0,99.61,75.14,88.81,1,88.63,2.21,5522.54,95.65,Efficient
98.07,1337.91,78.51,1023.96,82.78,359.33,89.94,100.0,89.67,1,95.25,92.14,100.0,79.24,97.81,0,90.13,2.0,4740.72,90.9,Efficient
57.14,1267.92,66.73,1702.33,49.54,653.52,56.47,64.75,67.26,8,52.07,57.86,58.1,57.34,48.35,5,62.58,3.83,5816.69,57.89,Inconsistent
59.01,1084.88,43.02,1286.17,62.94,408.26,49.64,46.46,51.49,8,59.15,56.83,50.46,59.21,53.62,9,47.35,3.93,7361.17,50.1,Impulsive
55.32,1410.89,50.15,1248.18,59.54,805.68,64.35,42.52,61.13,7,53.86,57.05,49.28,52.84,73.73,5,54.75,4.06,6383.39,56.12,Inconsistent
86.7,1729.36,98.58,1548.5,99.03,414.46,89.61,87.01,91.79,0,91.38,96.75,73.0,85.86,83.63,1,69.07,2.43,4128.37,89.22,Efficient
67.2,1454.02,76.01,1075.36,71.26,185.79,69.86,79.42,74.78,10,77.42,66.78,71.92,67.15,71.72,7,72.24,3.35,5333.76,69.76,Impulsive
84.39,2082.51,86.65,1733.19,86.68,600.61,82.13,81.8,84.21,0,88.97,96.54,68.82,91.56,85.69,0,91.31,2.5,5370.01,83.45,Careful
54.47,2169.2,54.78,2033.03,49.48,704.8,57.2,64.65,51.38,5,57.92,63.39,38.21,72.89,54.36,7,49.64,4.75,6595.62,55.82,Inconsistent
100.0,1738.85,100.0,1339.02,89.81,384.02,89.4,100.0,96.6,0,97.45,100.0,100.0,100.0,82.21,1,99.95,2.98,6047.23,94.27,Careful
60.29,2049.78,64.94,1535.04,69.73,767.34,68.72,52.73,67.27,5,66.48,51.09,59.81,70.21,77.35,4,51.51,3.55,5272.15,65.25,Inconsistent
55.95,2456.81,44.6,2406.03,52.36,763.06,38.54,47.21,44.69,5,53.5,43.99,38.27,50.77,36.75,6,35.11,4.57,7391.86,47.77,Inconsistent
89.04,1509.45,72.98,1627.21,98.77,465.5,95.69,100.0,95.13,2,95.39,100.0,100.0,90.41,100.0,0,91.39,1.67,4816.82,95.62,Efficient
74.5,1780.7,79.82,1948.49,70.83,382.08,59.06,72.66,79.44,2,74.52,68.65,77.9,74.72,69.9,2,72.7,3.25,6159.31,73.76,Careful
97.22,1159.54,94.7,1072.74,91.26,517.52,81.31,100.0,95.26,0,87.77,100.0,94.57,94.73,99.69,2,98.64,2.49,5320.3,97.8,Efficient
43.19,1647.58,43.93,1575.79,33.8,579.83,39.97,34.34,42.12,7,40.57,53.55,35.39,40.14,38.53,6,53.72,3.89,6835.77,38.4,Inconsistent
92.21,1998.56,100.0,2106.16,98.46,618.46,93.69,79.39,82.08,1,94.31,79.28,88.24,92.48,80.94,0,80.83,2.23,4548.99,87.8,Careful
82.33,1756.82,91.6,1920.03,85.49,430.95,83.41,84.26,94.09,0,84.46,78.96,67.8,71.6,79.34,1,82.1,3.33,4826.3,83.75,Careful
87.65,769.7,100.0,857.33,95.85,290.5,87.13,84.93,89.11,2,95.34,70.34,83.41,76.0,82.67,0,73.1,2.39,5668.61,87.23,Efficient
100.0,1051.02,87.37,1236.02,91.28,280.29,86.01,99.32,97.93,1,92.21,100.0,89.08,91.92,100.0,1,100.0,2.58,5043.95,95.49,Efficient
60.5,1640.97,57.7,1420.96,72.86,508.38,62.69,57.11,67.72,5,67.19,64.98,79.2,81.5,74.18,4,70.37,3.79,4971.82,66.25,Inconsistent
35.26,1089.63,55.75,1138.49,50.58,407.97,42.72,47.11,47.82,7,32.68,56.8,47.24,37.74,34.6,8,52.26,4.25,6828.61,50.76,Impulsive
44.55,1603.38,50.92,2057.28,50.86,587.25,44.44,51.7,40.4,3,38.69,44.27,58.26,47.59,44.08,4,60.18,3.84,6261.61,54.04,Inconsistent
100.0,2155.72,98.32,2311.73,100.0,380.57,100.0,100.0,96.31,0,100.0,100.0,100.0,98.02,90.92,0,100.0,2.08,3830.06,95.84,Careful
41.78,1824.47,42.3,1657.1,47.85,798.74,39.97,49.57,45.32,5,52.73,47.97,61.48,48.43,37.72,4,45.55,4.03,6102.26,48.58,Inconsistent
100.0,1520.54,100.0,1591.43,86.06,427.37,100.0,88.29,90.82,4,95.79,95.12,85.2,100.0,100.0,0,100.0,1.97,4835.14,92.57,Efficient
68.85,1283.88,59.78,1115.93,73.84,397.54,57.44,69.62,74.72,7,64.54,62.44,63.4,77.28,67.47,3,83.55,3.39,5712.04,69.79,Impulsive
83.74,2285.18,85.13,2005.62,88.34,610.22,89.1,98.17,89.64,6,80.05,92.16,72.23,83.12,83.89,7,92.14,2.83,4599.21,88.77,Inconsistent
50.57,1914.04,59.94,2189.42,47.18,657.55,56.21,41.56,49.82,11,40.35,41.36,46.17,35.25,48.03,8,42.58,4.85,6952.04,45.79,Inconsistent
99.33,1579.14,83.89,1353.29,89.28,374.41,90.69,98.17,82.1,2,97.68,85.78,100.0,89.86,77.13,1,85.19,2.6,4742.0,93.88,Efficient
100.0,1577.72,93.97,1160.0,97.02,516.54,98.2,83.41,91.77,1,91.26,75.57,98.88,85.11,98.0,0,85.75,3.13,4542.45,92.41,Efficient
62.32,1689.84,49.98,2001.17,54.14,609.61,68.05,47.0,64.88,6,57.75,44.11,56.81,66.24,78.82,7,77.16,3.73,6189.21,56.84,Inconsistent
55.06,1643.7,44.69,1157.37,38.03,607.51,44.21,56.56,60.84,9,61.7,48.28,57.57,38.8,62.29,6,54.69,3.94,6444.33,50.29,Inconsistent
83.07,1550.16,84.87,1611.15,100.0,352.35,83.36,91.4,95.86,3,99.93,97.83,100.0,89.82,97.14,0,100.0,2.41,5158.77,95.7,Efficient
89.97,1908.55,74.78,2037.91,84.93,298.52,87.67,100.0,90.12,0,100.0,94.61,77.8,100.0,99.18,1,75.65,2.36,5924.48,91.32,Careful
75.25,2179.29,73.57,1896.99,71.81,740.75,79.48,70.62,76.22,9,68.23,82.62,78.28,73.18,74.99,7,70.69,3.53,5481.23,71.73,Inconsistent
88.47,1717.75,94.48,1671.03,88.44,529.91,89.19,79.62,90.8,0,85.04,70.57,93.18,95.62,98.41,0,100.0,2.52,6064.06,88.43,Efficient
83.68,1035.76,95.17,1390.64,76.44,280.51,72.72,87.79,74.53,1,97.1,96.9,92.9,84.51,97.91,0,96.71,2.8,5214.66,86.13,Efficient
53.03,2094.29,53.58,1985.41,49.81,696.49,47.68,46.47,49.56,9,62.79,63.4,44.16,60.71,45.35,4,62.0,4.31,5819.36,56.78,Inconsistent
100.0,1119.7,93.99,1162.55,88.59,417.99,92.75,94.87,93.23,1,93.88,82.59,86.43,92.94,92.81,1,89.04,2.23,5359.7,93.28,Efficient
86.86,1135.13,80.76,1178.5,83.99,223.88,86.91,75.58,77.62,4,90.55,78.2,93.85,69.42,91.1,1,83.69,2.49,6708.58,82.19,Efficient
40.85,1775.76,39.59,1809.21,53.37,660.4,51.18,58.1,38.58,6,36.87,52.65,42.03,42.61,57.1,3,44.03,3.79,7298.82,50.85,Inconsistent
56.37,837.08,51.86,993.1,61.38,375.1,48.31,49.06,53.72,8,59.6,55.11,52.06,63.13,59.39,9,50.55,4.46,6224.4,55.41,Impulsive
32.44,1131.76,33.04,893.27,20.0,436.62,37.94,40.75,41.85,10,27.33,21.75,41.7,34.82,37.82,12,25.0,5.0,6001.21,32.74,Impulsive
96.86,1559.38,84.73,1046.1,100.0,378.91,100.0,93.97,93.17,2,100.0,94.29,88.85,79.97,99.76,2,95.39,2.12,5012.47,95.98,Efficient
56.56,1162.06,56.12,1351.09,49.36,434.61,62.21,59.22,52.3,10,68.75,58.51,45.45,64.4,51.46,5,53.15,3.47,6245.78,54.34,Impulsive
38.64,1222.56,49.97,1457.41,37.19,445.65,51.46,44.68,34.66,9,43.18,43.35,31.63,43.04,47.31,6,53.13,5.05,6275.58,47.31,Impulsive
70.13,1668.65,71.85,1327.14,81.67,538.21,64.01,66.89,60.08,5,66.22,55.69,73.58,70.96,65.38,1,66.7,3.59,4937.1,67.83,Inconsistent
62.59,1341.03,48.68,1479.14,53.81,536.55,64.44,61.99,58.73,1,59.12,59.0,54.17,64.83,52.26,0,47.06,3.67,5897.29,58.42,Inconsistent
37.4,1753.92,33.65,1740.85,24.06,592.35,25.75,36.01,35.36,2,32.17,32.08,31.44,33.19,36.77,2,36.71,4.59,7122.64,35.16,Inconsistent
53.8,1480.38,66.59,1244.8,53.47,410.14,64.83,56.91,47.94,8,70.1,70.54,57.96,64.33,65.64,5,66.37,3.25,6778.93,61.88,Impulsive
68.42,1338.68,67.69,1756.89,58.71,701.49,59.79,52.46,57.04,5,60.55,64.88,64.07,49.2,65.89,5,57.28,3.93,7088.94,62.62,Inconsistent
49.39,1237.74,65.78,874.87,43.27,408.91,47.83,69.93,54.86,6,36.54,48.23,54.77,61.67,61.24,8,55.13,4.17,6588.22,57.69,Impulsive
62.32,2070.61,69.75,1875.8,82.37,684.48,53.31,73.08,65.25,8,50.14,62.17,61.49,62.94,71.33,2,80.72,3.93,5335.44,62.92,Inconsistent
53.88,1334.85,44.55,1205.07,50.0,554.61,35.83,36.17,52.88,5,50.27,44.72,61.13,61.04,49.38,4,32.76,3.17,6820.8,42.67,Inconsistent
51.9,2862.69,69.36,2647.04,41.74,803.67,51.46,55.27,57.85,6,51.3,60.7,47.97,55.64,54.6,6,50.47,4.44,6633.61,54.93,Inconsistent
53.59,1054.66,45.49,1119.69,53.16,396.06,51.43,59.88,50.45,7,56.44,75.68,59.65,60.63,60.37,9,62.15,3.46,7007.22,54.4,Impulsive
55.72,1194.75,51.04,1219.84,77.64,528.08,55.99,49.97,46.47,10,65.18,51.94,48.41,57.43,59.94,8,60.44,4.4,6237.62,54.91,Impulsive
100.0,773.73,82.27,964.54,81.88,341.52,92.18,88.34,92.58,1,88.34,97.87,91.71,100.0,100.0,0,100.0,2.07,4591.06,92.05,Efficient
37.79,1226.53,61.53,1205.47,57.78,540.85,42.16,50.53,56.67,9,53.91,51.74,59.31,44.71,50.8,6,50.39,4.39,5801.68,50.93,Impulsive
59.88,1177.81,47.29,1139.83,72.31,173.02,64.63,53.49,68.37,12,79.78,73.24,80.35,53.88,65.7,5,66.9,4.09,5912.01,64.88,Impulsive
77.61,2049.79,85.28,2409.04,89.46,376.68,81.94,94.24,78.27,2,81.88,82.56,91.71,83.81,84.04,0,68.07,2.41,5025.18,87.37,Careful
91.31,1467.42,72.53,1730.47,74.96,695.58,85.33,65.92,88.41,7,85.76,87.96,85.23,79.48,72.26,4,79.51,3.26,5040.31,79.95,Inconsistent
100.0,1992.31,98.38,1673.8,99.67,528.18,97.25,92.15,96.18,2,92.65,100.0,94.57,84.22,82.76,1,80.65,2.57,4958.29,86.83,Careful
78.44,2049.17,76.78,1996.42,87.0,687.78,93.65,81.2,73.37,2,82.72,77.62,75.62,70.65,73.83,1,75.95,2.77,5096.81,77.11,Careful
54.31,1531.2,78.64,1742.31,68.75,685.23,52.37,75.2,68.64,4,55.31,64.7,55.0,68.65,64.39,3,56.64,3.76,5779.27,58.98,Inconsistent
47.66,1203.79,39.2,1087.66,22.46,208.6,36.5,57.51,41.79,7,37.88,34.33,46.32,42.18,41.49,6,49.45,4.45,8003.6,46.19,Impulsive
54.06,1159.84,61.68,1009.47,43.16,410.38,53.71,69.4,39.59,11,46.34,42.32,52.92,62.11,54.91,11,48.66,4.37,6601.65,56.87,Impulsive
45.26,1436.48,45.87,1133.59,44.0,487.06,55.25,43.1,35.65,6,49.6,46.9,44.44,56.42,27.26,5,63.32,3.63,5677.07,51.09,Inconsistent
61.68,2681.52,68.7,2371.01,62.79,711.13,66.46,55.35,68.26,8,51.4,49.89,63.55,62.84,66.7,7,58.68,3.81,6159.27,63.87,Inconsistent
100.0,1099.79,100.0,1288.39,96.61,526.07,100.0,100.0,100.0,2,100.0,100.0,100.0,100.0,100.0,1,100.0,2.27,4615.62,99.23,Efficient
76.27,2001.8,84.88,1852.39,79.09,315.44,61.8,65.55,79.33,0,82.56,61.11,78.17,70.7,69.96,0,72.94,2.47,5567.4,73.89,Careful
38.86,1137.95,34.82,963.24,24.66,504.15,38.46,36.71,37.66,11,35.01,29.63,26.16,32.27,44.67,9,39.9,4.28,5331.31,33.45,Impulsive
96.17,1215.39,100.0,1206.93,94.59,289.24,100.0,92.55,100.0,0,100.0,97.04,100.0,83.37,99.57,1,89.73,2.38,4712.22,98.09,Efficient
59.01,1704.92,57.48,1646.14,58.83,742.1,52.85,67.81,55.75,5,57.84,60.53,61.6,61.27,58.02,8,73.92,2.89,5921.71,55.88,Inconsistent
50.85,2131.67,48.98,1823.53,39.67,665.34,48.2,39.28,52.29,2,55.04,48.24,50.6,62.44,47.17,2,39.93,3.71,7275.03,51.55,Inconsistent
55.38,1789.12,48.3,1988.38,47.88,612.68,59.49,70.74,59.07,2,57.16,60.39,68.56,59.86,54.82,1,68.06,4.21,7364.03,57.65,Inconsistent
54.03,2197.69,43.68,2114.35,46.91,705.11,28.39,35.27,40.8,5,35.27,36.39,37.89,30.15,28.88,7,34.29,4.64,7544.49,36.91,Inconsistent
97.11,1016.17,89.21,901.27,100.0,246.63,100.0,100.0,100.0,1,94.0,99.5,100.0,100.0,100.0,4,95.72,3.04,5400.34,100.0,Efficient
88.46,1989.05,82.98,2015.54,93.0,528.95,96.38,82.16,90.3,0,79.11,74.05,76.89,77.54,80.95,0,100.0,2.98,6354.59,89.11,Careful
58.05,1768.83,56.65,1671.38,62.75,590.23,56.52,55.85,64.79,5,68.65,67.24,57.22,41.45,57.39,4,51.75,4.19,5622.68,58.43,Inconsistent
54.39,908.21,45.66,1222.16,54.94,400.71,55.93,59.41,46.52,11,57.59,34.5,59.85,49.28,49.45,9,31.14,4.62,6553.63,47.42,Impulsive
42.14,1372.38,40.59,1228.36,63.26,529.26,57.23,49.3,61.61,11,40.45,58.82,50.82,56.22,32.27,6,49.02,4.47,5888.87,50.18,Impulsive
95.46,1857.36,78.03,1639.94,100.0,475.94,87.83,85.93,88.36,0,100.0,98.51,86.65,89.51,94.97,2,99.86,2.48,4517.81,93.87,Careful
42.64,2276.6,54.55,2127.33,37.93,791.04,47.23,45.27,35.39,3,34.18,44.82,60.58,49.36,30.92,4,20.0,4.35,6591.79,40.18,Inconsistent
64.35,2085.41,69.52,1875.14,53.92,626.4,78.6,62.63,72.75,4,65.46,71.34,71.81,62.82,75.18,4,59.61,2.99,6086.43,67.01,Inconsistent
57.0,1419.23,46.94,1574.83,60.73,512.42,53.72,59.46,51.18,7,53.6,56.29,56.95,58.93,50.35,6,42.89,4.14,7064.52,50.76,Inconsistent
51.56,873.92,43.87,1322.84,46.59,414.31,54.35,58.13,41.56,9,56.1,40.44,48.26,48.85,42.7,7,45.0,4.55,6765.98,44.83,Impulsive
77.25,1502.91,83.81,1951.58,72.94,413.75,78.31,72.99,94.05,0,71.34,81.84,100.0,86.15,77.19,0,78.86,2.81,5818.89,84.03,Careful
98.58,1392.47,92.92,1543.37,97.44,474.15,93.06,100.0,91.17,3,94.8,93.76,88.52,94.07,100.0,0,88.4,2.86,3743.59,98.18,Efficient
20.0,1465.41,24.0,1457.58,20.5,620.96,20.0,20.0,21.16,0,30.82,20.0,20.0,20.0,20.93,2,20.0,4.76,7936.48,18.92,Inconsistent
89.8,2037.09,96.09,1746.75,82.99,542.07,82.86,97.91,97.19,2,86.95,91.35,100.0,100.0,90.98,0,94.4,1.86,5674.24,88.07,Careful
67.85,1301.78,58.57,945.44,63.38,645.03,69.65,69.98,57.12,11,72.26,65.53,75.98,77.54,78.69,9,53.02,3.42,6040.0,65.2,Impulsive
85.75,1343.45,82.02,1373.64,100.0,438.49,84.08,86.02,85.4,0,85.33,88.17,94.91,90.78,96.16,4,96.94,2.5,5109.97,86.44,Efficient
84.34,1071.02,74.12,1042.95,86.17,498.48,95.74,93.45,97.24,1,94.04,87.84,86.87,94.58,78.83,0,62.48,2.34,4641.77,85.35,Efficient
76.71,2168.09,71.86,2117.1,78.61,650.19,78.72,66.8,72.66,0,70.42,82.31,73.44,84.86,85.3,0,73.63,3.33,6401.81,73.81,Careful
46.89,2241.23,39.58,2116.45,49.51,522.01,35.13,40.51,37.51,7,46.43,58.65,47.1,43.34,42.57,4,38.93,3.82,7077.31,42.13,Inconsistent
30.03,1327.25,26.13,1785.7,32.04,527.28,45.17,39.15,27.62,6,37.94,46.52,44.48,45.68,41.44,8,23.5,4.96,7064.39,36.51,Inconsistent
62.4,2135.51,72.77,1968.86,59.8,639.92,63.9,75.82,71.1,1,68.42,67.93,68.89,61.84,56.04,3,73.29,3.4,6384.44,69.22,Inconsistent
36.41,1373.56,43.58,1238.94,48.18,462.2,47.01,45.15,43.66,10,43.21,43.35,53.44,47.79,73.13,8,44.8,3.42,6013.31,46.5,Impulsive
93.67,1614.18,92.34,1720.15,98.42,404.66,94.23,100.0,95.87,0,100.0,93.22,97.59,87.89,85.54,1,100.0,3.16,5541.11,90.52,Efficient
28.71,1163.76,40.2,1660.64,37.42,694.9,31.73,23.77,22.79,4,23.41,31.05,31.21,25.74,37.97,4,34.41,4.26,7431.87,30.62,Inconsistent
61.1,2437.27,53.27,2744.63,56.42,891.64,64.61,45.77,61.8,9,71.52,55.59,51.22,61.23,59.63,8,56.98,3.81,5156.36,59.14,Inconsistent
100.0,974.07,85.33,1365.29,97.7,420.98,90.61,94.93,86.96,3,93.29,95.95,85.64,100.0,81.04,1,98.23,2.42,5369.2,94.95,Efficient
62.93,2082.76,78.65,1580.3,65.95,711.28,69.93,65.1,61.66,2,61.34,73.89,71.22,53.33,55.25,1,54.5,3.02,6812.8,64.46,Inconsistent
41.3,1138.37,38.29,1105.7,46.4,456.27,50.53,57.92,39.79,11,43.67,55.62,62.0,38.27,40.3,6,49.65,4.87,6360.47,46.38,Impulsive
88.38,1371.68,100.0,1596.09,100.0,357.3,94.25,93.28,100.0,0,94.54,77.2,95.24,99.79,100.0,3,88.1,2.36,5590.21,91.31,Efficient
66.67,1248.3,78.93,1009.96,48.57,526.29,63.15,51.94,66.74,8,53.12,55.23,55.92,60.02,63.22,8,64.98,3.48,5106.64,61.56,Impulsive
97.51,1927.78,90.76,2281.13,95.88,598.5,99.72,90.72,94.59,0,100.0,89.75,84.5,90.25,88.24,0,89.91,2.32,4460.49,95.53,Careful
45.31,1203.35,51.88,1221.23,52.72,663.74,49.36,64.68,59.16,10,44.27,62.62,63.84,48.75,50.11,7,49.29,3.74,5952.98,52.41,Impulsive
87.62,1092.14,81.03,494.51,85.12,435.44,86.87,89.94,93.85,0,96.16,88.55,100.0,88.85,76.25,0,88.72,2.09,5610.86,90.52,Efficient
86.9,815.31,85.6,1090.77,73.62,275.22,70.09,82.59,73.57,3,90.12,64.68,82.86,80.88,76.67,0,69.99,3.17,4938.77,79.81,Efficient
37.79,830.11,31.78,995.18,30.9,350.1,47.18,50.89,32.52,7,20.0,37.9,30.81,32.39,36.14,9,41.74,4.41,6289.17,33.32,Impulsive
60.41,1064.83,60.15,1245.01,64.2,499.96,52.34,61.08,59.3,10,52.57,54.02,63.78,72.18,63.26,7,54.25,4.38,5776.3,57.39,Impulsive
74.7,1484.38,78.3,1322.48,67.66,263.11,88.43,85.08,76.41,3,94.71,87.19,82.62,79.67,78.36,1,76.36,2.44,6654.05,76.92,Efficient
50.31,1115.64,58.58,1261.73,57.19,382.95,66.23,55.67,71.8,12,55.49,51.16,69.99,64.92,63.22,8,57.96,3.74,5846.43,57.15,Impulsive
78.22,1193.44,79.17,1356.4,83.86,212.97,93.99,76.17,75.88,3,69.39,81.25,69.18,76.71,73.15,1,90.09,2.81,6873.94,81.11,Efficient
67.34,1296.25,78.6,1349.99,45.63,755.38,71.51,78.65,69.66,4,63.35,71.17,63.3,68.33,64.66,2,65.0,4.82,5647.61,66.18,Inconsistent
81.08,1929.43,98.39,1811.0,93.62,453.35,89.54,90.1,95.82,3,86.86,96.38,100.0,100.0,100.0,1,94.84,2.63,4423.13,96.95,Careful
70.39,1988.05,60.61,2364.83,80.32,720.6,66.22,73.49,71.6,2,80.86,64.38,68.73,56.67,68.71,2,78.15,2.59,5421.11,67.21,Inconsistent
54.5,1797.37,56.12,2156.39,55.99,606.32,61.81,53.81,65.03,5,56.12,70.83,58.49,62.51,66.23,6,69.29,4.04,6416.2,58.04,Inconsistent
72.5,699.07,87.04,960.78,79.74,480.84,87.55,73.07,79.02,1,89.04,97.39,76.7,73.97,90.15,1,70.62,2.93,5220.5,76.43,Efficient
54.57,1546.03,55.87,1726.27,64.18,673.72,46.38,41.44,62.7,8,54.98,60.81,61.19,62.57,51.31,6,48.49,3.97,6996.69,55.91,Inconsistent
73.39,939.96,81.42,786.41,85.51,371.18,79.41,90.04,95.3,1,73.86,73.26,74.41,94.28,89.77,1,80.21,3.12,5449.99,82.43,Efficient
97.34,1246.69,67.98,1068.21,86.62,327.59,89.93,90.88,86.28,3,74.46,91.14,100.0,76.24,95.42,2,85.56,3.33,5960.33,87.44,Efficient
98.69,1537.22,84.96,1313.78,97.31,341.98,87.28,91.07,97.12,3,100.0,86.97,86.35,100.0,89.7,0,63.5,2.94,4254.72,89.22,Efficient
69.09,1001.79,55.16,875.07,49.56,400.48,67.81,56.27,63.93,13,65.28,66.3,71.82,70.98,65.88,8,60.34,3.9,5411.83,65.71,Impulsive
87.17,836.03,80.52,1277.01,87.51,163.54,77.67,73.42,82.44,1,83.99,77.52,90.27,87.33,84.28,1,69.77,2.67,5582.19,83.37,Efficient
56.27,2608.56,63.13,2331.47,67.79,821.34,55.55,69.57,71.94,9,68.26,53.13,57.37,64.67,63.67,7,63.6,3.77,5631.1,61.91,Inconsistent
80.67,2207.56,69.34,2265.85,68.64,798.52,62.04,81.41,63.7,4,85.74,69.39,63.17,55.78,67.88,3,68.91,3.64,5293.39,71.73,Inconsistent
38.78,1553.76,39.17,1640.73,34.23,560.82,39.62,34.35,39.9,7,36.83,26.15,23.0,20.29,34.11,10,44.87,4.09,6200.27,32.82,Inconsistent
74.32,1703.17,76.66,1774.45,70.79,375.01,79.03,67.29,73.17,0,57.27,84.36,73.57,80.34,78.8,0,79.93,2.73,6716.23,75.34,Careful
53.37,1254.48,41.49,1176.5,50.65,406.67,47.22,54.35,53.81,6,30.48,56.87,50.63,44.36,44.58,8,48.89,4.1,8011.43,49.01,Impulsive
86.27,1118.56,89.34,1305.8,89.72,360.33,97.09,92.18,87.85,2,99.32,100.0,93.79,96.28,86.87,2,89.91,1.75,5889.89,86.36,Efficient
84.35,2091.89,92.37,1728.26,84.86,466.2,78.95,82.85,71.53,0,82.72,80.63,76.36,77.82,80.55,1,92.76,2.77,5508.12,83.6,Careful
86.87,1824.8,92.14,2181.19,70.92,372.58,82.37,89.59,93.98,2,88.89,98.96,94.23,83.38,86.17,2,90.97,2.57,4972.45,87.68,Careful
100.0,1462.03,89.9,1439.28,88.33,302.8,82.6,85.49,88.45,3,90.75,93.98,88.0,93.98,99.13,1,99.2,3.06,5285.11,94.91,Efficient
60.53,1091.27,53.66,1237.39,49.94,332.3,62.44,44.55,67.96,11,41.74,49.98,66.22,57.93,59.68,10,52.03,3.94,6498.92,57.23,Impulsive
97.35,1205.77,89.09,1282.3,93.78,521.03,83.73,87.42,98.33,0,92.12,100.0,96.34,83.86,92.74,1,100.0,3.09,4721.73,95.93,Efficient
53.29,1173.5,47.09,1188.06,57.53,603.29,52.99,36.03,47.48,3,39.2,56.49,47.07,41.11,30.13,1,56.87,3.98,6207.82,47.3,Inconsistent
61.36,1369.77,55.4,1100.2,55.37,424.91,72.1,48.64,62.82,8,73.76,65.39,49.26,49.66,53.9,8,61.33,4.63,5445.51,56.75,Impulsive
90.18,1973.62,100.0,2160.95,94.19,550.35,100.0,100.0,90.3,0,100.0,96.71,100.0,87.96,95.79,2,100.0,2.5,3895.86,95.93,Careful
96.45,1882.02,95.5,1677.81,93.53,633.46,98.68,95.89,97.87,2,91.66,100.0,100.0,98.15,97.76,4,100.0,2.85,4500.11,100.0,Careful
77.07,1805.58,77.94,1475.48,65.6,542.4,81.33,79.71,75.87,0,79.72,76.44,77.48,81.42,76.27,2,71.08,3.49,5689.81,78.46,Careful
94.09,1863.83,70.99,1620.53,100.0,311.58,100.0,100.0,86.48,2,99.8,100.0,86.89,100.0,95.8,1,76.82,3.11,5162.9,93.72,Careful
64.78,2070.29,74.22,2144.06,58.9,628.32,69.03,62.27,66.85,12,73.17,61.1,76.5,67.34,80.11,9,57.03,3.23,5170.57,65.28,Inconsistent
93.9,1317.4,100.0,1064.11,73.41,326.47,95.49,79.45,91.6,0,92.37,97.71,93.42,100.0,100.0,3,89.96,2.39,3611.47,93.51,Efficient
100.0,899.76,95.78,1140.93,100.0,405.96,97.52,100.0,94.84,1,100.0,97.81,100.0,100.0,82.46,0,97.91,2.42,3998.81,97.94,Efficient
87.2,1267.57,99.57,1228.47,78.12,552.16,98.6,86.92,93.55,0,96.43,93.83,100.0,89.36,81.75,0,100.0,2.0,4950.31,87.88,Efficient
83.72,1125.99,91.73,1324.06,100.0,390.19,83.99,88.9,92.07,1,84.11,100.0,85.21,77.88,84.79,1,94.87,2.85,5616.24,87.74,Efficient
38.97,1042.2,34.61,1302.79,33.72,402.98,40.78,58.04,45.22,11,31.17,47.49,35.76,41.79,37.12,8,60.03,4.9,7280.36,39.73,Impulsive
95.25,1394.67,100.0,1682.38,84.99,345.17,100.0,86.97,100.0,3,72.17,82.62,97.56,97.7,95.12,0,100.0,2.18,4373.44,92.88,Efficient
53.54,1130.81,57.73,1021.94,54.6,657.17,51.13,56.62,58.37,8,48.96,52.93,62.7,44.59,67.85,7,41.36,3.86,6412.12,53.46,Impulsive
78.36,1122.66,88.25,1209.48,83.59,345.79,97.76,71.89,78.37,1,68.5,84.14,100.0,82.63,83.8,2,87.94,3.18,6043.49,86.29,Efficient
100.0,1421.77,89.73,1323.05,85.64,95.73,100.0,99.88,98.69,6,100.0,89.7,78.03,83.72,93.97,1,99.27,2.88,5135.85,93.61,Efficient
84.23,1459.76,99.18,1502.79,97.57,364.68,92.21,83.79,73.47,0,84.62,71.33,67.16,91.19,95.39,3,68.46,2.21,4184.29,81.21,Efficient
65.26,1906.3,53.82,2249.77,56.51,655.4,62.42,56.54,54.56,6,56.11,63.5,51.05,55.34,56.43,5,64.13,3.23,5594.37,56.66,Inconsistent
71.26,1647.16,84.18,1696.38,49.78,670.63,69.02,72.6,68.29,5,71.38,78.47,64.75,86.55,57.0,6,74.46,4.12,5550.26,69.09,Inconsistent
55.25,946.13,58.93,880.24,63.83,411.16,59.93,43.22,60.01,6,54.93,63.39,50.57,44.05,52.7,7,60.73,4.75,6519.56,58.69,Impulsive
37.23,1042.27,51.79,1184.93,35.06,338.65,41.79,35.42,32.91,11,28.44,30.63,42.78,48.56,42.75,8,34.93,4.13,7946.52,35.5,Impulsive
55.26,2443.12,56.2,2299.22,54.95,789.1,45.24,64.44,48.9,8,33.62,60.06,59.8,43.71,53.23,6,62.99,3.44,6182.7,55.68,Inconsistent
100.0,1920.76,100.0,1783.01,95.45,485.96,94.45,99.58,100.0,0,97.58,100.0,100.0,100.0,100.0,4,100.0,2.0,4935.16,95.24,Careful
91.08,1309.1,90.36,1337.38,80.87,515.07,66.81,88.95,78.38,0,83.62,87.66,78.07,91.51,78.24,0,86.13,2.73,7368.95,87.28,Efficient
92.67,1983.49,98.44,1808.08,100.0,571.23,83.12,100.0,88.46,3,93.34,89.76,97.65,95.06,99.73,1,100.0,2.76,4008.73,95.83,Careful
48.1,1421.43,63.99,1400.15,60.7,420.93,52.6,64.54,58.02,8,66.37,49.94,50.69,60.55,56.69,6,43.19,4.1,7139.38,63.03,Impulsive
36.84,1671.74,39.34,1409.33,28.55,659.37,31.91,51.69,36.64,11,30.74,33.82,46.02,21.63,39.47,8,59.6,4.84,8048.31,34.37,Inconsistent
94.9,1515.68,88.56,1336.72,85.51,347.88,94.87,97.64,80.59,3,84.53,71.8,81.01,100.0,80.1,2,92.78,3.48,3615.26,88.88,Efficient
91.14,1929.34,95.8,1579.64,94.84,384.75,86.97,92.76,93.5,0,97.03,100.0,85.66,81.41,100.0,0,79.16,2.14,4194.24,93.43,Careful
69.82,617.05,82.04,1057.08,88.21,208.62,79.56,90.84,88.24,4,76.32,94.21,81.81,81.84,82.24,3,82.07,3.2,5413.92,80.05,Efficient
64.55,1332.22,52.35,1374.76,60.62,529.71,66.78,66.72,71.88,8,79.65,77.04,72.25,63.75,59.95,8,65.1,4.14,6368.64,66.03,Impulsive
97.9,1147.32,82.93,1185.37,100.0,269.32,80.64,85.65,100.0,0,93.44,85.22,92.59,96.13,93.18,1,100.0,2.16,5362.9,94.89,Efficient
94.38,1448.48,84.16,1327.85,89.02,458.29,76.26,78.48,76.79,5,96.04,85.59,89.98,92.4,94.68,0,100.0,2.32,3737.52,83.16,Efficient
95.07,1665.3,96.57,1997.03,95.35,602.96,93.15,85.93,97.12,0,98.36,96.2,95.48,100.0,89.59,2,100.0,2.58,4442.43,94.6,Careful
55.73,1187.88,45.72,1178.69,51.11,654.6,52.33,61.56,55.22,8,51.89,72.39,48.47,57.92,60.95,5,57.24,3.27,6353.08,59.39,Inconsistent
94.46,1034.1,84.6,1167.71,66.73,265.04,87.7,88.47,89.14,3,86.5,81.07,86.01,100.0,87.63,0,93.84,2.8,5480.72,87.89,Efficient
78.34,1204.3,87.71,1208.77,85.08,391.54,74.95,82.62,73.71,2,66.39,82.92,83.39,69.4,77.74,0,68.21,3.72,5969.31,79.74,Efficient
55.03,1139.76,59.57,1102.79,48.03,561.86,50.69,57.13,35.68,7,49.57,48.58,53.38,43.97,59.15,10,43.74,4.76,6115.2,52.51,Impulsive
69.42,1898.21,84.6,2375.38,73.35,476.56,59.09,83.97,70.15,2,90.07,85.0,74.0,79.5,95.21,0,84.82,2.37,5636.1,78.73,Careful
58.86,1620.25,50.48,1442.69,67.94,456.94,66.89,52.01,48.97,8,69.58,57.42,54.96,45.68,48.03,5,42.44,4.01,6572.63,49.43,Impulsive
84.09,987.12,100.0,1116.29,78.56,208.37,86.44,90.88,78.86,2,71.88,79.82,90.71,81.9,82.78,1,92.83,3.07,4724.96,84.15,Efficient
32.18,1199.86,36.71,1165.43,20.0,480.03,59.14,53.72,51.44,4,50.62,33.63,38.01,40.69,41.36,3,28.5,4.3,6381.79,37.53,Inconsistent
82.5,1469.38,89.6,1923.58,95.84,585.05,82.05,95.7,82.84,1,93.07,83.44,77.91,97.23,77.15,0,75.96,2.8,5380.51,83.63,Careful
73.4,2053.7,75.31,2133.91,65.43,419.33,63.71,73.44,69.17,2,77.69,73.49,80.71,66.71,78.98,2,88.75,2.97,6430.22,74.33,Careful
98.26,1050.38,79.61,989.46,93.99,297.17,91.34,99.83,89.78,4,88.38,98.73,100.0,94.74,100.0,0,91.63,1.65,4819.28,92.66,Efficient
27.98,959.71,42.14,1113.34,22.32,510.19,37.86,32.21,34.47,8,30.24,28.01,31.73,40.21,33.29,6,39.42,4.88,6607.92,34.43,Impulsive
89.0,1500.14,99.79,1864.45,97.41,637.45,82.44,90.95,87.48,4,88.01,99.77,95.6,84.85,92.39,2,83.79,2.68,5764.34,91.2,Efficient
81.82,1496.1,80.09,1252.42,94.83,699.81,86.57,87.69,91.25,5,98.2,96.82,89.52,82.98,88.63,5,84.85,2.29,4757.89,89.39,Inconsistent
46.05,938.01,70.82,893.58,56.14,492.48,68.12,70.68,62.36,10,65.18,64.54,55.77,48.36,63.93,7,43.78,3.73,7304.21,56.99,Impulsive
75.38,1650.31,65.35,1472.46,84.0,322.63,77.73,77.94,72.85,0,75.38,84.2,86.35,84.67,65.49,3,76.23,2.44,5702.54,76.05,Careful
51.87,1265.2,63.64,1074.07,49.86,371.49,56.42,60.17,55.46,11,60.51,60.38,53.29,64.39,53.73,7,80.44,3.3,6581.23,57.73,Impulsive
82.53,1303.32,77.85,1430.69,84.82,336.2,87.64,78.64,85.84,0,88.73,74.88,81.36,100.0,81.76,1,93.81,2.86,5651.39,85.32,Efficient
65.92,1534.31,76.39,1458.8,70.02,352.74,64.49,67.77,72.28,9,71.73,69.23,73.97,93.66,60.28,4,84.32,3.65,6503.48,69.34,Inconsistent
49.86,985.53,52.33,1136.6,54.17,453.42,57.45,57.61,56.11,7,63.17,51.65,67.86,65.26,64.67,6,51.8,3.55,5419.37,64.21,Impulsive
84.99,2151.96,79.6,2100.84,100.0,532.01,81.33,81.94,77.35,0,75.02,77.2,88.28,86.03,91.79,0,75.01,3.01,6155.67,81.85,Careful
100.0,1453.68,86.98,1868.32,91.78,297.23,86.75,99.33,100.0,0,100.0,83.81,88.6,100.0,100.0,0,81.84,2.59,3606.26,93.17,Careful
84.32,1660.29,89.28,2010.4,79.1,461.15,60.85,67.75,84.7,4,83.28,87.27,100.0,83.46,80.95,0,84.82,2.84,5176.91,80.01,Careful
41.61,2282.51,38.34,1753.71,51.51,790.38,46.1,33.43,39.65,5,60.81,36.27,50.16,38.13,35.54,2,38.69,4.32,7394.41,40.53,Inconsistent
54.6,1848.21,62.69,1876.07,54.86,516.88,47.5,64.75,64.16,1,52.1,57.24,58.32,61.1,73.31,3,54.62,3.82,6381.95,58.81,Inconsistent
78.65,1669.21,89.73,1922.04,85.23,638.31,73.41,73.6,71.82,1,71.62,72.28,65.82,74.01,80.31,2,73.84,2.84,5412.44,73.85,Careful
47.72,1199.24,44.92,940.99,36.1,516.35,31.69,42.74,40.35,9,35.86,20.0,29.91,44.36,27.24,7,42.79,4.04,7849.31,35.17,Impulsive
50.35,1303.6,55.08,1232.63,42.57,397.85,50.62,41.17,54.36,11,44.85,58.52,37.81,47.08,61.55,6,65.93,4.08,5926.8,49.48,Impulsive
44.81,1438.12,45.03,1256.65,43.23,457.08,41.35,40.97,35.67,11,27.41,59.5,41.84,38.03,35.13,8,50.98,4.79,8107.78,40.57,Impulsive
93.3,1218.53,81.72,1373.74,78.44,418.24,89.39,81.46,97.27,0,88.32,89.63,89.65,92.56,93.67,0,88.25,2.12,4091.36,87.7,Efficient
87.77,2206.89,100.0,1926.25,95.7,611.07,89.69,91.02,94.32,2,100.0,87.06,91.27,93.82,100.0,1,100.0,2.74,4669.62,99.04,Careful
34.37,1477.72,45.86,1101.23,44.11,388.33,40.33,54.67,52.46,11,48.53,41.24,41.31,46.73,42.72,11,46.32,4.7,6617.94,45.82,Impulsive
67.49,1277.88,78.36,1156.36,70.6,630.78,66.44,77.97,77.98,3,72.09,65.71,74.4,70.37,70.31,1,67.63,2.76,6359.88,73.02,Inconsistent
43.3,1565.45,43.34,1700.16,42.25,689.15,39.99,37.62,46.1,6,26.52,33.56,42.18,51.12,36.13,2,36.55,3.79,7229.65,36.48,Inconsistent
88.64,1845.12,100.0,2065.04,95.52,610.68,100.0,92.24,87.87,2,85.36,75.48,88.02,99.41,95.04,2,90.44,2.29,5641.07,83.87,Careful
49.83,2123.09,45.83,1670.43,46.15,588.31,51.56,33.67,50.3,6,46.89,40.19,46.86,46.72,24.82,4,58.18,4.06,7114.88,46.61,Inconsistent
84.72,1736.56,83.37,1747.54,100.0,522.79,90.52,84.41,87.9,2,99.66,100.0,82.3,88.49,89.55,0,79.95,2.52,5710.96,87.63,Careful
61.85,1336.73,67.76,1344.39,49.3,426.13,56.94,62.28,60.1,8,48.54,64.49,59.3,59.94,57.14,8,30.28,4.31,5810.06,56.65,Impulsive
53.65,1891.42,50.34,2013.59,57.32,602.45,58.71,58.13,53.65,1,46.74,60.88,55.65,62.66,61.87,0,42.75,3.87,6811.84,55.29,Inconsistent
93.39,780.73,91.48,953.94,92.15,189.69,84.38,100.0,86.28,1,93.21,100.0,94.57,86.98,84.02,0,92.74,2.45,5854.68,90.12,Efficient
88.1,1561.77,100.0,1329.74,94.52,428.81,100.0,90.99,88.98,2,93.42,100.0,91.12,88.32,96.53,0,99.78,2.02,4300.39,90.54,Efficient
84.75,2448.39,79.72,2146.11,79.87,731.6,86.21,86.57,86.62,7,88.04,85.1,93.67,77.56,82.7,5,77.33,4.07,5833.75,82.86,Inconsistent
97.39,1226.55,86.94,1320.06,100.0,287.37,94.92,92.32,90.43,2,99.78,99.24,87.5,86.3,100.0,1,100.0,2.87,4102.11,92.01,Efficient
91.44,984.45,88.19,1141.34,92.25,386.1,85.71,88.38,77.21,4,90.32,74.53,90.31,81.03,87.51,0,75.97,2.23,4797.47,82.74,Efficient
76.77,1417.25,89.56,1750.44,91.75,378.62,100.0,77.04,92.08,0,95.43,91.86,79.65,79.18,88.48,0,88.51,2.84,5488.32,88.27,Efficient
58.66,1542.26,60.69,1221.0,60.46,563.98,68.13,51.27,67.32,9,58.58,63.47,61.77,68.36,63.4,7,76.53,4.08,5335.6,59.81,Impulsive
62.73,2234.56,54.56,1509.45,57.84,723.61,51.94,72.52,58.1,9,62.46,48.79,51.33,59.18,58.69,6,63.39,3.52,6648.16,58.56,Inconsistent
38.97,1252.75,66.17,849.61,56.92,506.0,40.01,67.55,43.42,3,46.48,38.62,47.82,48.57,55.63,5,70.94,3.89,6368.4,49.03,Inconsistent
81.08,1608.8,83.73,1627.33,88.67,609.52,87.2,82.52,77.79,3,93.12,82.41,86.47,79.09,78.89,2,88.98,2.34,5539.77,83.64,Careful
63.01,1206.12,60.31,1385.49,65.19,475.52,45.11,63.05,51.02,9,57.54,53.31,46.91,55.41,53.53,6,33.74,4.21,6508.13,54.25,Impulsive
71.73,1043.06,62.41,1604.05,66.27,571.92,60.27,62.54,67.17,6,64.69,62.54,58.22,84.3,64.61,5,71.58,3.75,3899.89,64.9,Inconsistent
76.91,1951.29,76.06,2283.31,75.47,488.16,75.47,81.29,85.33,0,97.09,72.35,84.2,83.32,76.35,1,69.75,2.5,5692.21,81.25,Careful
91.56,1572.98,84.84,1938.02,96.19,361.35,97.45,100.0,91.4,1,87.99,82.37,83.69,91.31,93.7,0,100.0,2.9,5654.08,91.43,Careful
71.3,1615.9,77.67,1638.4,81.4,622.11,69.98,67.78,68.46,2,81.19,69.93,66.46,63.56,64.49,3,69.24,3.53,6150.05,72.63,Inconsistent
91.88,1292.91,93.03,1651.2,89.7,410.4,80.17,81.53,77.1,0,90.75,100.0,89.02,83.67,89.96,3,88.53,2.51,6339.33,85.76,Efficient
93.63,1909.79,89.54,1960.46,83.77,459.5,77.87,78.52,90.26,0,83.46,56.35,100.0,82.47,83.76,1,90.79,3.37,5193.42,83.58,Careful
83.73,1399.77,75.76,1841.57,84.55,375.38,58.22,85.01,87.7,2,82.54,74.11,99.08,92.68,79.18,2,81.08,2.72,4786.5,85.55,Careful
60.3,2111.93,50.75,1804.85,52.07,702.34,49.11,46.74,53.28,2,57.44,64.76,45.16,54.45,64.12,3,44.09,4.24,6441.16,56.36,Inconsistent
95.78,2102.41,97.63,1555.12,100.0,467.6,85.77,86.0,96.02,1,92.69,78.17,96.26,78.44,85.69,3,100.0,2.23,4731.69,95.97,Careful
60.73,1862.19,40.44,2015.24,55.9,710.1,58.67,57.91,53.01,1,49.56,60.4,57.02,39.18,52.57,2,54.83,3.2,5805.32,54.55,Inconsistent
80.11,1528.53,83.61,2001.22,78.65,723.26,78.94,69.07,84.33,5,66.45,77.19,80.98,86.45,85.75,4,87.58,3.34,5033.5,77.23,Inconsistent
79.44,1965.18,79.12,1702.58,85.36,495.84,95.11,89.53,75.93,4,81.59,82.38,77.2,68.59,70.97,0,87.69,2.82,6893.1,81.2,Careful
100.0,1367.07,81.35,1287.07,94.06,337.2,89.02,98.48,100.0,0,94.64,92.46,99.64,79.52,100.0,0,100.0,1.7,5232.66,93.33,Efficient
91.2,1135.72,99.49,1186.16,79.43,571.7,84.05,87.08,92.12,1,88.19,86.91,75.53,78.86,89.47,3,83.3,3.19,5727.67,84.97,Efficient
57.82,1030.68,54.17,583.76,66.16,200.54,61.65,59.08,62.65,7,58.0,83.3,59.08,59.43,44.18,8,52.97,3.81,6016.04,54.8,Impulsive
73.27,2116.41,74.53,2014.96,83.94,630.3,97.3,83.22,76.77,1,75.37,85.29,68.14,66.95,83.58,1,89.97,2.8,5668.63,88.89,Careful
61.0,1542.98,67.04,1427.54,70.42,502.13,76.72,87.76,68.82,3,61.09,56.81,59.14,60.18,43.17,6,60.29,3.64,5866.75,58.62,Inconsistent
64.04,1705.62,67.57,1578.79,50.36,343.59,65.39,57.1,53.88,11,69.73,54.33,58.39,57.54,62.25,8,70.01,4.33,5946.52,60.79,Impulsive
81.53,958.91,73.55,979.24,89.06,400.66,83.89,67.75,83.52,0,79.52,99.34,73.11,75.2,95.61,0,98.94,2.58,6225.37,82.36,Efficient
64.54,1888.07,55.83,1902.43,62.29,777.01,69.63,77.63,70.82,3,46.7,72.63,63.03,71.12,67.39,4,65.76,3.61,6293.59,60.64,Inconsistent
44.42,1505.54,63.85,1420.65,59.07,605.7,56.95,46.91,58.36,6,68.78,51.47,53.2,43.92,46.69,6,42.77,3.53,6500.9,49.23,Inconsistent
66.19,896.42,82.27,783.25,79.21,379.33,67.21,88.2,66.01,10,71.18,76.61,70.71,96.35,61.41,10,86.04,4.22,5766.29,76.62,Impulsive
60.88,1562.39,61.53,1926.18,57.7,526.7,45.36,65.29,50.4,3,63.06,64.15,48.98,53.25,75.08,6,57.39,3.33,6422.08,56.57,Inconsistent
86.69,1471.5,87.9,1280.16,95.3,169.48,89.33,88.6,74.3,4,93.18,82.37,85.38,74.57,100.0,2,62.48,1.83,5164.18,86.13,Efficient
87.71,2163.75,86.57,2525.29,91.18,546.98,71.96,92.48,100.0,0,87.21,87.23,94.14,100.0,95.99,1,68.79,2.14,6033.44,86.82,Careful
65.22,1623.62,58.13,1354.47,64.07,689.39,69.09,66.07,51.08,3,58.37,67.63,63.48,60.77,46.19,0,53.75,3.22,6090.41,59.35,Inconsistent
71.7,1112.92,80.86,1301.88,59.85,393.17,68.88,74.68,77.04,10,84.23,56.96,62.88,68.07,58.71,6,83.69,3.21,5130.24,67.17,Impulsive
83.39,1792.41,81.62,1646.59,77.02,716.41,75.29,85.73,83.73,4,96.15,89.63,89.41,81.34,86.32,4,90.54,2.46,3887.65,85.34,Inconsistent
93.56,1840.44,86.53,1809.42,87.58,570.4,91.1,92.37,87.34,5,92.42,79.49,70.4,98.88,75.98,4,79.47,3.06,5442.52,85.82,Inconsistent
79.03,1887.62,84.12,1966.55,78.19,515.86,93.11,94.8,97.29,0,82.26,84.73,98.66,85.9,84.25,1,96.41,2.85,5231.24,89.79,Careful
58.5,2318.38,49.55,2410.69,50.39,928.34,50.16,63.43,44.67,3,61.17,58.0,54.68,51.68,59.16,5,51.3,3.65,6171.28,50.0,Inconsistent
48.12,1931.37,59.55,1967.82,45.0,651.61,46.02,50.86,50.78,8,52.86,67.52,53.47,31.76,53.39,8,51.12,3.81,5841.38,58.09,Inconsistent
68.04,1195.53,46.54,1221.49,76.67,557.5,64.36,68.15,65.14,9,66.9,78.77,69.24,85.54,73.6,6,74.88,3.69,5666.02,69.76,Impulsive
100.0,878.34,96.4,972.4,87.53,281.2,78.71,76.88,85.31,3,82.29,82.02,85.17,86.96,91.66,1,76.64,1.99,5581.01,88.37,Efficient
46.68,2056.51,40.39,1818.13,54.41,613.64,50.53,43.59,39.07,0,36.96,44.25,38.62,44.14,44.73,0,37.69,4.77,6802.21,44.57,Inconsistent
55.71,1613.29,57.29,1326.78,51.96,595.69,45.24,41.73,57.76,5,55.05,57.83,47.55,55.0,54.81,2,65.69,4.52,6146.87,57.13,Inconsistent
100.0,899.26,100.0,857.97,100.0,359.49,100.0,100.0,100.0,3,100.0,97.09,89.79,100.0,95.27,4,95.51,2.51,4586.33,98.87,Efficient
45.12,1390.27,60.39,1545.1,47.34,644.2,58.48,63.33,55.54,3,62.3,44.45,52.42,47.9,47.8,3,38.88,3.46,6031.64,50.98,Inconsistent
57.89,1352.36,79.43,1283.25,56.02,633.57,54.61,62.16,59.04,9,63.7,64.9,65.53,62.66,58.04,9,69.44,4.22,6629.55,64.44,Impulsive
95.44,1322.13,97.59,1107.66,98.99,311.49,91.94,85.03,89.58,4,91.97,84.45,99.59,93.57,81.79,4,100.0,3.05,5969.29,95.95,Efficient
50.43,1460.92,54.98,1401.57,53.28,375.47,43.33,60.41,52.49,12,58.81,42.59,45.81,48.78,53.86,6,50.98,4.54,6319.27,53.26,Impulsive
81.4,1528.45,84.81,1651.3,85.19,499.49,88.28,78.85,83.94,7,89.5,67.53,71.68,64.54,85.0,4,62.93,2.44,5309.8,79.42,Inconsistent
81.99,2063.3,84.14,1996.49,81.6,557.74,90.5,89.81,92.4,0,90.12,85.18,83.38,89.74,84.58,3,86.52,2.25,5564.52,85.3,Careful
83.83,1380.28,94.73,1439.4,79.37,435.65,90.45,93.19,93.57,1,79.36,100.0,91.75,89.4,78.8,3,81.96,2.45,5266.41,90.35,Efficient
82.99,1831.52,83.33,1824.49,82.03,437.58,98.32,87.63,84.56,0,88.56,93.05,84.95,94.92,77.53,0,98.24,2.3,5626.74,84.82,Careful
79.23,1318.47,73.49,782.33,77.94,312.87,86.65,63.38,88.07,0,82.22,78.2,86.57,81.99,75.24,2,72.13,2.88,4911.58,76.86,Efficient
75.0,1205.13,69.65,1093.87,84.54,329.31,65.51,85.85,89.58,0,97.15,70.74,84.14,74.91,89.21,1,82.95,2.93,5317.35,79.47,Efficient
47.61,1056.1,58.41,1292.07,38.34,376.92,39.1,55.82,46.99,9,41.45,51.24,43.32,40.12,39.9,10,49.72,4.67,6722.44,42.19,Impulsive
56.0,1859.22,59.98,2151.58,61.83,512.12,61.45,55.46,65.81,5,52.06,50.87,54.12,60.28,61.43,1,52.91,3.42,6748.85,59.58,Inconsistent
73.03,2110.46,82.91,1534.18,91.34,586.9,80.17,71.3,69.51,3,90.22,74.8,76.39,98.54,85.7,0,88.62,3.24,6318.3,79.97,Careful
51.5,921.14,68.78,1361.39,58.92,301.24,65.73,56.04,61.84,10,46.36,56.37,47.41,50.85,54.7,5,45.75,4.16,6735.46,52.95,Impulsive
88.25,1288.16,85.9,1202.43,81.85,424.27,78.11,89.74,79.66,1,100.0,97.19,74.18,91.92,96.0,2,81.62,2.63,5117.5,88.46,Efficient
97.14,2252.47,100.0,2208.72,93.88,461.7,90.06,97.23,95.01,1,92.73,95.86,90.97,90.6,88.33,2,100.0,2.67,5017.31,95.96,Careful
51.3,1220.71,60.56,1169.49,56.44,311.68,56.54,55.87,51.89,10,25.21,66.17,48.33,51.96,52.13,8,46.83,4.51,5556.06,49.77,Impulsive
95.89,1066.44,100.0,1397.35,100.0,384.12,99.19,89.06,99.05,0,86.25,100.0,84.78,98.1,94.6,3,90.87,2.38,5451.47,92.01,Efficient
39.87,924.86,38.54,1011.29,42.69,426.66,53.15,59.82,41.19,10,37.53,41.94,36.56,25.72,38.04,11,48.15,4.14,7039.64,41.31,Impulsive
65.89,1859.6,67.19,1310.97,54.68,692.83,58.06,58.38,71.94,5,69.32,72.24,52.64,55.49,72.66,6,42.35,4.67,4393.78,64.13,Inconsistent
90.42,2195.16,100.0,1689.36,99.03,397.41,95.87,97.85,93.31,0,99.78,98.9,100.0,100.0,100.0,1,100.0,2.75,4400.37,100.0,Careful
100.0,1420.21,90.61,1268.71,100.0,407.89,77.69,87.63,95.05,2,98.24,92.4,89.89,100.0,89.5,0,84.68,2.57,4101.59,93.72,Efficient
100.0,1264.13,92.78,1392.34,87.04,358.7,99.19,73.01,82.49,3,87.61,79.82,95.67,95.4,100.0,1,84.05,3.17,4731.87,86.23,Efficient
56.47,1329.26,60.45,928.19,43.14,348.1,52.58,42.84,55.12,8,68.4,49.33,64.44,81.61,70.45,7,60.02,4.23,5752.76,59.22,Impulsive
63.62,1074.57,63.25,1572.49,60.39,340.88,49.51,59.52,49.61,3,37.76,62.21,59.22,49.94,40.39,1,44.91,3.2,6945.89,52.78,Inconsistent
37.21,1653.74,34.85,1712.66,42.42,490.12,52.22,42.67,28.92,12,26.96,34.84,35.89,24.26,44.59,7,28.26,4.82,6623.76,32.81,Impulsive
53.48,2347.2,45.81,2342.03,52.22,878.94,51.14,54.03,52.96,3,69.38,58.48,42.14,56.64,55.74,5,66.81,3.71,6078.58,53.19,Inconsistent
82.9,1409.84,86.3,1388.77,74.33,281.29,85.71,86.22,76.66,0,87.58,84.69,84.91,96.14,83.79,1,74.5,3.23,6043.82,83.77,Efficient
65.4,1441.32,59.03,1485.84,55.32,518.03,65.15,66.43,69.17,2,72.98,70.04,66.48,61.22,75.55,2,67.62,3.08,6251.73,66.88,Inconsistent
96.27,1746.54,94.73,1815.19,96.06,411.76,96.63,100.0,100.0,3,88.12,94.58,100.0,90.68,81.26,1,83.56,3.07,4404.92,92.71,Careful
66.62,1499.99,78.19,1634.49,57.92,373.06,50.68,71.41,68.78,8,58.79,55.93,85.05,73.31,69.77,9,89.37,3.73,6341.67,64.87,Impulsive
83.09,1185.12,75.07,1329.09,92.11,381.08,91.82,77.56,63.88,3,85.52,89.58,85.59,84.58,83.51,1,78.46,2.79,5671.47,79.97,Efficient
94.35,1172.64,59.21,1396.01,82.63,371.39,81.46,90.49,72.93,3,79.62,81.02,88.97,85.65,72.48,0,82.68,2.41,5079.37,79.93,Efficient
36.97,1103.2,41.58,1464.99,40.76,642.38,39.75,46.56,32.54,7,46.6,44.52,39.79,34.91,41.69,8,45.41,4.47,7129.85,38.55,Impulsive
85.96,1887.82,70.54,2054.85,75.47,505.46,77.2,83.58,81.12,1,80.75,100.0,78.03,93.26,80.95,1,62.53,2.62,6121.46,79.29,Careful
45.36,1461.49,52.5,1777.75,34.8,677.23,43.91,59.23,42.83,8,46.87,36.98,62.2,47.22,34.87,5,54.75,4.07,5619.6,45.01,Inconsistent
82.04,1211.99,100.0,1044.73,84.17,392.91,77.71,80.73,75.25,1,82.98,99.09,86.97,91.51,77.0,1,82.45,2.66,6106.92,84.03,Efficient
81.97,1681.68,90.73,1607.05,73.56,480.64,81.51,75.54,81.58,3,95.21,80.31,90.95,97.35,84.99,0,94.15,2.33,4816.64,87.98,Careful
78.84,1717.08,95.62,1740.86,93.47,438.56,83.68,91.23,95.51,0,97.07,83.44,76.05,77.42,85.47,1,100.0,2.11,5901.6,88.33,Careful
55.49,1341.55,40.27,1384.4,50.88,484.07,57.44,50.39,53.29,7,57.3,55.7,47.41,55.53,53.05,5,70.86,4.09,6636.48,58.97,Impulsive
41.65,1204.62,35.65,1139.76,29.76,460.67,31.86,45.8,49.46,10,65.58,45.1,35.19,45.2,51.06,6,54.7,3.42,7948.61,44.16,Impulsive
100.0,1875.49,99.01,2034.02,93.84,699.13,88.45,100.0,100.0,0,96.04,100.0,100.0,97.52,89.46,1,83.62,1.94,4957.32,96.12,Careful
73.75,1316.01,87.84,1369.74,79.75,464.95,88.74,80.46,85.71,0,77.72,92.89,83.9,73.9,85.09,0,80.38,3.1,5787.13,79.2,Efficient
42.13,1781.44,41.07,1582.75,47.86,631.94,46.82,49.88,39.28,9,61.51,40.74,38.42,53.06,50.72,10,37.7,4.79,7406.35,47.37,Inconsistent
86.22,886.28,80.09,1313.49,85.63,411.47,80.27,100.0,89.22,2,85.63,95.61,100.0,88.36,82.7,0,88.21,3.56,4303.41,85.89,Efficient
45.56,1535.45,42.06,1897.72,50.14,490.46,38.38,29.83,44.24,8,42.39,45.35,31.26,55.7,47.06,3,38.79,4.83,6909.41,47.35,Inconsistent
47.18,1338.53,35.47,1352.73,61.84,474.69,42.72,39.1,32.5,9,37.72,38.52,46.59,35.74,43.97,8,40.89,4.58,7145.2,43.0,Impulsive
98.14,1742.03,93.27,1952.49,84.01,694.89,77.41,88.69,92.36,5,87.12,86.51,87.7,71.03,87.16,5,92.58,2.86,3773.07,87.57,Inconsistent
57.71,1692.57,53.83,1552.94,50.73,643.42,65.9,47.11,56.57,9,58.91,54.06,60.32,78.6,57.11,7,54.17,3.15,5178.31,53.13,Inconsistent
86.09,1746.93,76.23,1785.8,86.4,445.07,82.93,68.26,73.18,0,83.72,84.39,81.89,91.33,76.77,0,71.78,1.75,5557.0,77.49,Careful
89.43,2165.19,84.75,1851.36,96.61,411.75,100.0,100.0,100.0,0,91.42,99.13,100.0,84.63,90.11,1,93.22,2.18,4598.5,95.4,Careful
84.33,1652.63,79.89,1572.38,83.5,512.25,79.53,77.09,79.12,2,71.6,74.79,80.04,80.19,85.12,3,78.01,2.5,4922.12,83.08,Inconsistent
89.5,1539.19,100.0,1332.57,77.98,507.95,88.51,86.47,88.85,4,89.83,97.4,88.95,98.49,87.34,1,85.13,2.86,4968.37,89.13,Careful
79.45,1882.44,92.58,1782.76,88.85,845.29,81.31,58.68,76.29,4,81.05,78.5,80.49,82.17,75.96,1,80.16,3.64,4704.32,82.57,Inconsistent
84.85,1198.2,93.16,1399.32,87.31,424.62,79.77,84.85,85.11,0,81.34,90.34,88.79,74.19,73.7,0,90.73,3.4,5538.19,83.62,Efficient
79.98,2135.47,66.9,2419.76,94.81,568.2,91.04,88.26,91.76,2,93.47,88.13,84.55,83.24,89.95,4,99.15,3.37,6316.32,85.17,Careful
59.36,1617.36,44.32,1401.45,52.81,366.57,29.8,52.19,42.67,7,46.05,49.83,35.91,74.36,44.36,3,54.66,3.92,7640.06,46.05,Impulsive
72.02,1303.41,77.51,1631.01,67.13,483.8,74.83,88.97,72.74,7,61.01,68.27,75.55,65.22,62.76,4,58.17,3.13,5979.05,66.23,Inconsistent
70.16,1313.18,79.53,727.45,71.99,529.53,80.09,68.48,73.15,9,79.4,74.95,60.58,75.82,69.53,5,86.58,3.66,4572.54,77.17,Impulsive
43.48,1763.2,37.68,1564.02,55.23,569.1,50.69,42.56,44.03,5,51.65,42.15,49.61,55.36,39.61,4,58.36,3.72,7177.55,44.73,Inconsistent
68.87,1503.43,71.17,1651.32,58.11,375.34,79.64,70.33,67.48,1,78.85,60.65,71.6,63.17,61.25,0,89.32,3.09,4941.17,69.87,Efficient
71.27,1056.31,73.43,1491.66,61.04,535.47,65.02,78.54,71.99,7,76.01,69.1,77.99,71.88,65.35,6,76.25,3.54,5591.39,74.53,Impulsive
99.95,1426.76,84.68,1759.1,97.32,551.62,100.0,100.0,98.58,0,99.85,100.0,100.0,74.58,94.98,0,96.04,1.94,4514.48,98.95,Careful
81.67,1714.5,71.13,1646.36,80.64,563.46,77.87,69.22,74.88,5,77.65,75.08,92.73,79.45,76.0,5,74.3,2.79,5649.34,75.79,Inconsistent
64.57,1828.88,73.7,1759.77,61.36,732.33,60.96,76.38,68.7,8,56.42,74.9,64.8,56.83,47.99,4,76.18,3.76,6941.0,68.48,Inconsistent
59.52,2203.32,42.25,2128.66,46.47,678.16,53.59,63.94,47.79,3,51.43,55.27,47.55,51.96,40.2,3,48.17,3.12,6309.92,49.29,Inconsistent
86.49,1745.7,75.85,1886.52,88.56,492.02,84.01,85.6,89.72,0,97.72,80.75,84.85,81.42,80.9,2,82.19,3.0,4780.54,88.14,Careful
57.37,2488.62,66.39,2817.68,71.84,787.59,45.15,74.61,60.7,2,64.82,77.23,69.44,60.31,57.46,1,57.69,3.66,5133.17,67.86,Inconsistent
79.27,1520.93,64.43,1686.73,73.5,451.27,76.29,82.82,76.56,1,78.12,72.43,83.6,85.64,85.45,1,82.34,3.37,5986.48,75.46,Careful
79.41,2087.56,91.83,2242.49,89.05,426.37,80.51,93.5,75.89,1,83.68,88.67,95.81,82.5,95.94,1,81.08,2.13,5573.16,84.27,Careful
75.15,2224.34,81.36,2099.17,98.39,597.69,91.56,81.63,92.98,0,83.81,86.67,79.45,88.7,96.71,3,84.27,2.91,5420.45,87.49,Careful
65.27,1375.12,63.49,1872.11,73.22,670.49,64.98,53.42,73.64,2,78.21,70.89,67.24,61.39,61.89,5,78.22,3.63,5652.11,65.55,Inconsistent
43.69,909.94,47.28,879.92,53.04,400.3,54.41,39.53,49.94,10,54.3,64.28,46.25,56.93,48.52,6,49.0,3.62,6515.8,50.25,Impulsive
23.64,975.14,25.71,1123.13,32.84,263.64,21.24,33.17,20.0,9,27.64,26.5,34.31,20.0,20.0,9,20.0,4.83,7601.64,21.25,Impulsive
30.84,1621.26,40.73,1266.94,38.75,675.44,37.62,32.1,44.07,6,27.24,20.0,28.32,30.9,40.87,4,25.84,5.33,8108.93,31.41,Inconsistent
89.38,1934.14,75.03,1609.93,88.16,469.51,89.8,87.69,83.53,0,87.76,94.86,85.76,99.17,82.92,2,78.85,1.97,5762.67,86.84,Careful
84.75,1439.71,96.95,1810.61,97.48,489.51,87.87,94.21,80.41,1,92.15,89.64,100.0,89.12,97.66,1,87.19,2.34,4974.11,88.04,Careful
96.82,1695.24,100.0,1484.5,99.83,248.9,100.0,76.88,98.04,1,99.43,93.65,77.42,95.04,89.85,1,100.0,2.3,5320.05,94.12,Careful
84.34,1620.01,90.05,2064.67,86.01,475.2,78.07,72.11,83.71,0,76.23,80.6,83.9,86.12,81.96,1,100.0,2.45,4814.86,88.67,Careful
77.47,2038.71,71.34,2216.67,63.55,565.43,59.6,67.9,65.81,10,75.48,58.56,82.16,76.19,64.36,4,82.17,2.97,5407.35,73.94,Inconsistent
84.65,1238.98,86.83,1394.23,96.21,332.7,90.31,78.18,84.72,2,94.74,78.04,87.02,87.58,84.56,2,100.0,2.43,5197.72,85.75,Efficient
100.0,2179.81,80.91,2236.5,88.89,511.72,100.0,99.24,85.53,0,91.5,89.73,91.97,84.12,89.0,2,75.33,2.74,4752.02,88.59,Careful
96.6,1878.88,97.37,1585.78,98.43,344.44,92.66,100.0,92.03,0,100.0,79.2,94.58,94.08,98.62,0,93.51,2.67,5413.24,92.09,Careful
76.51,1214.12,73.56,1440.22,74.2,537.42,56.21,68.92,68.39,6,81.47,69.94,67.67,77.71,60.91,3,72.29,2.78,5531.3,74.92,Inconsistent
52.58,1668.88,52.49,2081.98,30.98,690.2,34.64,54.99,43.41,6,45.1,51.26,56.53,49.96,39.32,3,35.22,4.41,6878.51,43.36,Inconsistent
49.71,942.07,50.16,923.46,69.83,285.78,61.68,44.84,62.6,6,78.17,56.05,53.87,63.85,67.25,7,66.59,3.57,6253.5,59.93,Impulsive
38.23,1696.01,35.42,1441.93,52.85,744.46,45.81,45.62,41.21,2,50.31,42.78,50.47,40.62,35.75,3,37.71,4.45,7115.56,41.71,Inconsistent
84.1,1929.25,86.46,1929.45,82.05,677.21,79.02,80.34,89.08,0,81.33,84.95,81.05,92.01,79.29,1,98.23,3.17,4505.62,85.87,Careful
85.41,1228.69,81.11,1152.69,94.81,319.45,90.28,83.79,81.92,1,83.36,91.9,100.0,87.07,82.1,3,100.0,2.0,5580.33,87.8,Efficient
86.48,1401.82,86.38,1304.63,98.07,155.88,87.9,80.52,98.24,5,83.75,91.57,95.21,91.31,71.46,0,94.8,2.14,5573.24,90.36,Efficient
78.55,1355.87,97.92,1110.75,84.67,259.33,91.45,82.05,91.79,2,100.0,90.58,85.88,87.7,77.81,3,100.0,2.2,5857.67,88.71,Efficient
53.71,1315.7,76.37,1291.85,52.14,633.67,58.62,39.33,48.25,4,57.71,53.15,53.3,52.66,53.78,0,39.86,3.29,7559.14,55.94,Inconsistent
85.41,1224.14,97.31,1499.3,92.98,358.27,86.67,82.87,94.71,2,86.9,78.26,96.37,82.39,95.15,0,65.57,2.8,5271.82,88.3,Efficient
51.93,1127.13,47.4,1620.35,51.75,517.47,35.26,46.15,56.93,0,40.31,41.71,50.26,38.41,51.35,2,29.44,4.03,6211.98,47.44,Inconsistent
90.9,1520.09,98.31,1734.45,84.4,465.89,100.0,80.14,100.0,2,89.86,100.0,86.94,100.0,86.0,2,77.52,2.14,5512.61,91.71,Efficient
85.75,2141.54,90.46,1946.64,88.78,376.83,80.66,100.0,72.92,1,79.39,83.28,80.77,98.13,75.1,0,100.0,2.73,4928.73,88.25,Careful
79.87,1180.11,78.66,839.72,84.43,426.56,72.69,83.44,74.38,0,74.29,84.13,87.37,85.44,73.79,4,65.87,2.46,5766.86,76.59,Efficient
45.19,785.76,45.91,910.82,43.21,402.1,54.39,54.31,45.0,8,38.07,46.91,39.53,55.71,56.86,7,50.71,4.33,7005.13,50.6,Impulsive
91.66,1335.86,94.32,1438.49,97.14,419.45,91.27,88.25,97.0,2,94.25,95.67,96.73,93.25,89.31,2,86.51,2.11,4801.26,94.84,Efficient
56.18,954.61,56.43,615.26,55.45,563.12,51.62,46.8,70.33,7,59.92,55.84,74.39,50.42,62.19,4,46.13,2.68,6230.75,58.78,Inconsistent
50.83,1890.45,69.42,1716.51,44.94,518.61,68.47,47.41,55.54,2,51.62,52.79,61.95,67.54,65.07,3,51.9,3.78,5284.25,56.81,Inconsistent
74.88,1385.4,71.2,1734.7,95.79,408.77,76.13,78.19,68.99,0,82.9,74.83,79.39,83.04,74.99,2,69.73,3.38,4732.29,77.71,Careful
57.91,1626.39,69.34,1633.05,56.34,537.89,61.3,56.86,70.89,5,55.53,56.25,59.25,56.2,60.85,5,69.39,3.67,6953.05,59.0,Inconsistent
63.8,878.75,51.6,902.05,70.51,380.85,75.25,69.3,58.95,7,51.89,67.87,54.11,54.91,64.42,6,69.37,3.07,6424.73,69.15,Impulsive
47.64,1388.96,38.21,1383.24,61.89,416.94,55.4,56.83,41.61,10,56.24,44.19,51.75,48.04,38.5,6,40.19,3.54,6132.85,44.46,Impulsive
46.37,1519.88,33.27,1903.51,44.89,687.92,48.3,38.2,39.31,5,43.81,48.97,39.85,46.3,34.3,5,46.82,4.19,6038.56,39.36,Inconsistent
84.62,1568.67,64.88,1651.33,96.31,233.77,94.05,83.41,79.17,0,78.52,91.31,87.04,93.29,88.45,1,96.46,3.09,6380.36,85.25,Careful
47.94,1092.64,42.04,1263.36,69.35,662.16,37.12,44.01,36.13,10,49.96,45.22,34.01,39.16,52.67,8,53.06,4.88,6128.17,44.34,Impulsive
69.16,1192.19,81.11,1364.33,62.44,561.77,69.31,69.97,74.3,10,65.54,61.69,73.21,62.7,53.96,8,85.21,3.43,5907.87,68.03,Impulsive
88.47,1324.38,78.81,1518.86,77.06,444.81,68.75,81.53,77.56,2,76.86,91.68,77.72,89.38,66.03,3,100.0,3.36,5225.62,79.52,Efficient
49.2,2008.03,46.92,1934.6,55.07,684.64,51.8,57.21,58.18,0,51.34,42.94,54.5,42.97,42.6,0,46.06,3.88,6520.21,51.58,Inconsistent
49.02,1321.08,55.12,1278.3,44.49,367.3,35.84,59.59,41.44,6,50.97,51.73,48.77,41.91,46.99,8,39.63,3.61,5855.28,46.73,Impulsive
91.35,1249.41,95.43,988.96,92.68,303.34,77.22,92.48,88.98,3,99.29,98.41,98.75,91.61,94.73,2,93.81,2.63,5852.77,98.04,Efficient
80.93,1915.11,89.9,2024.98,81.75,502.53,76.14,88.11,70.38,0,75.52,70.27,68.88,69.15,72.56,0,79.56,2.63,4790.11,77.84,Careful
76.08,759.19,71.2,674.1,62.83,575.43,66.09,66.17,64.99,5,69.95,72.27,81.77,62.6,79.38,5,74.65,3.35,5820.05,71.0,Inconsistent
73.57,1318.27,83.08,1182.65,86.18,298.52,100.0,78.2,91.58,1,96.01,81.78,84.56,88.69,75.7,1,83.46,2.97,4995.0,88.76,Efficient
86.62,969.7,79.86,951.82,84.0,175.71,71.26,83.31,83.58,2,97.71,68.96,81.07,93.62,81.38,1,81.77,2.93,4925.1,82.25,Efficient
79.72,1033.87,83.16,1141.56,90.95,385.5,85.43,76.04,87.46,0,89.6,85.68,86.73,82.91,96.8,0,76.87,1.99,5432.12,82.4,Efficient
87.2,1594.29,82.16,2169.93,89.5,407.99,81.0,87.18,87.06,0,96.62,88.78,77.6,91.2,92.32,0,72.04,2.39,4360.19,83.52,Careful
73.51,1484.69,86.91,1480.27,72.92,421.82,69.85,72.39,72.07,3,67.92,84.38,69.31,75.26,63.95,2,75.77,3.27,5743.31,73.0,Careful
66.3,1327.33,56.76,971.67,64.63,337.03,59.44,51.62,57.1,9,60.04,55.76,59.32,62.94,55.83,8,29.52,3.8,5741.91,55.48,Impulsive
61.99,1784.62,83.51,1945.19,66.56,715.92,73.48,60.32,78.6,5,84.87,57.27,67.97,79.91,65.54,4,72.97,2.71,6092.21,68.33,Inconsistent
90.9,1231.79,98.98,1273.17,89.77,396.37,83.19,82.41,89.77,0,90.14,100.0,89.41,79.16,87.98,0,77.93,2.28,5131.96,87.4,Efficient
62.08,593.69,53.64,784.05,71.83,477.67,72.32,67.28,58.08,9,63.42,77.38,71.22,72.6,92.8,7,69.29,3.53,5270.04,69.04,Impulsive
49.85,1483.49,38.84,1565.56,47.14,435.54,54.71,44.5,53.9,10,50.11,48.12,59.41,35.95,44.46,9,60.95,4.66,6713.35,51.09,Impulsive
91.83,1110.62,77.92,1190.74,65.06,356.46,81.14,84.02,81.7,0,90.03,86.35,78.36,88.72,86.86,1,87.05,3.0,5830.49,84.67,Efficient
34.42,1331.04,47.51,1303.54,39.31,415.85,34.74,28.18,40.0,7,55.13,33.03,33.97,30.17,48.13,8,47.0,4.41,7835.77,38.04,Impulsive
77.78,2049.33,87.74,2293.69,84.02,685.4,94.1,93.4,93.33,1,88.36,79.84,78.41,82.46,100.0,2,84.46,2.42,5286.79,88.16,Inconsistent
58.64,1300.41,56.34,1752.16,42.45,602.86,44.88,35.82,58.37,2,58.42,44.2,58.11,68.79,40.59,3,47.37,3.43,6299.83,52.8,Inconsistent
44.4,1660.63,46.48,1352.74,44.79,370.64,48.22,55.15,49.19,8,57.07,60.37,60.66,42.91,62.94,6,65.05,4.15,6963.07,55.33,Impulsive
94.5,1814.09,93.31,1836.19,82.2,555.91,83.1,90.3,97.3,1,98.32,87.85,76.43,100.0,100.0,0,92.16,3.4,4260.46,90.56,Careful
51.54,641.23,62.44,1117.94,47.12,458.66,56.76,78.91,63.72,6,68.79,65.02,64.52,56.73,55.24,6,55.97,3.9,6641.36,56.64,Inconsistent
86.42,1823.84,81.85,2137.49,98.83,582.32,77.76,69.4,76.15,0,79.03,88.73,83.28,87.69,79.54,3,88.59,1.94,5823.78,85.55,Careful
49.31,1207.81,75.67,1180.12,52.96,257.91,56.86,59.77,52.77,8,55.3,55.2,47.92,58.74,42.04,9,71.01,5.63,7011.55,59.06,Impulsive
62.28,1289.82,68.31,1433.64,84.29,457.15,57.01,63.51,58.32,3,58.97,54.28,50.64,72.35,65.73,3,63.72,3.17,5651.53,62.89,Inconsistent
78.73,1935.57,100.0,1810.39,83.6,461.11,100.0,89.34,94.24,1,100.0,87.26,87.13,84.35,81.89,0,86.94,2.5,6102.86,85.65,Careful
60.19,1521.09,76.93,1898.67,62.31,668.33,58.24,59.22,59.27,3,60.63,63.27,52.5,53.31,67.72,0,66.09,2.9,6199.19,66.78,Inconsistent
95.42,1196.05,100.0,979.39,85.7,296.12,82.96,100.0,97.9,3,100.0,89.82,100.0,100.0,96.39,1,98.5,1.88,5009.49,97.82,Efficient
57.8,1292.53,59.77,1094.33,47.93,642.68,65.75,58.6,65.48,7,60.35,48.85,61.05,62.75,53.0,8,44.41,2.9,6246.24,60.83,Impulsive
93.87,2199.43,93.57,1944.86,87.15,466.0,93.92,88.29,79.49,2,93.53,71.21,58.28,92.0,89.96,0,89.8,2.58,5490.24,87.63,Careful
54.28,1319.77,51.67,1402.55,44.06,356.24,61.17,49.13,45.89,5,49.52,50.41,57.77,35.72,69.84,5,54.95,3.74,6958.94,53.49,Inconsistent
86.93,1115.97,85.07,1492.23,84.78,349.52,77.46,100.0,88.2,1,84.02,81.88,87.79,85.33,100.0,2,79.65,2.67,5119.92,83.23,Efficient
50.89,1744.05,48.81,1584.42,65.08,780.76,56.04,58.77,63.44,7,67.03,50.3,42.39,59.26,53.33,5,60.76,3.74,6398.62,55.21,Inconsistent
53.4,1294.3,38.95,1409.87,48.48,473.0,37.94,43.78,42.08,11,51.03,40.79,54.31,44.25,41.02,8,34.94,4.06,6561.85,45.68,Impulsive
93.52,1201.27,93.15,1063.16,97.95,564.77,100.0,96.27,89.35,7,100.0,100.0,100.0,100.0,92.65,5,86.46,1.45,3756.22,97.96,Inconsistent
100.0,1488.77,97.21,1875.86,88.75,616.18,88.03,88.62,100.0,2,95.39,82.53,99.04,97.09,92.37,1,86.78,2.42,4446.36,93.31,Inconsistent
33.08,1667.1,47.64,1184.63,48.35,608.21,32.4,32.54,29.19,10,30.41,20.79,20.76,20.0,41.36,7,20.0,5.27,8075.22,30.14,Impulsive
68.03,1792.68,54.81,1188.7,40.08,524.83,60.53,55.24,49.27,4,41.62,48.25,59.85,54.48,61.35,7,62.34,4.19,6550.87,53.56,Inconsistent
74.15,1819.21,88.91,2000.43,75.67,645.86,87.14,81.99,73.82,4,79.54,85.0,86.98,80.95,94.33,0,91.14,2.45,6440.97,79.71,Careful
69.05,907.27,67.6,939.31,68.88,335.07,64.96,69.47,64.04,8,59.37,62.47,60.47,64.13,62.04,6,58.57,3.34,6350.96,63.32,Inconsistent
73.59,1937.12,80.94,1845.05,79.48,759.62,61.5,64.06,71.36,3,75.58,83.65,73.25,86.36,67.08,5,67.9,3.75,5324.03,76.82,Inconsistent
35.32,865.3,50.66,1250.27,45.0,398.61,47.97,35.98,36.39,9,47.1,37.41,34.62,32.2,35.42,8,47.38,4.38,6748.78,39.39,Impulsive
94.98,1925.54,99.99,1861.88,100.0,432.15,100.0,100.0,100.0,1,100.0,100.0,99.63,100.0,90.76,1,89.56,1.93,4365.98,98.34,Careful
91.2,1253.23,100.0,1261.9,71.59,267.97,79.85,81.7,89.02,0,89.16,79.14,83.31,84.31,100.0,1,100.0,2.19,5050.48,84.1,Efficient
64.58,1900.77,59.08,1626.1,66.92,494.45,52.77,54.49,63.27,6,62.84,53.77,47.73,54.46,50.62,5,71.62,3.77,6931.93,57.21,Inconsistent
38.4,1299.99,38.1,1175.98,36.07,407.46,49.63,49.96,45.74,9,44.61,47.59,29.39,44.78,51.12,9,44.66,4.22,5709.85,44.92,Impulsive
87.77,1672.01,80.6,1317.8,66.02,241.24,97.73,85.44,91.22,1,81.54,89.72,88.75,96.34,90.29,1,78.86,2.82,5501.53,86.21,Efficient
31.02,1001.91,37.09,924.4,32.82,383.1,29.13,24.16,33.74,7,40.79,42.38,31.24,31.26,35.59,3,37.0,4.29,7616.99,37.43,Impulsive
53.01,671.85,45.61,426.06,71.32,362.48,53.15,52.4,55.4,8,39.3,42.45,47.52,57.42,39.1,4,48.88,4.55,6857.77,52.07,Inconsistent
99.21,534.81,94.33,826.6,100.0,441.71,93.88,90.05,93.34,3,75.64,85.55,100.0,100.0,100.0,2,98.66,2.29,4208.16,94.55,Efficient
71.7,891.26,71.37,1043.27,54.2,327.15,55.81,63.03,54.46,7,51.91,71.49,59.38,50.86,67.44,6,54.66,4.28,6126.05,59.5,Impulsive
56.48,1731.06,56.49,1101.71,64.72,565.72,40.02,59.96,51.1,7,61.78,78.35,69.0,51.98,58.44,5,53.79,4.33,4946.59,54.96,Inconsistent
54.32,1406.21,46.89,1358.68,36.38,551.4,42.37,42.84,44.0,9,45.66,55.98,39.11,57.23,40.01,7,46.73,3.19,6719.32,50.81,Impulsive
83.17,1265.95,95.31,1466.38,96.9,208.8,98.14,100.0,97.36,0,86.81,88.51,98.35,94.75,91.49,2,83.76,2.33,5381.97,96.47,Efficient
85.98,2104.27,94.13,2019.28,95.9,461.98,93.39,76.32,93.03,4,81.53,91.68,78.41,93.37,83.35,1,78.26,2.61,5308.99,86.24,Careful
84.86,2098.06,92.8,1882.03,91.94,426.1,94.17,93.36,91.66,2,83.55,86.2,80.38,88.8,80.78,2,91.42,2.36,5392.34,89.25,Careful
73.83,2011.08,77.91,2228.82,74.66,618.53,74.94,62.81,70.06,0,58.63,54.66,76.61,64.66,77.67,1,80.66,2.89,5573.27,76.13,Inconsistent
44.81,1255.22,39.85,827.37,48.82,625.23,48.12,55.11,41.95,12,35.86,34.5,52.99,57.61,56.96,10,44.82,3.84,6234.64,45.87,Impulsive
82.04,1358.89,80.01,1216.08,87.96,315.44,82.38,81.62,77.23,0,85.87,83.8,82.67,86.84,91.23,1,91.56,2.77,4894.26,84.42,Efficient
91.7,1524.88,100.0,1312.24,99.38,384.8,92.44,87.21,71.1,4,81.78,92.09,92.22,97.83,99.35,1,100.0,2.85,4587.55,90.37,Careful
91.69,1279.78,92.32,1450.87,80.6,409.88,98.58,96.72,86.82,3,100.0,100.0,90.49,89.53,100.0,1,99.43,2.58,5554.35,86.86,Efficient
55.92,1642.5,54.13,1791.67,49.46,635.68,65.57,47.96,58.72,6,72.28,66.59,61.85,59.77,56.75,5,49.66,3.55,6401.65,52.96,Inconsistent
76.14,1864.26,76.26,2132.62,83.35,409.94,63.68,79.76,74.87,1,85.28,71.89,78.48,74.19,80.36,3,74.8,3.12,4374.21,75.22,Careful
40.74,1242.69,36.6,1164.28,40.95,499.29,40.73,34.99,39.98,1,44.04,30.63,40.96,20.0,22.75,0,43.27,3.4,6163.05,38.53,Inconsistent
93.35,1136.06,83.15,870.73,90.03,274.59,84.19,81.52,75.06,1,84.12,83.12,77.47,68.15,71.07,1,100.0,2.66,6665.4,88.14,Efficient
89.61,2311.6,92.36,2409.33,98.07,672.23,92.72,100.0,98.83,1,91.12,90.48,69.27,89.46,81.24,3,94.06,2.59,4333.37,89.87,Careful
99.38,1762.15,93.86,1708.0,100.0,408.91,89.41,100.0,100.0,0,89.05,100.0,99.81,91.31,100.0,2,94.48,2.34,4775.16,95.74,Careful
91.47,1502.13,93.1,1535.41,94.31,363.99,86.06,84.87,85.68,0,86.63,100.0,100.0,88.46,87.72,1,71.76,2.89,4747.79,92.61,Careful
41.82,1159.37,34.6,1226.84,32.79,540.4,32.38,29.4,39.91,1,32.31,20.0,40.24,39.82,33.51,3,26.07,4.34,8235.56,36.16,Inconsistent
49.56,1283.28,49.07,879.56,49.79,665.15,53.93,51.87,56.68,7,57.21,48.24,49.04,49.57,35.51,6,56.06,3.99,6485.9,56.67,Impulsive
51.83,1518.4,57.0,1438.52,63.51,379.64,59.87,62.58,56.03,11,63.99,56.36,79.92,49.0,81.14,7,50.99,4.0,6134.5,59.25,Impulsive
100.0,1807.84,98.07,1790.25,96.99,615.86,97.99,88.6,97.71,3,93.49,100.0,100.0,86.05,94.37,4,100.0,2.44,6093.79,94.65,Inconsistent
82.47,1210.34,76.73,989.41,67.41,412.85,66.71,68.37,84.3,11,69.9,75.56,64.62,63.72,73.18,6,70.04,3.84,3442.13,71.08,Impulsive
37.0,1009.88,29.15,1265.85,37.86,360.78,34.39,59.1,50.97,9,52.68,31.58,40.52,32.32,56.68,7,49.42,4.64,7405.56,42.53,Impulsive
89.63,1595.31,79.81,1819.96,91.41,352.21,94.19,89.18,80.19,0,100.0,91.35,76.25,87.9,84.47,1,86.29,2.49,5264.11,89.3,Careful
77.64,2010.43,81.2,1994.94,83.91,578.77,75.64,85.08,88.6,0,85.14,81.59,75.27,81.05,75.97,1,76.72,2.64,5037.88,82.54,Careful
80.9,1931.83,78.66,1890.64,79.24,642.34,100.0,75.88,78.7,2,100.0,85.42,71.01,88.79,74.77,2,90.23,2.98,5286.15,84.71,Careful
83.97,1957.74,86.51,1928.05,83.04,511.11,78.85,83.38,85.72,1,98.77,79.03,93.71,97.37,83.09,2,89.53,2.52,5267.52,87.36,Careful
90.31,2046.05,93.08,1790.63,96.17,525.12,84.08,100.0,89.36,0,100.0,83.06,100.0,82.98,100.0,0,81.65,1.4,6754.44,91.87,Careful
100.0,1176.92,100.0,1186.62,100.0,419.6,100.0,100.0,100.0,0,100.0,100.0,100.0,100.0,100.0,0,100.0,1.52,3813.64,98.71,Efficient
100.0,1135.89,100.0,1387.56,100.0,198.62,95.62,100.0,99.43,1,100.0,100.0,97.46,100.0,100.0,2,95.58,2.33,4121.19,99.85,Efficient
50.48,1932.77,45.26,1280.92,51.46,432.2,32.64,50.53,55.93,6,47.3,34.09,44.96,58.5,50.34,5,35.5,3.98,7086.62,50.73,Impulsive
61.11,1230.75,55.68,1246.69,52.12,510.16,51.52,54.31,55.35,11,53.13,49.62,58.16,56.61,53.3,9,59.16,3.77,6569.78,55.46,Impulsive
51.99,1448.81,50.39,1241.21,44.06,412.78,57.71,50.64,50.42,8,51.07,46.67,45.31,39.68,46.88,6,35.63,3.59,6631.38,52.34,Impulsive
57.74,1220.28,63.77,1771.47,57.24,510.7,70.89,67.47,68.38,9,71.25,62.46,72.31,59.56,69.29,6,46.54,3.26,5756.92,63.19,Impulsive
87.78,1897.1,73.7,1782.05,81.8,486.26,82.48,90.78,82.24,1,87.27,82.04,78.08,77.76,85.5,0,87.81,2.75,6357.92,82.65,Careful
88.79,1611.08,91.81,1658.5,81.99,358.4,90.9,74.87,92.64,2,77.78,71.23,100.0,88.11,87.88,2,70.2,2.89,4070.49,82.41,Efficient
49.96,1180.4,54.84,979.76,49.77,489.96,35.58,56.96,48.36,9,55.2,54.41,42.7,41.57,54.13,7,46.16,4.0,6744.71,52.39,Impulsive
87.89,1817.99,88.08,1384.11,77.93,373.19,79.49,99.91,83.58,3,84.55,81.54,91.24,90.17,100.0,2,83.1,2.79,5886.53,84.24,Careful
96.05,1267.91,83.66,1548.26,84.63,344.57,94.74,89.23,89.07,2,73.15,85.59,95.33,82.15,94.03,1,90.83,2.71,5671.41,84.47,Efficient
64.27,1918.87,75.26,1750.86,87.68,496.53,69.75,74.33,78.02,0,77.51,88.56,79.62,86.65,73.15,0,69.37,3.22,5188.26,78.57,Careful
40.03,969.11,64.66,804.36,50.08,402.89,53.85,53.75,48.68,8,46.12,58.7,59.08,47.45,58.86,6,59.55,3.71,6649.74,55.76,Impulsive
40.46,1423.16,29.05,1533.96,29.23,459.49,48.22,33.97,37.94,3,49.44,25.63,29.87,49.04,43.4,2,24.78,4.45,7559.38,38.72,Inconsistent
86.22,1408.42,91.43,1355.16,85.62,587.31,94.15,76.11,81.18,7,75.99,86.81,75.03,81.73,78.4,3,100.0,2.71,5767.45,86.8,Inconsistent
82.16,1566.07,83.15,1713.23,74.55,596.31,77.11,78.34,82.1,7,75.26,78.38,63.72,68.47,69.65,7,80.23,3.33,5263.32,77.98,Inconsistent
99.5,841.19,82.68,1537.38,92.46,355.01,82.66,93.94,100.0,1,100.0,90.62,100.0,94.96,100.0,1,95.27,1.81,4928.48,96.04,Efficient
35.84,1351.21,43.03,985.04,33.19,253.29,31.64,41.89,38.71,8,39.63,36.3,43.36,42.21,20.0,7,34.73,4.31,7961.38,41.29,Impulsive
72.91,1645.8,68.93,1908.24,68.08,625.34,50.15,68.17,73.93,0,69.9,78.07,86.12,79.11,83.19,0,84.96,3.13,4943.02,70.93,Careful
35.42,1108.98,39.91,1056.04,26.16,534.87,34.43,33.05,38.51,9,35.78,43.71,38.28,41.03,38.07,7,25.86,4.54,6199.35,34.73,Impulsive
84.66,1535.5,75.77,1926.65,77.51,520.11,63.92,70.16,72.51,1,82.68,84.13,71.86,77.78,83.27,2,73.36,3.39,6148.66,74.03,Careful
100.0,1046.0,100.0,1400.92,92.87,411.09,82.99,100.0,100.0,5,95.51,100.0,100.0,97.29,100.0,2,100.0,2.07,4388.71,100.0,Efficient
42.17,1598.07,37.55,1345.13,46.48,540.46,35.4,35.72,43.28,4,45.85,46.06,36.76,38.76,31.26,1,46.29,4.02,7636.24,41.9,Inconsistent
70.06,1739.79,47.0,1596.03,60.23,596.62,64.82,61.9,56.47,8,51.71,68.56,56.05,48.07,68.96,3,66.24,2.94,5660.8,59.72,Inconsistent
87.04,1818.43,100.0,1872.73,97.86,631.41,86.07,96.71,99.01,2,93.1,85.89,93.89,96.89,85.83,0,83.4,3.31,5737.17,87.59,Careful
37.51,1118.45,47.07,1032.42,36.72,209.1,45.86,55.7,35.32,14,32.93,51.53,43.77,53.25,37.42,8,44.34,3.83,7008.1,43.44,Impulsive
52.7,1509.98,54.58,1115.84,49.47,488.98,47.89,41.9,57.28,7,43.71,62.68,57.28,61.78,47.55,7,71.46,4.2,5282.13,52.08,Impulsive
89.86,1230.83,88.31,1130.1,78.87,307.02,83.87,91.76,90.67,2,77.66,85.05,82.11,100.0,91.56,1,93.42,2.83,5291.85,88.7,Efficient
54.39,1457.85,66.04,1354.75,55.33,431.78,50.07,51.45,38.53,9,48.61,65.16,52.04,52.99,38.05,8,42.02,3.41,4872.87,50.55,Impulsive
100.0,1319.3,100.0,1321.03,98.26,310.8,97.47,87.6,100.0,0,100.0,87.86,100.0,99.57,100.0,4,88.65,1.77,4247.7,99.03,Efficient
69.24,974.35,79.57,1140.61,68.61,718.86,72.33,68.39,72.63,0,64.45,61.5,66.47,63.11,68.84,1,77.5,3.24,4824.97,69.55,Inconsistent
46.42,1551.08,53.59,1858.59,42.39,596.06,57.02,46.55,52.71,4,50.81,46.0,54.27,79.75,37.22,1,45.18,4.2,5749.2,51.14,Inconsistent
93.83,1712.61,88.02,1747.01,89.98,551.63,100.0,100.0,96.17,0,92.96,100.0,91.52,84.58,100.0,0,89.87,2.48,4306.45,89.39,Careful
50.88,1252.96,55.52,1232.62,36.6,542.71,43.92,60.55,52.0,8,32.5,54.74,20.0,50.32,38.55,7,49.55,4.61,6669.15,44.56,Impulsive
51.65,950.8,57.92,966.4,53.34,504.24,51.11,46.5,47.83,6,30.92,56.41,46.51,58.71,45.28,5,49.06,4.35,6050.76,50.0,Impulsive
73.58,2151.37,68.32,1896.82,80.97,311.48,89.34,83.35,84.55,2,69.59,75.89,62.9,79.33,63.16,3,92.46,3.1,6344.74,75.74,Careful
72.27,924.98,68.08,1110.88,74.4,527.68,76.1,70.89,64.89,10,90.67,75.52,77.27,70.24,61.12,9,72.87,4.13,5625.76,75.03,Impulsive
48.77,1145.73,41.56,1049.35,44.74,436.38,62.34,38.56,37.29,5,42.75,51.16,59.24,48.06,34.83,4,48.71,4.08,7374.87,43.61,Impulsive
100.0,1271.53,99.52,1291.1,100.0,421.88,87.09,94.42,96.29,3,93.45,80.42,100.0,89.14,88.99,0,91.92,2.22,4920.66,92.07,Efficient
98.46,1345.16,94.53,1293.04,80.68,272.6,90.12,89.6,89.67,2,95.05,96.05,95.11,93.69,91.66,2,71.62,3.05,5406.09,91.32,Efficient
74.54,1539.59,58.96,1574.28,67.42,546.03,80.79,57.45,68.67,1,60.49,71.72,69.58,61.76,69.51,5,69.9,3.74,4697.77,70.55,Inconsistent
95.21,995.14,95.1,1297.56,82.12,327.54,90.84,96.55,93.9,0,98.1,86.87,80.9,84.94,99.16,0,100.0,2.46,5700.11,95.47,Efficient
90.2,1742.07,95.65,1760.12,72.81,313.16,82.17,80.08,80.72,1,82.92,70.4,83.04,86.26,77.64,1,81.65,2.36,6395.37,83.71,Careful
34.74,1079.82,39.4,1039.8,20.15,426.82,38.18,27.34,44.5,10,29.24,38.02,29.32,48.32,26.65,6,41.24,5.26,6984.05,38.0,Impulsive
56.24,1521.21,57.1,1579.17,70.07,577.24,55.27,47.79,54.43,6,32.29,52.98,61.99,58.06,55.63,2,59.08,4.23,6716.53,55.87,Inconsistent
92.33,1427.4,100.0,1197.41,100.0,427.12,100.0,93.11,100.0,0,88.54,91.59,82.95,91.55,87.42,0,100.0,2.07,5444.26,95.63,Efficient
87.46,2383.58,100.0,1919.11,92.61,688.29,97.0,100.0,85.82,0,96.81,94.18,94.43,91.32,94.38,0,66.77,2.6,5249.29,92.26,Careful
60.96,2924.16,58.69,2552.66,59.25,888.58,73.38,47.62,57.61,0,60.21,51.88,58.0,44.98,69.05,0,51.64,3.12,6506.82,58.74,Inconsistent
95.88,1335.61,92.23,1359.42,97.56,309.62,88.08,98.36,88.18,2,97.16,96.97,90.87,98.34,100.0,1,84.08,3.02,3403.42,97.5,Efficient
58.11,786.65,63.24,1264.65,66.18,201.36,75.25,61.09,59.3,11,49.87,70.08,64.77,56.17,69.26,9,60.04,3.2,6073.06,60.4,Impulsive
67.11,1771.11,62.84,1897.18,66.34,603.22,64.6,62.74,65.15,5,69.93,64.15,64.02,60.36,48.64,4,63.49,3.69,6158.33,63.79,Inconsistent
74.58,1257.67,73.89,1321.56,69.68,426.35,69.77,77.05,77.17,12,64.23,95.4,74.97,77.57,72.04,9,74.65,3.72,5268.5,75.26,Impulsive
34.8,1231.84,38.38,491.15,32.73,438.27,46.97,40.61,38.69,9,24.99,48.42,28.4,48.72,51.0,7,39.44,3.97,7060.38,32.58,Impulsive
79.02,1894.69,70.6,1473.04,75.0,533.0,79.34,75.88,84.81,1,82.9,84.09,79.24,79.98,78.89,1,79.46,2.22,5256.6,79.73,Careful
92.61,1399.03,100.0,1126.59,90.11,309.65,100.0,100.0,100.0,3,100.0,100.0,84.96,100.0,97.63,0,93.35,2.13,4199.32,94.45,Efficient
92.41,1394.39,93.82,1528.25,100.0,535.5,78.02,100.0,92.03,2,94.34,94.41,94.71,84.52,96.24,1,100.0,2.17,5380.14,90.54,Careful
81.22,1793.52,85.27,2208.97,94.74,426.27,84.1,84.27,94.63,0,82.62,92.0,89.74,95.64,88.01,0,81.42,2.52,5025.57,89.34,Careful
80.14,2046.94,79.25,2033.52,75.67,668.6,69.54,79.85,88.79,1,85.13,96.04,89.56,87.74,98.61,0,82.68,3.0,4953.3,85.53,Careful
75.56,2376.32,64.85,2472.76,87.32,419.01,79.66,77.58,78.6,3,85.09,76.54,64.47,70.05,69.64,1,82.86,4.06,6377.74,80.48,Careful
82.32,1857.31,97.38,1554.01,80.42,533.92,93.64,91.42,92.77,3,94.28,83.03,82.7,96.22,85.47,0,65.75,2.91,5225.15,91.14,Careful
46.88,1160.31,35.29,921.48,33.02,475.23,46.6,34.53,36.73,7,50.03,47.53,33.3,38.38,36.1,6,59.32,4.36,7073.64,41.04,Impulsive
77.78,1419.02,73.08,1014.04,90.46,361.53,75.9,76.44,76.29,0,82.11,79.43,75.09,73.32,80.37,0,74.85,3.19,5986.94,79.51,Efficient
67.24,920.9,68.5,1045.12,79.83,261.05,78.99,72.43,61.36,11,67.67,70.91,82.38,90.37,61.98,7,74.44,3.8,5901.36,73.05,Impulsive
47.63,1097.59,55.63,1236.08,66.63,521.23,70.21,44.31,49.04,11,56.75,61.97,35.31,53.32,48.73,8,35.31,4.42,6339.5,50.3,Impulsive
36.58,2261.63,51.4,2455.94,29.75,775.13,48.01,40.8,53.98,5,48.03,52.97,35.7,30.82,41.48,6,49.88,4.18,7531.74,40.93,Inconsistent
64.14,1917.58,67.98,1560.34,61.75,548.66,67.29,66.91,68.89,8,60.32,70.96,58.03,60.7,61.05,4,55.63,3.4,5262.82,65.83,Inconsistent
96.64,1817.41,82.23,1811.2,75.51,480.56,73.18,92.46,88.45,2,81.38,89.81,77.79,94.0,84.58,2,77.9,2.71,5246.04,83.59,Careful
65.91,1656.62,72.8,1798.67,69.3,496.28,70.63,77.1,76.25,0,83.79,67.7,77.89,77.5,73.14,2,87.6,3.03,6251.66,78.58,Careful
48.86,1431.49,33.86,1729.82,29.97,755.52,45.11,28.31,33.2,1,45.88,36.23,23.39,40.24,32.72,2,49.75,4.31,6813.24,38.38,Inconsistent
92.5,1620.72,85.53,1870.32,82.46,427.57,82.27,71.89,86.31,2,86.35,79.18,71.03,87.36,88.37,0,89.26,3.16,6327.77,84.92,Careful
68.41,2083.98,71.95,2049.25,73.51,602.38,71.83,68.11,83.86,13,61.6,64.25,67.93,72.51,83.44,10,67.33,4.09,5447.82,70.58,Inconsistent
85.3,1153.96,96.67,1298.02,90.63,303.63,91.63,80.72,89.62,2,89.43,100.0,83.56,73.72,92.76,2,81.5,2.93,4357.1,89.89,Efficient
98.79,1184.95,100.0,1125.17,100.0,327.17,100.0,94.06,96.2,1,76.4,94.67,100.0,100.0,95.54,3,100.0,2.59,5189.4,95.44,Efficient
70.74,1059.69,71.83,886.21,71.54,379.25,75.01,64.28,64.91,8,77.43,70.85,54.81,67.06,83.1,8,69.42,3.55,5351.96,68.37,Impulsive
83.86,1050.54,85.1,1176.23,74.51,383.97,75.95,89.49,92.69,1,85.91,74.89,84.78,100.0,82.89,0,95.23,2.49,6179.95,88.75,Efficient
61.55,1084.41,51.89,1250.8,46.68,496.56,39.35,38.8,58.68,7,38.24,46.46,51.23,29.17,39.98,6,37.94,4.09,6104.99,47.51,Impulsive
100.0,1047.34,100.0,1443.22,96.94,431.01,100.0,95.72,94.5,0,86.39,98.02,100.0,96.26,88.89,1,100.0,2.02,4037.03,96.24,Efficient
47.25,2336.87,44.91,2075.15,43.58,653.47,53.72,51.46,51.44,2,45.2,54.77,45.99,51.85,50.17,4,36.09,4.13,6926.71,45.94,Inconsistent
76.25,2103.94,87.5,2102.52,94.95,695.94,70.46,91.68,68.28,0,80.3,98.22,80.87,84.22,89.6,0,68.05,2.4,4843.83,84.65,Careful
56.34,1264.21,52.24,1444.76,63.1,404.08,60.96,48.37,56.31,7,41.8,56.01,58.79,59.86,48.28,8,49.63,4.0,6433.85,56.46,Impulsive
98.28,1598.71,94.82,1721.94,100.0,494.72,91.6,94.84,93.52,1,100.0,86.48,86.25,89.75,98.93,1,100.0,2.75,6111.15,97.61,Efficient
89.77,1461.07,83.36,1270.92,90.72,376.72,89.12,79.01,80.85,3,94.2,68.86,91.32,85.85,100.0,1,85.24,3.04,4586.36,87.54,Efficient
77.7,1961.45,96.96,1956.01,88.85,490.36,96.02,91.68,100.0,0,84.62,87.23,92.86,84.67,93.52,2,60.57,2.49,5404.86,87.75,Careful
86.62,1780.56,81.05,1715.86,83.27,480.05,90.55,82.93,86.78,2,93.27,97.73,87.92,86.55,76.75,2,99.88,3.08,6290.31,87.91,Careful
85.88,2359.02,81.96,2179.25,96.42,539.62,96.51,92.81,80.72,2,87.54,77.55,87.14,93.5,96.26,1,92.58,2.36,5470.47,87.93,Careful
56.71,1067.77,56.37,732.76,52.52,630.52,60.82,50.64,57.44,9,55.72,57.91,67.66,47.66,39.04,7,52.83,3.7,6434.15,53.37,Impulsive
57.25,1421.45,59.45,1348.36,55.39,439.93,44.58,60.51,63.79,8,57.43,52.66,45.77,52.57,48.72,6,50.89,3.78,5620.66,57.06,Impulsive
64.6,1177.56,49.48,1133.67,46.22,535.92,42.19,78.46,62.5,9,67.02,45.59,62.15,43.29,60.7,10,57.25,3.98,6399.65,58.16,Impulsive
88.15,1728.76,85.0,1816.77,98.23,430.95,92.81,96.05,98.09,0,81.43,99.48,85.28,90.31,79.78,0,100.0,2.67,4923.92,93.63,Careful
38.51,1037.71,32.17,1032.62,41.32,567.61,20.0,48.94,36.29,6,31.44,41.16,20.41,27.45,41.32,9,20.0,4.5,7181.62,30.72,Impulsive
59.61,1694.79,60.4,2043.55,43.79,833.22,56.22,48.65,47.47,7,45.08,61.29,75.86,48.28,56.44,9,57.51,3.66,5661.88,54.03,Inconsistent
47.61,1052.17,63.08,1048.98,65.19,294.12,49.33,50.1,52.89,7,58.51,45.56,52.67,51.03,44.33,5,44.14,4.5,6428.39,55.33,Impulsive
84.37,1284.19,79.8,1278.72,92.06,268.96,76.81,82.06,95.88,2,93.63,86.82,90.06,86.37,89.42,1,83.06,2.21,4573.98,86.77,Efficient
100.0,1589.58,100.0,1632.7,93.55,403.95,93.92,99.49,90.17,0,94.31,93.64,87.48,93.22,100.0,0,100.0,2.81,5540.35,93.5,Efficient
99.67,1244.5,100.0,1243.86,86.88,377.35,96.65,100.0,98.52,0,96.7,100.0,90.58,100.0,100.0,0,97.12,2.12,4623.97,96.43,Efficient
90.04,1546.43,92.99,1405.0,96.77,452.16,90.54,83.13,85.31,0,87.43,98.15,98.23,85.77,94.31,0,81.8,2.19,5645.33,87.38,Efficient
82.37,1865.14,83.2,1931.11,90.68,459.58,90.81,100.0,87.41,0,95.28,88.0,92.0,92.25,88.96,1,80.36,2.91,4642.15,91.22,Careful
61.19,1305.49,51.34,1388.7,59.95,455.66,52.64,43.8,62.93,8,63.02,57.5,58.16,56.16,49.56,7,69.58,3.83,6429.18,60.01,Impulsive
98.19,1551.38,81.93,1664.95,98.79,497.77,87.58,95.92,81.05,2,92.64,89.27,90.12,76.34,90.75,1,91.65,2.59,5162.46,88.1,Careful
97.08,2179.88,93.69,1740.27,79.38,488.13,100.0,79.79,93.43,3,100.0,90.94,87.95,100.0,93.18,0,91.53,3.14,4743.73,94.65,Careful
100.0,1789.02,95.52,1896.67,94.95,413.38,81.88,96.0,100.0,1,76.24,99.63,74.99,81.93,92.51,1,100.0,3.15,4524.8,90.6,Careful
87.22,1085.19,88.33,915.0,88.72,190.22,84.41,78.14,92.57,1,100.0,100.0,83.55,82.11,83.54,0,86.39,2.61,4722.23,90.16,Efficient
62.66,1925.19,58.33,1957.08,63.49,828.41,62.97,80.29,71.61,5,64.59,62.27,70.58,81.2,72.03,5,50.18,3.58,5421.21,64.16,Inconsistent
46.54,1610.14,41.19,1478.52,44.51,503.83,53.17,48.23,51.72,10,52.64,60.31,47.0,37.93,58.28,11,46.76,4.99,6490.62,48.93,Impulsive
95.28,1927.69,89.45,2998.11,93.26,629.31,91.62,76.08,97.93,3,92.4,95.78,83.33,91.65,79.25,0,91.07,2.71,5671.45,87.93,Careful
83.01,1137.16,85.41,921.32,97.08,293.2,73.78,76.19,82.63,4,83.47,100.0,77.48,74.15,77.1,1,86.68,2.89,6614.25,81.74,Efficient
77.56,1163.6,80.52,1353.28,88.7,467.49,86.34,77.68,85.32,0,87.24,91.83,87.06,90.09,84.7,1,76.85,2.52,5695.41,80.74,Efficient
97.58,1412.52,98.05,1324.08,88.57,424.26,93.97,95.88,100.0,3,84.58,100.0,80.67,98.85,84.44,0,83.26,2.53,4585.68,94.96,Efficient
60.68,1400.41,47.64,1209.87,51.28,340.36,37.83,70.27,44.59,6,40.36,49.27,42.62,52.68,37.67,6,60.0,3.55,5911.17,52.4,Impulsive
29.29,1674.75,40.33,2048.66,47.79,601.53,37.59,25.19,31.27,1,38.52,21.01,26.88,23.57,37.67,4,56.21,5.01,7536.01,36.1,Inconsistent
100.0,1961.67,91.27,2025.1,100.0,605.36,85.42,97.13,95.24,3,88.16,91.01,100.0,93.64,88.61,0,100.0,2.32,3892.75,100.0,Careful
39.95,1066.49,34.16,984.7,38.65,315.37,43.08,41.45,35.9,9,52.36,52.53,57.15,28.79,35.6,11,44.33,3.91,5895.21,37.95,Impulsive
79.4,1622.31,73.79,2106.98,61.28,616.04,83.68,56.75,54.89,1,81.12,71.12,51.3,55.46,70.71,1,58.47,3.68,5950.12,61.08,Careful
84.65,2187.32,98.01,1892.68,77.4,489.05,75.24,80.36,82.75,0,78.67,69.93,83.86,79.39,71.33,0,64.77,2.39,5885.28,80.33,Careful
97.67,775.49,92.03,697.57,93.63,405.25,99.12,91.02,93.06,2,93.87,100.0,94.92,84.79,85.11,0,95.93,2.52,5050.19,94.84,Efficient
73.72,1182.73,71.68,1328.1,62.35,456.97,68.02,58.92,45.77,8,57.44,58.21,62.23,65.86,75.21,6,62.29,3.99,5423.38,61.25,Impulsive
100.0,1270.42,98.02,1294.22,100.0,194.01,81.23,100.0,100.0,1,87.95,87.67,100.0,100.0,100.0,1,93.3,2.58,4449.32,99.56,Efficient
100.0,1012.76,100.0,1096.1,100.0,351.25,92.84,100.0,100.0,2,100.0,100.0,100.0,100.0,92.35,1,82.34,2.17,3824.93,94.37,Efficient
84.13,1850.24,95.48,1465.14,93.09,474.76,94.5,93.74,95.01,1,100.0,84.02,90.72,98.79,97.3,0,97.59,2.38,5447.27,94.64,Efficient
43.79,1271.83,48.61,1504.47,42.81,402.78,40.36,33.02,38.6,7,30.59,48.85,49.41,42.64,46.49,6,50.85,4.49,5990.26,46.59,Impulsive
85.17,1272.88,84.72,1086.61,88.99,242.2,97.18,100.0,84.18,1,76.11,80.29,92.38,72.65,91.37,3,78.26,2.65,6570.5,83.92,Efficient
94.98,1985.08,89.65,1976.11,86.17,429.23,85.96,100.0,100.0,0,98.62,65.28,72.61,90.53,89.26,0,90.77,2.63,5456.89,86.9,Careful
77.48,1249.3,80.73,1122.52,81.52,574.4,89.33,86.26,83.14,4,88.84,70.62,84.89,83.29,81.12,3,79.27,2.7,4980.84,81.44,Efficient
55.64,1119.38,41.23,1281.81,57.49,462.21,62.19,56.73,62.79,8,67.94,57.13,49.29,65.99,64.38,8,61.3,3.48,6602.96,59.08,Impulsive
55.57,1155.83,48.09,1290.52,46.59,204.05,54.07,50.41,49.71,8,57.82,40.22,46.65,40.91,44.46,7,37.28,4.04,5604.14,50.41,Impulsive
23.81,1738.97,25.65,2116.46,20.0,597.21,28.42,35.31,33.59,3,23.52,32.75,20.16,22.86,28.79,4,22.59,4.73,7855.55,22.6,Inconsistent
83.91,1698.96,84.23,1461.84,97.46,431.6,96.16,93.0,85.44,0,98.31,82.38,100.0,100.0,95.11,0,97.43,3.23,5183.09,93.0,Careful
46.75,2014.81,43.02,1787.53,52.03,702.1,45.34,54.22,64.74,6,53.62,63.91,43.75,54.94,59.52,8,61.89,3.63,7277.3,56.32,Inconsistent
86.99,1085.63,99.52,746.08,87.92,276.98,100.0,79.21,95.7,2,87.26,98.25,92.3,88.12,89.32,3,84.75,2.51,4930.67,91.49,Efficient
47.0,1006.32,52.25,938.1,56.54,516.21,54.88,44.46,55.45,7,40.86,42.26,47.17,56.57,38.83,10,56.22,4.09,6700.31,53.75,Impulsive
79.13,1152.59,65.38,1299.35,69.11,465.86,87.56,75.45,72.53,1,81.02,75.0,75.41,85.1,69.89,3,71.03,2.65,6694.92,72.18,Efficient
86.1,2135.69,100.0,2046.23,84.55,478.96,91.79,92.99,89.46,4,86.52,94.07,82.33,96.28,85.12,2,99.41,1.43,4776.16,91.0,Careful
43.52,1169.14,56.89,1339.9,56.12,386.11,69.35,54.26,50.72,9,57.46,55.91,54.27,45.08,54.07,8,50.1,3.87,7840.81,53.8,Impulsive
56.96,1782.0,43.3,1547.15,57.68,557.0,61.69,60.91,58.35,6,71.19,60.38,58.45,53.07,45.32,4,62.26,3.38,6444.76,56.4,Inconsistent
54.13,1311.77,45.24,1786.14,44.97,665.83,63.2,52.71,48.74,8,48.95,54.13,44.62,54.63,64.91,5,53.82,4.74,6808.78,59.5,Inconsistent
72.66,1672.73,73.93,1447.34,79.3,610.67,75.13,72.42,69.71,7,70.17,78.89,80.38,74.6,81.57,3,77.04,2.99,4436.4,74.82,Inconsistent
32.32,1107.21,53.79,1614.89,57.99,611.16,32.2,42.72,34.91,0,38.19,55.1,36.94,38.38,33.13,2,50.98,4.4,6358.11,47.35,Inconsistent
66.43,2235.23,66.89,2296.27,61.86,545.6,60.48,70.28,58.85,3,66.24,64.95,70.1,89.38,62.43,1,73.94,3.42,5200.09,67.46,Careful
65.39,1573.99,61.71,1411.03,73.72,565.27,65.74,62.35,77.9,10,82.4,65.29,56.98,82.83,71.69,6,71.71,3.67,5627.42,67.81,Inconsistent
38.31,1024.93,50.23,1071.76,59.19,473.02,48.76,54.63,54.2,9,50.26,41.61,49.69,57.78,52.36,9,54.86,3.2,6555.83,50.75,Impulsive
52.41,1446.97,65.7,1513.53,63.85,517.4,69.71,67.41,61.35,11,70.83,60.23,64.54,60.08,66.26,5,59.18,3.19,5753.37,62.93,Impulsive
97.83,2176.34,87.83,2041.15,100.0,363.36,91.24,93.51,94.31,4,93.75,81.58,96.66,85.0,90.41,2,89.19,2.41,4614.67,94.66,Careful
91.11,1374.79,80.29,2009.06,88.62,652.95,86.79,81.61,79.14,4,88.14,84.89,89.66,70.52,84.19,4,95.61,2.38,5833.72,85.58,Inconsistent
34.79,1739.24,39.39,1701.53,46.6,583.45,46.29,43.29,32.76,4,35.61,36.57,34.27,24.99,47.53,6,39.9,4.58,7328.35,43.55,Inconsistent
47.6,1080.41,46.21,925.73,44.04,607.9,41.57,52.99,60.7,10,61.33,55.25,29.68,34.02,57.45,9,63.51,3.37,6662.13,54.53,Inconsistent
67.37,1708.44,85.44,1761.71,85.34,686.74,96.25,64.99,79.79,7,68.69,70.95,72.86,79.94,71.57,5,77.18,2.86,5623.33,74.2,Inconsistent
77.13,1817.22,62.05,1796.71,71.64,718.95,72.34,77.8,69.04,5,52.81,64.16,72.32,73.32,86.28,5,78.05,2.82,6385.58,72.32,Inconsistent
100.0,1755.57,98.05,1559.88,92.86,530.44,94.51,77.14,93.46,2,79.36,78.71,93.25,82.8,91.65,2,92.95,2.09,4968.13,93.41,Careful
90.58,1914.73,89.04,1907.55,73.3,563.64,96.17,99.82,76.91,2,96.1,100.0,73.64,84.27,81.21,0,96.77,2.38,5113.59,88.82,Careful
80.11,1574.52,79.85,1314.14,82.21,432.86,79.47,83.26,78.56,12,97.66,79.47,86.04,76.13,88.95,7,88.08,3.45,4525.72,85.53,Impulsive
39.52,1488.08,46.7,1247.4,41.06,410.97,60.31,58.18,51.37,0,41.59,43.38,54.96,47.56,48.47,1,52.3,3.69,6704.83,50.85,Inconsistent
76.28,754.82,72.98,937.06,63.03,384.31,64.2,76.04,74.86,7,69.53,82.34,83.76,83.67,83.7,6,71.67,2.98,6020.22,78.87,Impulsive
48.09,1131.35,51.5,1107.12,36.27,316.49,58.8,51.39,44.85,8,64.18,51.58,40.56,63.82,62.08,8,43.06,4.27,6472.54,53.08,Impulsive
100.0,1750.18,91.17,1569.01,100.0,367.83,95.49,100.0,100.0,0,95.81,83.62,100.0,93.37,98.07,1,97.03,2.22,4743.91,93.64,Careful
57.09,2055.95,51.91,2271.44,45.93,615.02,50.65,45.76,37.17,3,44.19,55.08,48.84,48.53,59.86,6,42.33,3.39,6182.66,49.81,Inconsistent
33.39,1302.76,39.67,1423.46,24.0,508.73,37.04,43.17,41.99,9,40.52,35.97,31.4,35.73,49.61,7,38.84,4.35,7683.0,32.57,Impulsive
65.03,1439.94,63.55,1474.1,71.28,463.3,62.31,60.37,68.29,12,66.35,67.56,56.39,53.35,57.17,10,56.12,3.89,5460.14,66.86,Impulsive
57.63,1259.79,55.32,1108.22,62.45,499.96,48.43,57.27,50.45,4,70.95,66.5,52.45,43.75,62.52,3,58.21,3.71,6471.72,55.29,Inconsistent
99.75,1200.77,86.27,1921.88,91.43,590.34,87.98,82.35,81.33,0,90.21,80.81,86.76,85.23,85.63,2,72.33,2.72,4396.1,88.69,Careful
91.55,1996.94,88.69,1768.05,97.21,433.88,90.49,85.26,95.24,3,91.13,95.55,88.01,81.97,100.0,0,100.0,2.26,6267.94,92.29,Careful
79.15,2131.48,82.51,1918.34,71.1,642.7,83.69,88.05,71.99,1,83.38,88.58,70.69,82.52,81.77,2,84.57,3.26,4462.66,82.34,Inconsistent
55.59,1744.34,47.27,1936.5,57.85,680.71,45.5,49.14,47.81,3,49.58,39.55,34.28,51.26,41.55,3,69.44,4.02,6815.08,52.14,Inconsistent
53.06,1262.58,58.17,1293.15,43.66,437.91,59.25,58.0,56.97,9,70.86,69.17,64.53,64.35,58.06,7,59.98,4.07,6777.74,57.06,Impulsive
81.71,1683.58,87.97,1549.61,76.93,519.93,87.07,86.92,89.15,0,71.61,69.62,82.1,84.49,76.67,0,73.29,3.35,5198.43,79.56,Careful
69.83,1440.69,62.34,1670.54,70.25,678.82,60.49,61.0,70.69,4,69.49,64.19,63.26,67.44,51.36,2,59.22,3.01,5554.51,69.86,Inconsistent
81.84,1104.97,58.09,1482.54,83.98,458.18,83.43,73.4,75.83,10,70.38,59.86,77.99,75.32,75.49,7,77.69,3.85,5509.36,74.51,Impulsive
78.0,1082.06,89.5,1424.29,78.86,312.26,94.24,92.18,90.89,0,90.09,77.49,82.76,80.72,89.05,0,82.25,3.25,5629.96,86.42,Efficient
89.64,1282.65,83.86,1311.07,84.21,319.87,87.71,88.3,86.02,1,91.25,74.14,82.81,86.42,81.81,0,100.0,2.58,4673.52,85.93,Efficient
100.0,1285.15,85.66,1011.08,87.75,215.17,84.42,83.19,83.69,0,87.73,81.67,81.91,62.56,98.96,2,100.0,3.17,5394.84,89.34,Efficient
96.13,801.32,96.19,823.74,84.72,331.8,85.37,94.89,85.39,1,92.17,89.66,92.46,100.0,86.21,0,100.0,2.29,3915.0,92.84,Efficient
87.34,1282.95,90.99,1294.73,88.89,96.08,100.0,80.09,88.57,1,93.63,78.05,85.25,89.39,100.0,0,89.23,3.25,5685.01,91.67,Efficient
24.72,1495.98,20.0,1755.36,20.0,646.13,20.0,20.0,25.56,5,20.0,20.0,25.06,20.0,29.43,7,20.0,5.57,7514.1,26.01,Inconsistent
44.97,1848.18,38.96,1411.43,38.58,465.92,39.6,32.37,42.98,6,29.7,40.41,46.78,28.82,26.29,1,27.63,3.91,8015.04,34.46,Inconsistent
89.95,2197.96,78.68,1763.17,74.08,272.8,83.73,76.88,76.35,1,79.84,75.27,96.46,77.87,79.73,0,87.27,2.69,6561.9,79.15,Careful
59.31,1543.58,69.23,1772.3,64.89,573.54,76.6,68.85,60.14,4,68.27,61.31,49.72,71.27,66.96,7,89.53,2.73,6102.7,71.54,Inconsistent
100.0,1681.17,88.39,1935.32,92.52,321.46,100.0,88.61,91.91,0,95.42,80.72,79.79,89.71,89.99,1,94.78,2.54,4904.43,90.01,Careful
49.3,1905.23,44.7,2047.74,61.22,738.52,63.86,63.07,60.34,9,47.62,65.77,50.83,40.05,48.98,8,55.33,3.91,5864.36,50.04,Inconsistent
40.04,1379.1,51.2,1265.34,30.63,434.67,39.85,39.91,42.61,2,48.14,35.43,46.76,49.31,52.94,2,43.18,3.99,7576.92,39.67,Inconsistent
84.3,1269.23,77.37,1093.3,85.71,354.62,79.54,99.22,82.89,1,86.38,82.22,77.54,92.89,86.66,0,100.0,2.08,4690.75,89.3,Efficient
96.8,1877.13,96.83,1666.99,86.86,300.37,95.11,89.69,81.65,0,94.45,90.24,100.0,100.0,94.76,0,91.31,1.75,4942.76,92.11,Careful
90.64,1984.68,100.0,1646.37,93.38,550.75,100.0,80.76,77.71,1,87.2,94.18,92.92,97.0,67.02,1,98.59,3.03,5590.76,85.91,Careful
80.24,1764.06,78.84,2153.23,77.74,389.67,98.51,78.19,91.11,0,75.08,87.38,85.43,93.2,92.04,0,84.07,2.14,5890.98,90.28,Careful
41.87,794.91,59.22,1060.46,49.69,503.49,59.79,48.91,49.7,8,40.82,56.6,43.52,46.63,50.53,6,51.61,4.14,6444.55,47.0,Impulsive
93.29,1650.84,87.88,1822.93,81.52,624.53,83.72,82.54,84.31,6,85.96,82.71,71.58,98.48,86.41,5,86.72,3.4,5098.5,86.0,Inconsistent
91.59,848.2,88.21,1062.82,100.0,328.11,100.0,89.19,94.97,0,92.33,85.71,96.16,91.41,87.11,2,81.42,2.45,5292.51,91.2,Efficient
52.58,1941.18,50.29,1715.59,52.38,469.03,58.04,52.8,48.37,11,48.24,52.28,44.92,55.04,46.03,10,43.79,4.11,6547.42,49.66,Impulsive
84.1,1717.9,70.98,1582.78,61.11,645.47,67.17,89.8,76.2,3,87.4,75.88,71.75,92.8,72.75,2,73.48,2.69,4621.43,74.75,Inconsistent
78.73,1872.03,79.29,2051.91,75.06,310.33,85.67,90.21,74.85,1,84.57,82.61,87.1,84.27,72.74,2,73.01,2.62,5763.61,78.01,Careful
66.85,2053.99,68.95,2212.49,69.24,421.88,63.8,65.6,77.13,0,66.43,74.7,63.38,81.76,78.18,2,69.88,2.65,5074.09,66.84,Careful
75.93,830.45,71.2,1103.97,53.64,621.74,51.18,65.4,56.89,6,61.21,63.36,63.02,72.76,78.42,7,59.43,3.24,5922.52,61.84,Impulsive
21.87,2043.0,27.14,1904.11,32.24,579.73,21.79,31.35,20.0,5,20.0,27.94,39.76,20.0,20.0,6,27.05,4.56,8406.22,24.84,Inconsistent
54.38,1591.83,37.77,1825.86,62.37,546.97,66.46,59.79,65.37,8,53.39,58.64,54.04,66.99,54.12,7,79.95,3.47,6219.55,62.26,Inconsistent
85.57,939.73,100.0,731.7,100.0,396.8,85.13,99.73,93.6,2,97.04,88.23,82.04,78.99,76.99,1,100.0,3.55,4444.66,91.64,Efficient
60.15,919.87,49.83,683.05,64.75,453.58,62.85,59.29,60.88,6,55.36,65.99,60.76,62.44,63.97,7,50.72,3.91,6446.13,56.5,Impulsive
57.68,1314.06,50.74,1253.52,42.11,528.87,62.23,46.29,45.29,7,45.9,39.22,45.52,47.37,55.08,5,45.74,3.84,6888.18,52.24,Inconsistent
60.08,1936.96,69.16,2231.08,58.46,807.49,59.3,56.53,63.99,3,49.4,54.95,58.44,51.2,69.61,5,61.31,3.64,6414.95,62.92,Inconsistent
40.76,986.34,46.05,1145.28,53.61,532.59,32.01,44.35,37.07,6,43.47,34.17,47.0,42.3,51.68,8,56.76,4.16,6188.31,45.04,Impulsive
87.53,1378.54,94.58,1378.17,92.59,287.57,96.77,100.0,82.36,2,91.98,100.0,86.9,85.95,73.74,2,92.59,2.59,4391.12,89.86,Efficient
64.93,2618.68,53.77,2324.41,58.74,762.58,52.63,68.07,45.83,5,47.07,62.3,49.26,47.41,48.91,3,70.79,3.73,6208.87,54.07,Inconsistent
92.24,1306.77,85.72,1842.54,83.65,372.39,96.77,75.44,94.47,4,80.75,87.16,87.24,82.45,79.77,3,82.54,2.89,5239.01,86.66,Efficient
78.7,593.43,75.72,1018.7,91.12,331.15,100.0,79.36,88.3,2,77.56,81.69,88.99,83.5,77.0,0,75.49,3.11,5728.77,82.83,Efficient
97.35,1494.44,100.0,1521.66,87.31,471.71,90.07,92.7,100.0,0,100.0,100.0,100.0,97.02,100.0,0,79.56,2.02,5213.42,96.85,Efficient
57.6,1057.71,56.38,1395.06,37.6,466.06,56.49,57.76,62.53,8,49.59,36.89,46.86,46.05,60.73,3,30.38,3.2,7225.69,50.89,Impulsive
100.0,1305.64,94.65,1344.64,94.39,226.59,93.9,100.0,96.78,3,100.0,91.46,100.0,95.38,98.83,0,81.92,2.58,4640.26,99.07,Efficient
59.75,902.52,42.62,999.19,59.04,496.61,48.53,73.87,48.6,9,51.55,53.41,50.2,44.16,69.77,9,46.65,4.12,6316.8,55.09,Impulsive
46.66,1035.33,60.0,1148.12,45.5,423.05,54.18,50.37,58.24,9,50.91,45.59,61.56,47.03,54.88,7,65.11,4.36,5964.95,56.46,Impulsive
50.16,1018.47,63.58,938.44,49.09,441.74,49.18,47.77,55.19,5,46.81,57.99,59.51,55.92,49.22,5,38.42,3.61,5679.76,49.61,Inconsistent
40.9,1604.44,55.8,1491.67,38.06,548.17,59.91,41.06,41.01,10,63.7,47.68,57.75,44.56,43.99,8,20.0,3.88,6863.31,44.9,Inconsistent
20.62,1839.72,20.0,2014.82,26.91,618.48,20.0,20.0,20.0,2,20.0,20.0,20.0,20.0,20.0,1,20.0,5.45,8824.52,16.02,Inconsistent
65.77,1638.29,73.74,1992.65,55.15,573.77,63.28,72.89,63.73,3,54.54,72.76,76.4,67.05,51.73,4,73.77,3.27,5437.57,66.79,Inconsistent
57.54,2178.7,54.92,1780.92,58.17,606.43,49.48,63.59,54.68,4,47.92,60.86,61.25,50.28,62.15,5,62.87,3.67,6895.56,55.66,Inconsistent
54.99,994.97,48.81,1264.55,54.5,451.89,73.47,59.95,54.23,9,49.7,44.96,51.1,63.82,54.33,8,49.12,4.81,6829.45,58.24,Impulsive
61.13,880.85,70.74,1291.4,62.61,413.84,64.69,71.03,61.03,8,73.19,54.7,67.93,64.75,72.1,6,53.11,3.96,6037.33,65.15,Impulsive
88.6,1816.53,79.27,1866.71,92.38,486.83,68.19,79.61,87.75,0,88.12,82.4,86.47,85.29,72.26,0,80.89,3.0,5819.21,85.92,Careful
89.1,1898.66,88.6,2354.34,82.26,478.83,84.91,76.33,92.7,0,99.5,84.27,100.0,77.51,72.95,0,76.57,3.16,6146.81,84.54,Careful
100.0,1149.22,89.76,1159.26,83.74,323.98,92.39,100.0,86.15,1,98.32,100.0,74.19,96.4,97.94,0,90.71,2.38,5760.06,89.32,Efficient
89.67,2104.12,80.44,2167.85,92.46,519.1,89.22,100.0,89.1,1,82.91,87.09,78.31,92.31,93.78,1,100.0,2.55,5856.86,88.0,Careful
20.0,1762.95,20.0,1814.86,20.0,656.4,20.0,20.0,21.74,7,20.0,29.73,30.71,20.0,20.0,8,20.0,4.83,7006.48,17.41,Inconsistent
74.59,1518.58,69.94,1384.42,72.99,757.36,66.55,81.38,77.62,4,66.32,73.66,83.81,88.94,68.32,7,98.05,2.79,5118.19,73.35,Inconsistent
29.41,1748.71,29.57,2038.64,25.15,798.05,47.47,30.41,34.39,7,34.87,43.05,26.59,43.55,23.98,5,44.7,3.97,6877.6,37.11,Inconsistent
84.56,1980.95,80.02,2060.9,94.6,479.33,79.92,89.3,85.55,0,82.14,98.76,86.74,82.44,81.67,0,90.84,2.66,4818.17,89.78,Careful
84.52,2565.51,72.74,2182.44,92.88,772.82,86.13,85.65,97.21,7,86.48,86.14,79.31,82.73,100.0,5,95.5,3.29,5028.97,87.78,Inconsistent
63.66,1049.67,68.96,1028.23,69.46,555.12,60.22,61.88,81.71,11,60.22,70.24,59.31,62.43,56.05,9,55.15,3.81,5264.57,66.57,Impulsive
67.04,2333.02,78.32,2166.84,72.53,433.18,80.2,70.23,70.06,0,88.87,68.94,68.92,79.29,53.31,1,82.19,3.16,6754.06,77.05,Careful
49.37,1803.11,49.79,1588.93,47.01,647.35,42.36,53.26,55.83,2,44.31,42.86,51.62,38.53,37.68,5,42.05,4.47,6129.18,47.83,Inconsistent
43.66,1462.12,31.01,1239.82,49.56,494.35,55.37,43.71,37.56,7,39.83,37.76,38.24,46.31,43.36,6,50.16,5.01,8066.25,44.77,Inconsistent
100.0,1343.45,100.0,1276.78,100.0,563.19,93.18,92.47,98.75,0,95.29,99.33,100.0,100.0,97.7,3,100.0,2.16,4771.21,100.0,Efficient
64.43,726.39,62.12,1306.1,62.89,499.26,66.6,51.85,56.31,4,55.7,46.75,54.96,67.76,58.97,4,44.96,3.04,7112.72,57.41,Inconsistent
81.77,1034.02,80.58,731.08,96.22,496.66,75.65,89.87,92.26,3,90.49,87.43,82.64,98.73,81.97,3,92.47,2.49,5483.59,89.63,Inconsistent
69.49,829.24,82.08,948.86,71.47,433.5,60.75,71.18,68.1,8,54.99,70.88,72.31,75.32,80.41,5,69.75,3.28,5467.33,70.79,Impulsive
99.55,1722.64,96.9,1817.84,100.0,662.83,94.51,100.0,87.15,9,100.0,97.05,87.96,100.0,100.0,8,77.44,2.69,5783.59,97.4,Inconsistent
99.34,1757.73,100.0,1538.6,100.0,299.17,100.0,88.76,95.07,1,90.07,77.03,92.11,76.88,88.67,0,79.62,2.24,4505.62,94.5,Careful
48.31,1094.78,67.97,652.67,51.78,357.95,72.79,70.23,63.0,11,53.43,55.5,56.15,65.47,62.61,8,72.15,4.34,6398.88,59.47,Impulsive
90.55,1148.53,91.43,1136.25,74.27,422.89,88.84,82.68,92.28,2,75.79,79.23,70.67,92.73,77.42,2,77.48,3.23,5815.24,84.5,Efficient
59.46,1100.72,55.72,1035.84,54.03,357.67,56.87,63.42,65.99,5,64.39,57.86,71.18,69.9,62.7,4,58.11,3.06,6097.15,57.76,Inconsistent
100.0,1570.79,91.24,1252.36,100.0,307.02,98.81,100.0,100.0,0,100.0,100.0,93.4,93.43,99.99,0,97.67,2.26,4625.35,95.98,Careful
40.37,1052.15,41.88,1142.55,57.04,461.55,49.92,47.77,45.83,7,48.56,52.73,58.19,29.32,43.67,5,51.75,3.92,7247.9,44.79,Impulsive
89.26,2089.31,83.16,1879.72,88.33,420.11,97.03,82.28,91.72,2,90.02,84.38,88.12,77.89,91.34,0,78.18,2.25,4103.12,90.24,Careful
38.0,1016.34,47.23,873.23,41.07,546.94,41.66,35.93,38.94,10,46.31,42.88,64.98,49.76,35.8,6,31.19,3.9,6262.03,43.34,Impulsive
62.04,1920.56,61.39,2024.61,68.6,756.94,75.73,74.55,66.56,6,73.47,68.5,63.92,77.48,71.04,5,74.39,2.92,5780.54,66.41,Inconsistent
77.52,1759.79,76.17,1861.21,74.25,453.14,81.76,88.85,81.05,2,80.31,79.98,81.07,91.19,83.47,2,95.68,2.68,6906.21,85.67,Careful
94.46,719.07,82.73,1075.83,100.0,275.19,73.45,88.32,93.15,0,86.7,89.4,100.0,100.0,87.53,1,88.79,2.71,5608.57,90.71,Efficient
31.16,825.14,45.53,482.78,42.75,498.28,23.98,44.84,44.15,11,38.95,56.45,42.03,40.67,43.83,9,31.53,4.4,6591.85,43.99,Impulsive
74.68,1084.73,63.32,1193.43,75.53,323.94,56.19,63.29,59.68,8,74.56,76.65,62.74,72.9,76.73,9,63.23,3.48,6498.02,69.84,Impulsive
63.14,1924.31,73.93,1695.76,75.85,736.75,71.4,61.04,64.53,2,45.16,65.64,73.0,64.67,61.85,2,63.89,3.09,7270.28,65.86,Inconsistent
58.34,908.05,48.17,929.06,80.24,372.64,72.29,67.94,71.32,9,61.03,52.55,62.86,60.88,58.55,7,61.03,2.63,5294.45,60.55,Impulsive
42.52,1121.76,51.94,773.57,43.33,364.56,59.86,55.98,51.79,9,52.81,45.57,50.17,58.6,50.01,5,38.71,4.39,7967.17,50.35,Impulsive
63.47,1718.72,68.89,1523.21,64.13,564.37,65.59,57.52,58.79,0,72.37,67.66,54.4,64.03,43.59,3,57.41,3.59,6397.25,64.08,Inconsistent
91.99,1220.65,81.48,1522.23,86.06,434.46,95.37,79.74,88.82,2,83.63,87.03,86.06,79.08,83.3,0,86.69,2.45,6557.7,83.43,Efficient
80.69,1917.61,88.49,1721.04,79.01,587.67,77.69,86.82,80.86,0,93.22,79.72,76.89,83.41,86.93,0,86.33,2.8,5022.66,82.62,Careful
91.13,1401.91,92.26,1295.76,83.21,478.37,91.74,93.93,73.97,2,89.77,100.0,85.0,67.16,80.83,1,71.0,3.17,4984.42,84.48,Efficient
59.67,1311.56,61.44,1339.88,67.44,465.44,55.64,39.49,56.82,12,58.08,48.2,57.66,53.59,45.74,8,62.52,4.02,5875.31,57.68,Impulsive
52.06,1207.49,67.88,1494.74,59.61,463.26,53.55,61.09,53.13,3,52.09,48.67,51.82,71.21,54.49,2,64.55,4.35,6616.06,56.18,Inconsistent
54.96,1094.84,45.96,624.23,43.35,368.0,66.62,57.57,56.15,8,50.71,55.6,45.56,56.56,44.06,7,50.22,4.08,7466.92,52.67,Impulsive
89.94,685.54,93.76,1227.31,80.39,419.88,86.65,87.98,95.79,0,74.65,79.22,100.0,84.32,71.38,0,81.26,3.02,4326.06,82.56,Efficient
86.31,1452.37,84.17,1521.78,89.1,451.77,95.54,96.39,98.28,2,79.33,81.51,82.48,89.81,81.22,0,83.63,2.61,5839.24,89.21,Efficient
70.33,1972.18,66.29,1953.75,74.15,346.58,89.52,80.21,73.8,1,66.82,72.97,72.43,85.93,86.54,1,68.99,3.02,4690.54,75.24,Careful
20.0,1588.96,22.27,2043.96,20.0,464.01,20.0,22.93,20.0,6,23.62,20.0,20.0,20.0,20.59,4,25.39,4.56,8264.08,21.09,Inconsistent
81.63,1165.2,70.42,1101.29,68.58,421.6,77.92,76.72,79.99,7,77.28,64.71,61.43,84.23,73.03,4,76.24,3.33,5784.02,75.8,Inconsistent
100.0,1239.49,96.4,1576.08,93.85,281.62,77.25,97.1,90.72,0,91.41,100.0,88.98,89.74,98.69,0,100.0,1.61,5097.6,91.65,Efficient
94.39,1258.89,77.13,1145.58,89.78,249.88,95.96,100.0,93.1,0,89.15,88.51,90.27,99.0,96.81,2,93.81,1.9,4735.58,91.69,Efficient
87.3,1354.54,85.61,1088.02,76.6,351.46,80.41,83.94,76.32,1,79.65,90.52,81.54,79.07,94.12,1,88.61,3.62,5415.53,86.07,Efficient
57.94,1202.71,51.92,1345.17,48.66,481.94,36.92,53.36,48.23,6,47.31,65.3,37.96,39.03,54.22,5,48.9,4.0,6588.61,50.78,Impulsive
56.77,971.4,68.75,1215.32,57.56,376.92,49.33,59.25,55.16,6,47.22,58.14,50.17,53.22,55.44,7,36.86,4.18,6140.83,53.83,Impulsive
46.34,1240.93,51.6,1323.25,48.7,581.72,55.71,51.91,52.34,12,57.92,54.53,50.04,33.39,54.2,6,41.88,3.59,6706.04,50.2,Impulsive
99.28,1610.31,93.3,1727.98,100.0,616.84,89.45,100.0,97.74,2,100.0,100.0,100.0,100.0,86.3,0,98.28,1.91,4780.33,94.06,Careful
68.54,1519.6,72.81,1576.6,90.72,416.3,83.91,80.61,78.74,0,67.65,89.17,81.36,71.45,83.87,0,88.85,3.01,6151.41,81.05,Careful
85.65,1185.68,77.54,795.71,75.98,436.0,100.0,84.31,88.16,2,86.38,85.11,80.4,84.64,89.82,0,99.89,2.73,5614.32,86.17,Efficient
58.53,1439.92,45.79,1319.56,50.48,267.55,53.56,60.86,67.31,11,62.87,55.18,48.73,66.62,59.19,9,27.88,3.5,7435.63,56.38,Impulsive
52.38,961.45,45.62,1245.75,63.15,365.23,45.42,41.36,62.23,9,58.05,60.56,53.24,45.7,47.29,7,54.33,4.09,6578.4,52.23,Impulsive
91.42,1661.87,80.86,2593.1,85.02,417.34,69.12,77.19,90.62,3,77.26,90.25,76.7,82.73,97.83,0,90.82,2.24,5188.46,83.49,Careful
88.42,1808.87,80.48,1855.37,84.29,473.36,91.77,90.11,100.0,0,80.29,90.05,79.67,87.95,88.28,0,98.66,2.35,5164.47,90.0,Careful
90.76,1451.17,93.74,1736.2,94.26,498.56,88.45,71.94,87.16,3,84.59,88.57,83.37,94.22,100.0,0,98.2,2.59,5592.48,95.79,Careful
69.2,923.96,63.0,1440.54,65.18,562.46,80.61,61.66,60.79,3,55.75,61.38,71.87,68.29,75.16,4,66.94,3.22,6421.79,63.55,Inconsistent
77.23,1447.58,72.94,2053.17,71.12,641.97,65.87,71.85,74.1,8,71.38,70.44,70.55,85.75,72.49,7,73.11,3.07,5564.29,78.17,Inconsistent
91.76,1796.02,86.61,1738.66,89.3,370.6,88.57,69.66,68.26,2,88.36,79.72,73.43,79.97,93.94,2,89.76,2.63,5348.87,85.62,Careful
46.67,1659.49,54.22,1459.26,48.4,478.41,63.31,56.59,64.86,0,51.59,72.39,55.25,51.0,74.5,2,38.78,2.97,6350.76,58.0,Inconsistent
73.53,1404.09,74.98,1080.49,66.25,472.45,76.43,61.35,74.74,8,71.72,74.32,72.22,78.61,85.44,8,81.58,2.9,5781.86,72.22,Impulsive
66.2,904.04,60.92,883.06,83.84,482.47,66.85,64.48,72.12,7,62.05,73.04,51.63,61.35,73.37,6,79.11,3.96,5553.8,63.59,Impulsive
78.57,1388.93,71.82,1559.1,69.98,435.68,68.69,94.9,80.03,11,66.24,68.69,60.91,86.64,77.47,9,81.69,2.92,4821.35,75.01,Impulsive
88.92,2351.7,97.84,2311.87,83.65,907.82,82.86,82.9,91.26,8,86.19,81.25,81.63,86.98,80.18,8,92.99,3.0,4713.5,87.49,Inconsistent
96.13,1894.18,92.46,1775.18,98.78,488.47,94.19,96.25,97.85,2,88.57,99.9,89.8,79.85,88.42,2,84.55,2.65,5791.44,92.08,Careful
34.8,1657.38,37.83,1704.76,37.5,689.57,43.76,36.57,37.75,4,50.92,23.57,38.13,35.74,37.05,2,41.96,4.57,7723.5,38.59,Inconsistent
83.82,1019.89,91.7,850.42,90.73,222.28,79.5,93.9,82.56,3,98.34,92.14,78.85,83.67,83.53,2,89.35,2.72,5373.51,85.72,Efficient
59.69,1077.21,71.37,971.39,66.69,314.17,49.39,64.24,63.22,11,60.39,66.92,59.37,59.47,58.84,8,39.71,3.9,5814.17,61.16,Impulsive
98.95,1429.26,100.0,1614.97,88.39,480.74,84.89,95.99,100.0,0,100.0,83.53,90.69,98.62,99.17,2,97.14,2.92,4682.28,97.93,Efficient
69.45,1169.97,58.8,1167.31,55.78,589.91,56.61,75.21,59.49,11,73.27,56.92,49.54,66.21,55.48,9,63.35,3.75,6280.44,63.01,Impulsive
91.86,861.79,84.84,959.72,87.96,418.3,86.69,90.7,96.44,0,88.72,93.15,71.6,87.61,81.25,0,77.03,2.41,5081.86,89.68,Efficient
94.64,1257.01,72.09,1146.65,71.99,321.82,77.85,77.47,81.97,0,74.33,84.81,84.62,93.18,76.35,2,83.3,3.18,5538.52,79.3,Efficient
88.53,1357.36,100.0,1044.81,87.98,467.88,100.0,96.59,93.12,2,95.28,85.23,95.53,86.98,92.48,1,100.0,2.74,4773.19,90.3,Efficient
48.06,1545.4,45.04,1419.83,41.56,623.15,40.01,35.65,48.96,4,43.38,30.97,25.76,41.5,36.52,2,24.1,4.41,6960.46,38.8,Inconsistent
77.59,2191.26,74.03,2211.87,67.41,551.88,79.77,87.19,90.52,2,88.15,74.31,82.48,96.19,80.66,0,91.67,3.36,4324.85,83.06,Careful
96.19,1461.33,90.29,1325.14,84.27,534.61,81.86,93.49,81.58,2,94.02,89.17,86.79,85.99,83.43,1,94.24,2.84,5185.48,90.45,Careful
51.06,1836.38,51.85,1730.96,64.29,693.93,51.23,48.86,52.94,4,54.08,41.13,49.91,56.82,69.49,6,48.7,4.36,7324.57,57.46,Inconsistent
58.78,1677.97,55.14,1238.91,49.16,557.07,58.53,58.92,63.67,7,59.1,67.83,58.07,57.08,66.52,8,49.2,4.01,5204.92,61.79,Impulsive
76.63,1751.78,88.18,1922.11,79.95,369.8,98.93,83.82,70.41,0,86.68,99.38,96.43,98.47,75.67,0,92.03,3.14,5919.23,86.09,Careful
28.61,993.52,36.19,945.66,26.59,500.91,32.79,21.02,43.81,2,40.65,27.16,20.0,30.06,42.49,2,46.98,3.96,7024.98,35.79,Inconsistent
81.67,1866.59,89.1,1959.58,85.02,573.21,84.55,100.0,85.37,0,83.98,75.97,95.28,83.01,87.11,0,79.76,2.37,5352.14,86.15,Careful
87.99,2134.9,96.4,1901.53,81.25,640.83,100.0,87.32,93.15,1,88.79,82.57,95.51,87.2,85.32,2,70.6,2.22,4228.78,89.89,Careful
81.14,2273.86,79.11,1743.37,99.73,563.85,68.52,89.96,81.36,3,96.39,66.45,90.33,91.14,76.78,1,70.39,2.88,6796.04,82.31,Careful
100.0,1136.59,100.0,1463.09,86.46,476.26,97.69,100.0,100.0,1,100.0,100.0,100.0,100.0,100.0,2,100.0,2.21,4429.6,96.39,Efficient
80.99,1644.82,82.37,1643.02,89.27,436.37,75.03,81.4,83.42,0,79.21,87.34,84.24,76.96,91.69,0,86.66,2.45,5279.91,79.74,Careful
45.81,2351.06,43.51,2167.52,34.49,724.09,63.08,55.66,53.68,2,56.8,53.67,47.1,47.75,45.64,5,72.77,3.58,7041.92,53.41,Inconsistent
75.05,1556.04,89.95,1832.8,65.3,543.67,75.31,78.81,86.03,0,94.61,75.65,83.34,78.27,78.22,1,81.48,2.14,5739.89,83.6,Careful
90.19,1236.82,76.57,914.55,93.56,671.48,73.48,66.81,89.35,8,82.47,81.34,74.3,70.42,71.18,8,78.43,2.95,5342.32,82.94,Inconsistent
94.15,847.01,86.99,1002.14,90.54,309.55,94.93,96.52,95.45,0,91.79,95.5,90.51,89.38,91.88,2,97.21,2.61,5292.37,90.41,Efficient
81.75,2065.54,74.74,1934.57,70.4,518.21,78.13,86.69,83.02,0,87.35,90.27,83.34,83.53,97.08,0,91.18,3.01,5723.56,79.53,Careful
85.24,1371.11,88.34,970.43,89.2,425.88,82.84,88.55,89.24,2,91.41,90.81,97.38,92.44,100.0,1,96.24,1.86,3911.01,89.97,Efficient
90.63,972.74,91.56,1329.83,78.95,305.59,88.84,87.77,94.83,0,90.18,71.13,89.0,80.68,83.97,0,100.0,2.63,5377.01,83.58,Efficient
82.91,2311.21,100.0,1730.75,84.38,503.72,92.4,84.7,89.92,1,83.91,64.62,85.06,77.29,82.9,1,91.5,2.72,5707.42,84.54,Careful
87.82,1789.7,84.52,1028.73,89.7,236.8,91.02,98.42,100.0,2,100.0,100.0,94.02,100.0,94.96,1,92.18,1.83,4258.8,91.63,Efficient
68.43,2208.2,65.45,1790.51,71.7,684.4,48.68,57.07,72.36,3,53.97,53.81,57.74,76.06,54.55,4,64.94,4.21,6006.38,62.75,Inconsistent
85.19,1128.42,75.65,1178.59,90.27,384.09,93.01,93.96,87.17,1,81.44,83.69,87.5,86.12,79.51,1,71.13,2.77,6269.11,83.8,Efficient
40.94,1013.59,43.45,1031.78,42.62,499.54,55.33,53.15,45.49,6,50.7,51.86,45.74,48.5,50.03,4,49.67,4.35,6933.8,43.91,Inconsistent
45.35,1356.92,45.86,1502.61,54.71,508.97,62.11,55.87,47.71,9,40.46,52.99,60.98,55.68,49.32,7,43.25,5.25,6033.89,47.78,Impulsive
96.35,1398.66,86.17,1313.05,100.0,183.15,100.0,100.0,100.0,1,100.0,100.0,97.86,93.47,80.5,2,95.24,2.03,5075.11,96.67,Efficient
49.22,1313.92,47.44,1074.27,53.88,440.01,43.46,41.74,41.93,11,50.8,50.0,57.89,61.53,39.5,6,49.37,3.8,6532.04,51.03,Impulsive
56.23,881.81,43.51,1090.22,55.93,318.39,53.48,60.12,50.63,12,54.59,57.82,68.17,65.49,63.11,12,59.53,4.43,6400.25,57.45,Impulsive
93.45,894.85,92.88,1384.82,91.21,312.28,97.49,86.93,92.16,2,100.0,93.32,82.13,93.11,100.0,3,97.18,2.4,3757.06,97.89,Efficient
91.64,1814.52,85.22,1781.76,81.16,365.38,92.05,88.19,78.29,2,84.2,86.16,82.74,98.67,90.66,1,99.18,2.17,4982.95,86.99,Careful
47.77,1758.13,52.23,1877.51,35.68,621.94,44.41,41.99,41.4,2,56.39,42.3,37.46,55.46,58.43,3,50.56,3.74,6758.62,45.85,Inconsistent
99.08,861.51,100.0,926.93,84.41,442.37,75.76,80.49,93.65,2,100.0,99.44,94.27,100.0,100.0,4,85.2,2.25,6244.33,91.89,Efficient
100.0,1348.43,100.0,1266.35,100.0,369.27,94.58,97.19,93.01,0,83.58,85.18,87.56,100.0,100.0,2,82.7,2.46,5235.97,94.89,Efficient
92.05,1345.6,93.14,1378.01,100.0,519.61,100.0,90.76,90.49,0,88.21,84.63,100.0,87.56,100.0,2,94.5,2.48,5196.85,92.85,Efficient
29.05,1982.02,31.01,1850.62,53.62,480.33,36.84,31.51,29.78,8,40.02,40.86,43.35,61.64,29.93,5,36.5,3.85,6411.53,42.0,Inconsistent
73.02,1419.15,52.74,1059.55,67.09,575.04,61.24,69.01,59.11,8,50.2,54.19,78.33,62.07,76.93,3,56.2,3.24,6660.59,63.52,Inconsistent
63.05,1286.66,55.55,1245.38,38.54,248.15,44.63,57.79,49.78,12,51.24,44.75,62.78,63.48,49.39,10,49.25,4.29,5882.3,50.47,Impulsive
44.16,1250.36,48.12,1286.55,51.96,665.77,35.94,49.92,52.51,8,47.43,47.76,42.1,50.29,60.78,6,60.57,3.31,7168.26,48.98,Inconsistent
89.76,1840.31,84.1,1683.52,82.36,424.52,84.66,85.93,75.55,2,89.68,82.38,96.08,90.72,95.35,2,76.89,2.2,5116.4,85.45,Careful
70.36,1235.72,62.9,795.62,59.57,419.68,46.01,69.34,63.53,7,56.11,65.23,59.54,59.99,69.06,5,52.17,3.43,5464.51,60.38,Inconsistent
85.55,2543.56,90.81,2291.89,85.65,545.69,100.0,79.91,72.18,3,86.33,79.75,75.42,81.73,77.84,0,77.94,2.22,4657.07,82.39,Careful
40.36,1000.28,53.18,884.4,48.9,457.05,46.85,35.12,50.89,4,50.38,52.45,44.63,43.73,42.87,5,64.84,3.48,6550.0,48.52,Inconsistent
52.78,1116.85,52.45,1290.65,51.37,315.18,64.28,38.89,61.38,8,48.87,39.11,44.34,37.15,55.58,5,41.01,3.98,8124.61,51.83,Impulsive
53.25,2122.88,54.01,1967.78,50.91,736.59,52.59,50.35,58.23,6,69.64,53.24,51.76,53.85,46.54,4,58.69,4.01,6647.61,57.04,Inconsistent
86.5,1122.21,91.47,1385.97,100.0,366.97,84.7,80.62,90.96,0,100.0,89.06,85.69,91.11,71.37,2,82.44,2.96,5072.16,84.62,Efficient
85.54,1131.16,88.15,880.37,92.81,493.7,86.82,98.52,90.45,2,89.7,79.83,100.0,90.09,100.0,2,84.87,2.25,6302.89,95.39,Efficient
89.35,1298.5,82.2,910.7,76.64,380.63,95.98,83.2,95.16,0,88.49,90.62,86.57,67.02,79.16,1,87.13,2.57,5704.74,87.82,Efficient
60.23,996.55,50.15,952.47,53.71,374.05,61.34,59.01,56.65,6,57.03,55.13,63.35,73.25,58.87,6,68.07,4.21,6851.69,58.04,Impulsive
57.21,1521.57,55.21,1409.97,51.04,587.26,45.85,60.41,41.42,4,39.87,46.42,54.72,41.39,47.94,5,49.23,4.02,6825.28,47.23,Inconsistent
49.3,2194.78,40.32,1773.55,54.67,540.32,48.04,55.46,48.62,5,44.8,45.0,49.71,56.99,47.89,2,48.77,3.84,6776.42,55.05,Inconsistent
99.19,1330.39,100.0,1191.85,95.27,332.82,98.43,100.0,100.0,2,100.0,98.76,100.0,96.21,100.0,1,94.45,2.71,4103.22,99.08,Efficient
66.27,1123.19,69.64,840.52,77.67,473.3,77.98,73.82,80.45,11,74.62,73.57,82.98,65.24,82.38,6,62.19,3.39,5416.45,73.06,Impulsive
79.89,2186.56,76.58,2279.33,78.48,627.81,81.76,84.49,81.68,6,78.56,97.55,80.31,76.96,88.56,3,89.53,2.66,5289.39,79.28,Inconsistent
42.75,971.7,55.2,1430.99,47.92,405.5,46.99,51.88,51.82,11,52.76,42.24,60.0,51.93,56.03,7,62.21,4.52,5868.65,52.57,Impulsive
75.55,1808.37,93.02,1461.36,93.61,557.35,86.63,96.01,90.38,0,89.51,76.75,97.9,88.33,80.96,1,78.03,2.51,5257.65,85.07,Careful
83.82,2334.3,95.78,2377.29,89.88,607.18,86.88,95.66,92.5,1,91.78,96.54,90.04,75.26,85.39,2,72.18,1.99,5232.18,84.3,Careful
63.78,1699.14,41.15,1562.58,48.52,657.49,39.61,69.35,54.87,10,72.76,70.85,64.94,43.73,56.27,6,67.24,3.69,6549.24,59.28,Impulsive
75.63,1106.7,64.64,960.64,75.28,466.06,85.42,63.38,83.19,9,73.56,67.01,63.33,68.69,54.84,7,66.74,3.44,5831.1,71.09,Impulsive
75.79,961.57,57.36,1310.83,65.38,531.28,64.9,66.01,64.38,6,64.61,53.51,84.78,69.3,64.5,5,80.66,2.48,5004.23,71.54,Inconsistent
48.14,590.65,48.88,733.69,49.54,286.87,65.92,47.59,49.7,10,46.36,77.35,54.19,59.57,46.21,7,63.96,4.67,6576.33,51.85,Impulsive
85.22,1880.03,94.61,2165.0,94.48,595.82,87.16,100.0,86.45,2,89.91,95.98,98.0,100.0,94.29,0,100.0,2.12,5671.8,86.49,Careful
21.75,1255.71,26.31,1446.86,20.0,424.0,28.12,24.25,26.84,8,35.86,32.9,35.14,29.62,36.39,9,30.34,5.11,7219.1,30.45,Impulsive
71.42,1445.62,51.22,1016.38,52.23,550.17,59.51,63.54,61.18,8,64.1,54.5,64.19,74.1,62.72,10,48.95,4.01,6746.95,60.87,Impulsive
49.85,1079.99,45.15,1083.44,67.01,478.4,50.94,50.23,56.92,7,52.85,34.19,68.94,48.92,46.04,9,51.29,4.43,5325.19,53.35,Impulsive
71.49,1142.1,77.99,1127.56,77.71,536.27,76.73,71.56,80.89,4,75.76,87.13,76.85,70.58,64.79,7,76.75,3.22,5305.22,73.04,Impulsive
56.19,1086.46,62.02,1644.28,47.28,523.94,50.81,56.61,72.33,7,57.59,68.03,64.83,58.12,47.27,8,64.72,4.31,6020.42,60.77,Impulsive
63.65,1445.04,60.01,1804.75,62.72,220.09,62.73,59.1,56.21,9,65.78,62.17,43.19,53.23,55.99,7,58.03,3.76,6421.18,59.3,Impulsive
49.42,955.16,47.49,1018.83,57.59,500.64,47.57,60.11,43.97,10,61.73,54.03,42.51,54.33,45.06,6,50.56,3.72,6649.21,51.76,Impulsive
36.93,1484.44,32.78,1620.1,41.48,620.51,60.58,43.52,38.55,5,33.79,28.36,44.98,44.54,35.38,3,50.03,4.1,7582.08,38.96,Inconsistent
64.27,1264.78,37.06,1333.42,65.8,559.94,45.49,67.46,53.45,11,61.83,57.81,66.62,59.71,71.07,6,52.02,3.56,6268.13,61.34,Impulsive
88.97,2013.8,95.07,2263.37,74.15,433.12,80.22,82.14,89.77,0,80.78,81.56,73.71,88.87,83.71,2,79.12,2.71,5832.8,85.03,Careful
94.18,1400.03,94.64,1128.75,87.16,443.19,89.13,87.64,87.27,3,85.79,87.56,85.27,79.43,95.42,3,93.16,2.89,4780.37,85.56,Inconsistent
58.53,1322.88,30.69,1657.37,49.03,663.11,47.64,53.79,55.97,5,61.61,46.9,57.29,54.17,38.91,3,69.71,4.06,5528.19,51.84,Inconsistent
59.14,1582.4,49.13,1391.14,51.37,483.74,42.43,53.54,53.16,1,45.45,62.27,66.27,55.83,53.61,1,59.97,3.52,6689.34,50.37,Inconsistent
93.53,1944.68,73.07,2211.03,95.67,553.51,100.0,90.54,90.12,0,100.0,85.85,90.2,94.18,91.92,0,89.08,2.21,5728.51,86.94,Careful
72.4,1726.79,89.98,1474.89,98.31,373.76,83.34,79.91,80.37,2,88.9,82.29,76.34,100.0,89.73,1,83.39,2.65,5583.75,89.64,Efficient
100.0,864.84,100.0,1085.97,94.12,279.39,89.86,90.54,96.49,0,100.0,100.0,97.19,100.0,100.0,3,100.0,2.17,4113.68,99.78,Efficient
30.78,1483.38,35.0,1579.04,23.0,638.61,32.51,20.0,20.0,3,27.73,25.41,39.08,44.19,22.29,1,20.0,5.17,8104.03,32.45,Inconsistent
34.75,995.41,45.17,1035.81,42.11,361.18,64.16,51.47,48.73,6,58.27,44.32,41.25,40.34,44.67,7,20.0,3.76,8000.57,43.24,Impulsive
77.33,1740.75,76.46,1928.07,78.92,321.96,68.04,88.41,73.69,1,73.04,86.28,77.92,74.05,79.25,2,81.58,3.25,4510.68,77.22,Careful
100.0,1241.9,100.0,1588.53,100.0,288.9,100.0,100.0,100.0,1,94.86,92.3,100.0,100.0,93.05,0,100.0,2.15,4852.35,100.0,Careful
81.36,873.9,66.87,1044.47,78.84,111.81,79.18,86.62,79.52,2,79.84,94.68,100.0,76.88,92.4,0,87.74,2.81,6918.96,86.44,Efficient
81.65,1528.84,72.23,1659.91,86.69,416.26,69.81,100.0,92.27,2,100.0,88.1,95.7,90.39,75.21,1,79.9,2.63,4564.92,86.73,Efficient
64.89,1581.89,62.33,1480.53,58.82,420.63,80.78,59.45,59.07,8,66.53,65.08,51.82,72.04,62.31,5,53.06,3.48,6986.91,63.13,Inconsistent
80.4,1907.23,78.44,2212.52,100.0,545.38,72.43,89.98,91.71,2,80.74,86.29,69.36,82.97,92.05,0,83.86,1.82,5757.8,84.76,Careful
29.07,1155.47,31.89,1263.83,20.0,520.5,20.25,36.73,27.77,7,36.1,28.2,30.82,33.56,24.87,8,23.32,5.39,6954.25,31.37,Impulsive
91.26,694.5,90.23,963.74,85.36,126.5,95.04,84.79,95.59,0,100.0,94.53,89.31,95.23,89.13,3,100.0,2.92,4683.08,88.79,Efficient
63.08,1059.62,47.34,1312.7,49.49,463.33,49.65,57.15,60.23,7,49.78,65.61,70.04,61.65,67.32,9,50.1,3.97,6559.66,55.65,Impulsive
54.26,1269.89,60.04,1183.89,46.1,501.13,44.01,70.38,54.2,9,48.4,60.55,48.16,53.23,46.08,9,50.48,4.04,5394.44,54.42,Impulsive
48.96,1314.17,41.06,1816.24,45.62,741.17,40.76,44.56,45.2,7,40.53,52.16,56.64,36.4,47.33,9,32.73,3.9,6596.71,48.34,Impulsive
98.6,2093.55,85.88,2284.89,93.12,313.38,88.98,96.67,87.76,1,89.35,100.0,99.49,97.35,97.22,1,100.0,2.28,5399.54,93.75,Careful
100.0,2103.24,100.0,2044.46,80.86,709.34,100.0,87.79,93.64,2,86.7,80.68,96.33,100.0,89.28,2,100.0,1.85,5309.79,97.07,Careful
98.25,1581.8,95.15,1220.63,83.88,483.08,95.37,100.0,100.0,3,84.99,93.21,97.03,79.26,79.53,1,94.49,2.52,5326.77,92.99,Careful
78.62,2207.09,85.16,2178.46,89.7,390.85,88.07,74.15,82.31,3,88.82,77.45,82.76,75.08,72.15,2,83.56,3.39,5122.77,83.96,Careful
45.18,1794.09,57.08,1635.36,58.58,655.1,56.0,57.37,59.17,4,53.9,50.7,57.36,58.27,60.59,2,38.06,3.38,6938.46,53.91,Inconsistent
58.03,1099.35,64.11,946.2,60.92,453.08,53.96,56.17,68.77,9,45.32,64.55,68.81,63.51,74.64,7,67.32,3.51,5438.5,62.86,Impulsive
100.0,1217.79,100.0,1434.42,100.0,376.64,100.0,100.0,100.0,1,100.0,100.0,100.0,98.33,100.0,0,92.42,2.46,4973.9,100.0,Efficient
90.09,837.78,85.19,530.75,91.2,135.12,88.36,85.09,95.98,3,85.99,99.09,100.0,87.65,100.0,2,98.17,3.08,6094.7,95.5,Efficient
49.19,1050.44,54.99,1253.41,53.57,305.4,53.95,60.97,54.69,10,41.67,55.82,49.2,61.69,64.16,9,38.14,3.86,5708.5,47.19,Impulsive
32.76,1009.85,42.08,1074.81,35.31,375.27,40.21,41.93,36.44,10,48.55,58.34,30.38,46.33,55.78,8,51.94,4.65,6149.97,42.68,Impulsive
50.25,1988.59,46.93,2008.21,50.21,540.0,36.19,53.28,25.05,5,57.04,55.6,50.82,62.65,30.39,4,51.84,3.74,6826.83,43.37,Inconsistent
56.32,955.87,49.04,1166.53,51.1,315.78,65.96,57.38,56.2,9,47.28,56.32,55.48,48.83,65.36,8,66.02,3.42,6168.71,56.14,Impulsive
65.21,1722.47,66.25,1878.27,72.14,533.19,59.47,62.74,71.95,1,74.39,89.68,69.98,73.7,66.84,1,81.15,3.02,6565.79,67.11,Careful
71.14,1008.29,62.06,666.94,56.21,344.55,67.66,60.64,66.63,7,46.91,63.59,61.31,55.62,53.59,7,60.78,3.22,5936.95,58.52,Impulsive
91.36,2196.82,81.6,2511.24,81.35,618.95,86.98,100.0,76.56,0,68.26,100.0,77.23,86.23,77.47,0,86.75,2.74,4923.89,81.99,Careful
99.99,1509.41,100.0,1155.54,80.41,310.27,100.0,100.0,100.0,1,90.73,98.04,93.97,82.96,93.32,2,88.53,3.48,4968.33,91.42,Efficient
83.03,1179.73,97.05,1307.36,79.28,319.11,92.4,76.85,92.74,0,87.48,88.89,83.68,83.22,90.52,0,100.0,2.36,5146.26,91.67,Efficient
47.13,952.66,53.56,1160.74,35.4,456.27,42.66,37.95,33.48,11,39.44,42.64,39.01,30.22,33.56,7,33.17,4.32,8010.9,38.8,Impulsive
57.52,1335.66,54.38,1040.38,39.49,433.25,55.48,29.68,49.68,8,39.82,49.82,60.76,31.69,52.44,9,52.62,3.82,6441.96,49.7,Impulsive
50.25,1043.83,60.34,1422.57,57.28,636.29,32.86,51.67,54.41,7,42.22,46.68,29.81,48.01,37.36,5,47.67,3.27,6507.44,46.55,Impulsive
55.8,914.09,48.6,1278.99,57.56,552.47,56.19,54.94,57.91,10,56.23,47.81,64.3,68.22,54.73,8,60.86,3.95,6088.53,57.91,Impulsive
91.09,1516.99,84.57,1202.7,86.99,304.0,95.18,95.29,92.64,3,84.61,100.0,100.0,91.64,100.0,1,99.2,2.77,5954.04,94.72,Efficient
49.06,1179.93,53.49,1183.57,59.64,515.3,50.76,56.62,45.61,11,45.84,59.06,37.31,45.05,57.31,9,46.38,4.16,7172.54,51.32,Impulsive
68.27,1726.52,68.81,1715.18,85.68,570.59,71.08,60.56,73.86,7,71.84,63.38,59.79,70.53,68.14,3,57.42,2.95,5480.12,72.54,Inconsistent
41.55,986.67,55.63,851.14,38.51,429.04,55.4,51.66,48.64,6,42.15,49.17,60.22,43.64,51.65,6,64.82,4.34,7121.83,48.34,Impulsive
100.0,1114.68,90.07,968.1,100.0,559.86,100.0,93.69,96.19,2,97.83,90.22,91.53,100.0,100.0,2,91.44,2.17,4637.7,93.91,Efficient
86.94,1472.17,96.39,1523.02,88.66,312.48,92.85,97.88,98.83,0,93.86,86.6,89.45,98.21,84.95,1,91.51,2.88,3992.3,93.21,Efficient
77.64,1353.19,86.6,1137.87,82.46,562.3,81.36,80.19,75.89,1,86.03,79.55,71.37,73.56,71.5,0,77.12,2.74,6264.45,75.31,Inconsistent
91.36,1043.51,88.78,1043.21,100.0,480.39,97.22,100.0,100.0,0,98.99,90.39,100.0,89.19,100.0,4,88.52,2.01,4739.28,96.27,Efficient
92.73,1164.14,94.81,1190.63,95.27,386.36,96.6,92.89,86.66,0,100.0,96.77,84.48,84.6,100.0,0,90.2,3.44,4226.98,91.75,Efficient
64.96,1308.48,58.53,1383.64,70.6,602.46,66.0,66.1,59.64,6,53.97,57.81,46.88,56.55,49.56,4,48.34,3.43,5447.62,58.59,Inconsistent
100.0,1766.84,98.59,1698.96,94.8,525.34,80.8,84.99,89.81,1,99.03,84.26,96.89,92.71,94.59,0,89.81,2.61,7184.36,92.52,Careful
54.85,1140.27,53.47,1224.22,54.94,350.83,35.7,44.8,49.55,8,53.71,60.77,55.29,53.91,67.81,4,47.61,3.96,6659.04,55.38,Impulsive
50.86,1042.63,50.35,761.65,55.96,503.27,54.79,54.78,65.24,12,56.02,45.03,45.7,58.07,57.44,8,60.14,4.31,6569.72,54.19,Impulsive
80.63,2157.01,93.9,2192.69,88.72,504.85,89.99,86.75,82.69,0,90.56,91.15,80.59,76.29,87.68,1,93.79,2.18,4952.59,86.5,Careful
77.01,2364.86,80.2,1875.33,74.48,454.0,65.47,60.8,75.97,0,69.61,89.05,66.17,84.88,67.84,0,81.12,3.52,5998.4,75.12,Careful
77.44,2190.95,90.85,1956.1,78.9,570.34,73.76,78.69,66.36,0,81.14,80.74,88.7,67.01,91.4,1,89.49,2.47,4613.35,77.06,Careful
71.35,1778.02,65.01,1881.03,69.35,558.46,60.03,80.82,64.87,3,79.7,55.71,63.08,72.01,64.57,2,68.09,3.16,6497.73,65.45,Inconsistent
91.12,1927.26,99.21,1724.12,100.0,645.64,72.83,98.72,91.18,1,90.78,97.95,100.0,88.88,93.86,0,80.44,2.28,5182.4,94.01,Careful
47.77,1196.16,45.49,1491.19,37.83,457.42,31.22,50.5,44.01,9,45.61,42.35,39.79,50.95,59.17,7,34.74,4.93,7413.45,44.68,Inconsistent
78.8,1749.99,80.19,1704.18,74.58,565.45,80.49,96.96,83.1,0,73.4,87.55,80.96,88.59,82.16,1,97.11,3.12,4103.79,83.13,Careful
93.1,1974.47,97.44,1701.6,99.59,628.36,100.0,100.0,95.16,1,93.3,100.0,92.93,87.05,84.27,2,94.21,2.01,4388.44,94.8,Careful
41.51,1611.08,39.43,1671.52,45.37,450.53,51.05,48.75,30.73,3,33.75,34.73,43.71,34.42,34.11,1,31.99,3.2,7497.84,39.37,Inconsistent
68.7,1996.83,67.75,1866.02,81.0,363.18,66.48,76.14,79.09,0,65.77,70.42,84.63,72.63,73.79,0,67.13,3.13,5465.76,74.01,Careful
70.76,777.07,71.03,1091.65,72.86,351.87,64.85,66.1,63.43,7,64.53,59.48,64.36,63.68,61.29,6,72.08,3.83,4483.28,67.13,Impulsive
76.41,1514.96,93.84,1656.47,87.6,576.68,83.68,94.01,78.78,1,77.89,97.58,100.0,94.12,92.41,2,83.41,2.21,5610.24,85.43,Efficient
43.85,1671.74,50.42,1546.02,60.88,527.63,66.46,56.01,52.33,7,60.15,61.04,51.21,56.73,63.53,5,71.1,3.91,5801.12,60.12,Inconsistent
22.12,1816.32,32.8,1861.71,29.02,600.04,20.0,32.57,36.29,6,41.3,20.0,25.87,20.75,26.5,0,44.21,4.09,6962.09,25.42,Inconsistent
57.48,1996.94,58.39,2004.03,55.54,710.04,55.76,65.81,59.86,2,72.56,51.12,70.07,56.12,59.63,4,64.45,3.61,4473.86,60.24,Inconsistent
100.0,2093.9,86.02,1606.66,91.34,458.09,79.44,86.7,85.84,0,100.0,83.8,87.47,77.72,93.61,1,81.24,2.58,4808.22,87.24,Careful
57.63,2091.83,54.71,2106.82,72.7,577.0,64.43,65.7,64.8,7,55.89,59.53,59.93,53.65,60.86,8,55.16,3.11,6064.38,60.72,Inconsistent
63.49,1421.0,68.55,1252.59,68.77,621.46,48.66,49.47,64.79,2,55.32,68.45,48.25,60.5,61.02,2,65.61,3.18,6705.45,62.63,Inconsistent
80.97,2118.69,74.54,2141.08,70.94,499.87,82.83,69.07,66.03,3,70.87,73.8,60.68,71.85,57.02,3,68.11,3.7,6662.42,70.86,Inconsistent
74.78,2011.06,71.06,2092.81,83.19,506.24,90.81,76.58,78.51,2,88.38,65.32,95.54,99.36,58.16,1,78.93,2.52,5510.81,80.79,Careful
75.5,919.72,97.86,940.68,98.19,565.1,90.62,91.7,93.92,1,95.56,86.13,96.21,85.79,90.51,2,90.37,2.9,5120.62,92.47,Efficient
81.36,2341.21,68.36,2004.22,100.0,528.99,77.45,74.06,76.62,6,57.56,80.69,60.73,78.27,66.57,2,64.12,3.72,5681.9,71.51,Inconsistent
41.65,1195.53,35.42,1129.33,47.98,454.16,48.44,43.66,51.36,8,66.4,62.63,50.55,50.83,55.49,8,52.64,3.23,6689.24,44.8,Impulsive
100.0,2185.86,91.41,2004.96,100.0,502.29,95.48,100.0,100.0,0,90.78,94.79,100.0,88.66,100.0,2,94.96,2.16,6705.99,96.89,Careful
58.75,882.45,60.49,1017.01,41.71,577.74,46.66,54.79,63.94,3,46.28,48.42,55.72,57.32,57.81,3,44.75,3.3,7710.1,54.16,Inconsistent
85.82,1872.58,84.53,1816.65,72.98,496.87,93.66,95.29,82.98,3,95.03,74.12,86.98,85.78,87.49,0,87.53,3.58,4899.03,86.08,Careful
62.9,1536.67,72.93,1992.9,62.77,353.75,69.42,72.58,65.9,4,76.99,85.47,76.38,80.44,86.72,2,79.19,3.3,5113.41,73.88,Inconsistent
67.1,930.22,64.31,1194.39,64.49,346.29,63.8,61.5,67.92,5,73.02,53.67,69.0,61.56,51.62,6,53.59,3.52,6621.94,63.79,Impulsive
79.88,2406.42,85.86,2238.42,81.04,536.88,77.45,67.17,85.29,2,83.72,78.95,74.79,83.19,86.93,1,83.97,2.79,6243.66,79.19,Careful
80.51,1352.69,90.2,1253.87,99.18,295.6,86.34,94.94,95.43,2,90.92,100.0,93.97,89.59,87.43,3,88.35,2.84,5313.08,96.37,Efficient
71.02,1919.68,77.44,2145.01,82.83,581.29,65.84,73.6,74.53,1,76.75,79.45,58.55,78.59,59.03,0,73.96,2.54,5858.37,72.19,Careful
82.31,2060.18,79.97,1951.05,92.12,698.1,77.75,82.19,92.9,2,72.04,79.07,90.94,86.96,89.89,1,70.83,2.92,5553.93,85.36,Careful
79.68,1784.64,91.06,1060.83,78.31,353.58,93.48,85.05,86.36,4,66.23,96.82,78.77,82.42,89.73,1,86.89,2.7,6753.41,84.3,Efficient
48.71,1051.01,58.1,742.12,56.86,352.23,70.64,57.81,62.71,9,44.97,56.25,52.29,78.86,53.73,7,59.72,2.91,5819.71,60.62,Impulsive
52.31,902.82,35.32,1028.11,39.23,397.85,43.4,39.74,44.92,9,49.16,56.55,42.21,41.84,49.23,8,45.76,3.76,6243.56,46.98,Impulsive
23.2,1313.45,20.0,1432.14,20.0,534.26,20.0,20.0,20.0,7,23.35,29.43,20.0,21.31,27.07,5,20.0,4.64,7176.55,22.51,Inconsistent
41.14,2023.73,60.5,2090.88,56.31,673.31,34.11,43.13,33.15,0,31.44,32.35,40.13,40.47,43.96,0,47.9,4.05,6866.91,38.0,Inconsistent
40.09,1833.22,43.61,1558.34,39.3,522.94,41.26,32.71,50.49,7,57.7,36.58,48.5,53.88,34.55,5,22.79,5.39,6577.32,43.04,Inconsistent
67.64,1881.22,81.17,1583.66,72.54,403.47,78.04,74.43,74.41,1,78.78,75.85,74.19,88.63,72.95,1,78.64,2.51,5554.33,76.76,Careful
100.0,693.08,89.32,1035.73,97.65,287.07,95.47,98.04,85.03,4,100.0,100.0,86.71,100.0,84.01,4,96.66,3.13,5576.02,94.37,Efficient
48.65,1276.89,58.84,1038.64,60.79,359.72,48.52,44.55,49.18,9,37.02,53.19,46.02,49.1,48.99,8,41.02,3.4,6318.92,50.54,Impulsive
91.91,2547.31,100.0,1902.46,100.0,649.99,85.42,99.29,93.48,0,98.11,88.12,96.4,100.0,100.0,0,100.0,2.4,5619.58,95.33,Careful
81.85,2043.87,90.62,2110.18,95.1,436.28,94.2,87.56,89.06,0,86.68,78.64,91.77,98.23,88.19,1,80.82,2.65,4815.44,84.6,Careful
80.59,1305.38,91.63,1272.63,82.93,364.32,83.92,94.47,67.08,2,85.22,76.22,80.7,83.26,76.95,2,84.41,2.93,4902.0,84.86,Efficient
52.31,1647.88,45.37,1472.68,45.11,615.04,39.68,29.55,44.53,5,46.03,48.39,38.9,38.77,46.58,1,30.72,3.97,7114.75,38.08,Inconsistent
72.55,2703.61,78.29,3011.08,81.07,637.76,67.2,83.79,78.83,3,75.83,77.89,82.71,95.58,81.93,5,84.35,3.36,3842.16,79.8,Inconsistent
83.53,1176.53,71.65,1251.17,82.17,568.42,75.14,89.79,79.79,7,84.65,59.85,76.48,80.45,78.95,9,85.81,3.26,4667.61,80.29,Impulsive
93.77,1436.38,96.31,1239.41,92.4,312.52,100.0,86.5,100.0,1,99.56,95.44,100.0,94.15,91.71,0,100.0,3.01,5055.25,95.91,Efficient
71.26,2058.28,83.4,1738.77,71.76,497.49,82.6,77.32,89.02,4,81.19,75.1,78.72,76.81,68.38,2,94.94,2.85,5716.89,74.99,Careful
60.29,1043.66,69.2,1197.41,61.54,434.34,53.84,69.82,72.72,9,63.71,66.1,53.09,48.67,50.35,7,64.74,3.46,5260.03,57.01,Impulsive
77.95,2006.03,100.0,1839.33,88.33,318.77,94.0,81.99,75.02,0,85.81,77.93,96.12,75.41,86.96,0,92.14,2.13,5290.73,83.51,Careful
52.41,1365.3,31.09,1303.84,46.38,401.39,56.58,43.87,56.4,10,38.46,48.09,62.15,39.79,51.16,8,54.26,3.64,7164.36,45.86,Impulsive
88.26,747.98,100.0,1072.66,89.51,365.8,100.0,95.02,83.73,1,88.16,96.61,80.44,97.61,83.91,1,100.0,3.05,4495.45,90.15,Efficient
88.73,1734.05,71.72,1399.71,76.17,556.31,91.26,77.0,77.16,1,68.31,65.06,76.81,81.04,80.58,3,73.81,2.86,5104.89,77.48,Careful
45.32,1118.35,53.77,1377.38,61.22,443.72,43.65,56.87,59.4,8,39.99,52.52,67.86,59.1,39.72,6,60.61,3.92,5935.27,52.71,Impulsive
29.45,834.44,53.13,1386.72,37.91,501.02,20.0,20.21,33.26,9,22.69,36.22,28.21,22.27,24.13,6,39.51,4.94,7085.69,27.81,Impulsive
88.36,1453.16,86.41,1178.53,89.18,358.71,89.65,96.47,85.92,4,88.14,82.78,86.95,83.99,76.53,2,93.9,2.87,5197.22,85.85,Efficient
89.36,1272.43,100.0,1476.46,76.78,312.84,100.0,83.77,93.67,2,96.57,92.58,92.78,83.23,100.0,0,83.77,2.46,5073.28,93.31,Efficient
97.32,1912.48,100.0,1886.4,92.05,631.96,100.0,92.1,91.4,2,88.62,91.26,88.1,100.0,89.45,2,96.26,1.7,4079.55,99.03,Careful
89.97,1546.85,84.43,1176.41,90.33,288.52,70.02,91.02,85.18,1,89.13,87.15,76.22,72.13,78.42,1,89.2,2.28,4569.55,82.21,Efficient
84.64,2238.36,94.34,1893.75,78.42,426.76,94.34,88.5,91.72,1,93.35,93.01,100.0,91.03,92.27,2,100.0,2.5,4099.31,93.93,Careful
93.54,1609.12,91.2,1601.43,96.52,500.18,84.29,82.68,93.03,1,77.33,94.53,81.41,100.0,87.27,0,100.0,2.39,4964.02,96.8,Careful
86.17,1995.8,93.3,2111.6,100.0,499.61,79.84,87.26,84.12,2,81.5,82.74,95.05,84.56,100.0,0,92.2,2.05,4862.29,90.83,Careful
67.35,1401.86,60.15,1274.22,57.96,308.8,57.33,71.17,73.33,11,61.5,73.17,73.11,72.07,74.74,6,71.24,3.53,7222.46,68.77,Impulsive
95.52,1418.22,100.0,918.37,94.53,259.71,100.0,100.0,87.72,1,82.98,97.48,100.0,100.0,88.15,1,100.0,2.85,4993.93,94.25,Efficient
78.7,2088.76,78.87,2010.53,71.86,549.46,79.28,89.39,81.34,1,68.56,75.25,72.9,84.98,69.47,2,79.56,2.74,5020.01,76.97,Careful
87.34,1068.49,88.97,1181.77,98.86,195.55,92.64,81.46,100.0,0,96.39,87.95,97.81,96.14,100.0,1,93.73,2.14,4857.36,92.58,Efficient
76.82,1641.76,64.38,935.0,89.19,373.03,75.68,72.39,71.28,2,70.06,73.88,79.66,71.9,83.06,0,79.35,2.94,5976.65,75.82,Efficient
100.0,2443.73,100.0,1988.67,85.44,794.21,99.25,100.0,100.0,8,100.0,100.0,100.0,100.0,100.0,5,100.0,2.62,3677.68,96.42,Inconsistent
42.36,1291.54,46.38,1225.08,60.02,376.77,58.12,62.31,51.21,7,41.02,42.7,49.17,57.65,49.53,8,48.58,4.51,5866.24,49.34,Impulsive
44.72,1696.12,49.92,1969.05,33.99,815.86,37.65,47.83,35.47,4,46.99,43.33,59.72,40.02,36.77,4,43.27,3.82,6391.84,34.54,Inconsistent
65.83,1063.3,67.2,1057.53,68.9,440.26,76.5,74.73,62.41,6,66.44,63.32,53.45,66.03,81.66,4,51.5,2.98,6648.68,63.87,Impulsive
74.8,1065.2,85.02,1045.58,78.76,241.47,83.62,86.93,77.58,0,72.05,84.07,76.71,82.15,70.23,2,78.71,3.13,5776.58,77.51,Efficient
41.37,1594.96,33.69,1660.24,35.11,628.13,21.85,21.31,29.52,6,30.68,20.0,27.86,29.41,27.58,5,21.98,4.34,7267.79,30.71,Inconsistent
59.71,1352.73,67.19,1147.33,68.92,558.0,55.42,49.54,62.69,12,52.78,61.42,51.0,67.1,53.23,8,57.4,3.62,5938.34,58.52,Impulsive
87.14,2419.21,89.98,2140.83,87.9,498.2,82.05,69.16,76.96,0,92.67,77.09,83.23,84.33,72.75,0,86.82,2.94,5501.91,82.0,Careful
45.03,1009.76,34.86,1010.94,32.3,471.05,37.55,50.46,35.07,8,20.0,37.01,26.52,20.0,47.14,7,46.89,4.33,6996.57,32.63,Impulsive
92.07,1314.99,74.52,979.88,85.71,356.55,77.12,98.73,81.22,3,88.68,81.48,71.23,77.02,85.06,2,92.18,2.57,5364.16,84.35,Efficient
94.94,2059.0,100.0,1883.11,84.63,465.93,97.22,96.15,87.74,0,100.0,100.0,100.0,96.93,78.44,1,97.93,2.91,5905.23,90.67,Careful
64.75,1164.71,49.95,1256.93,43.83,489.76,54.62,57.95,46.96,10,52.89,68.03,62.03,58.87,49.32,10,69.01,4.17,6331.86,55.53,Impulsive
77.2,1177.24,87.99,1384.97,87.58,427.94,100.0,71.37,71.45,3,98.38,81.53,78.29,83.45,70.78,1,85.32,3.47,5887.04,80.97,Efficient
46.01,2122.67,36.54,1753.89,36.52,612.73,23.84,31.86,48.53,2,43.43,46.9,36.57,37.31,39.64,0,42.41,4.45,8242.64,41.94,Inconsistent
67.78,2204.33,72.71,1858.5,65.9,442.12,84.68,86.39,88.01,1,80.65,82.79,79.96,81.06,76.87,0,82.04,3.09,5729.15,81.09,Careful
69.27,1479.7,91.23,2158.59,80.98,481.47,93.05,95.67,94.75,3,100.0,97.96,100.0,99.1,99.8,0,87.7,3.02,3757.54,90.01,Careful
59.72,1020.95,63.29,1055.78,50.94,479.41,61.59,43.71,52.75,7,55.92,50.55,49.62,42.44,51.11,8,36.92,4.32,6443.48,53.28,Impulsive
81.13,1487.47,100.0,1258.84,100.0,484.29,94.98,87.65,92.45,0,100.0,90.12,96.14,94.14,89.69,1,89.5,2.96,4847.77,95.13,Efficient
100.0,1425.08,100.0,1217.36,90.49,388.18,81.59,73.07,93.61,1,99.48,92.52,75.67,90.64,85.46,1,90.81,2.32,5531.18,90.48,Efficient
20.19,902.63,39.28,1361.95,35.41,449.99,34.23,35.21,32.42,10,24.7,25.88,36.21,46.49,44.85,5,38.07,4.66,6435.8,39.21,Impulsive
47.73,1677.87,61.4,1598.54,74.96,609.17,56.56,63.1,63.54,10,75.8,54.69,55.84,67.11,65.83,8,67.77,3.72,5534.57,61.15,Inconsistent
80.95,1310.33,87.71,1596.46,85.08,337.92,66.21,100.0,75.05,0,75.05,91.8,82.76,76.46,78.85,0,74.68,2.77,5072.73,80.08,Efficient
85.98,1822.48,92.43,1992.3,100.0,612.47,97.73,90.67,91.42,2,85.71,85.94,77.72,92.02,95.48,0,89.38,3.38,6827.61,89.46,Careful
72.92,1954.82,87.05,2344.51,75.88,531.71,75.48,78.27,84.06,1,79.81,75.74,77.49,89.83,88.52,0,83.37,3.0,3817.53,83.44,Careful
87.62,1512.71,90.55,1457.57,82.6,399.94,86.89,79.82,95.38,2,76.05,79.99,83.18,100.0,92.7,1,78.88,2.75,4421.81,90.49,Efficient
98.51,1047.11,91.07,1299.95,81.06,312.3,97.85,100.0,100.0,1,100.0,100.0,100.0,100.0,94.85,1,100.0,2.14,3994.64,95.62,Efficient
98.11,1392.53,95.35,1285.19,93.88,513.08,93.21,100.0,96.58,3,92.74,84.6,98.66,97.54,82.14,0,93.4,2.37,5575.95,93.93,Efficient
78.01,1329.55,71.56,1354.73,98.44,573.41,76.53,83.22,71.77,5,86.75,71.21,94.28,95.24,85.39,5,81.89,2.55,6174.39,81.37,Inconsistent
40.83,1287.76,47.92,1226.41,50.12,492.06,42.54,37.92,53.7,10,50.96,53.39,42.63,38.85,41.23,8,31.78,4.06,5930.42,41.16,Impulsive
83.65,1638.53,99.38,2010.56,90.19,436.84,77.32,82.96,96.07,0,92.45,79.39,84.6,84.85,82.43,0,71.34,3.48,5383.24,89.2,Careful
87.27,1989.33,98.35,1631.37,82.67,468.86,82.65,100.0,81.38,1,90.35,100.0,90.33,100.0,95.78,1,90.5,3.52,5361.97,92.42,Careful
64.37,2040.52,60.83,2011.83,58.34,651.5,65.1,76.53,57.07,3,64.85,51.54,61.97,67.36,52.61,4,61.25,3.19,6406.59,55.71,Inconsistent
46.56,782.05,48.6,776.68,51.19,493.06,31.41,46.36,40.32,7,34.71,42.46,27.59,49.46,39.75,7,37.78,4.26,6218.11,42.61,Impulsive
21.72,1323.82,36.22,1340.87,20.25,469.26,20.0,20.0,33.4,14,23.08,36.79,31.04,32.33,28.02,9,29.16,3.89,7274.47,25.73,Impulsive
67.54,2035.01,70.3,2517.86,67.5,526.81,78.39,64.58,64.82,0,73.82,57.71,73.11,70.81,68.81,0,84.29,2.69,5646.98,70.9,Careful
44.36,1733.84,40.63,1329.73,26.68,605.38,33.84,44.6,31.68,8,42.37,46.62,45.28,37.0,45.56,8,30.85,4.72,6583.58,36.14,Impulsive
76.34,731.04,85.66,1371.62,52.13,592.27,57.83,65.43,63.94,8,49.05,54.95,64.28,60.8,67.51,7,80.15,3.68,5268.36,67.22,Impulsive
48.29,2049.59,26.11,2033.54,40.09,719.32,38.52,47.71,43.22,6,50.61,38.22,37.39,44.41,49.35,7,48.54,3.98,6719.07,41.64,Inconsistent
84.63,1530.55,86.81,2018.62,76.99,277.41,79.34,89.62,88.04,1,79.19,77.14,71.05,84.03,88.5,0,83.36,2.93,5097.41,82.55,Careful
100.0,1902.79,92.37,2006.02,96.87,399.33,85.78,89.01,100.0,0,100.0,94.43,95.55,100.0,94.21,0,100.0,2.52,5968.95,98.26,Careful
59.13,882.8,38.42,1191.03,51.28,350.87,44.49,40.29,57.06,9,56.09,54.42,43.62,53.99,41.82,7,53.0,4.01,6539.54,51.03,Impulsive
97.33,1094.26,100.0,1129.58,84.27,452.84,100.0,86.17,82.97,3,78.17,80.45,91.73,87.0,84.01,3,81.44,2.87,4962.21,86.34,Efficient
39.37,1814.01,45.19,1518.82,42.02,522.47,47.7,40.41,35.96,9,40.78,20.0,41.16,20.0,24.31,5,42.16,5.24,7089.26,37.92,Inconsistent
98.46,1143.93,100.0,1342.92,100.0,495.1,100.0,89.8,94.12,4,88.53,100.0,97.38,97.32,93.43,1,91.28,1.89,5257.41,99.17,Efficient
94.47,1750.7,100.0,2034.42,87.79,358.96,87.98,94.46,95.5,0,86.41,92.41,92.25,75.28,91.25,0,91.59,2.3,4799.88,89.89,Careful
67.11,2857.67,81.59,2685.03,80.85,887.27,73.22,75.1,75.14,5,80.72,81.73,70.14,63.38,67.23,6,70.42,3.47,5663.21,75.99,Inconsistent
85.06,1872.57,87.88,1882.25,78.68,550.36,92.13,97.27,84.62,4,92.36,83.84,80.74,100.0,80.86,0,77.36,2.38,6169.62,88.65,Careful
60.19,1175.37,51.63,1239.81,60.29,423.13,69.37,60.38,45.4,11,52.06,65.09,56.12,66.71,50.78,10,63.87,2.9,5983.08,53.08,Impulsive
29.8,952.96,41.17,1343.64,29.92,582.87,41.27,32.89,26.94,6,20.0,29.85,39.63,24.57,32.05,3,42.93,4.23,6252.36,28.81,Inconsistent
93.12,1849.36,94.85,1923.23,85.01,329.01,95.49,78.03,88.42,1,78.62,80.39,78.52,84.2,94.41,0,88.74,2.27,5160.13,88.51,Careful
42.7,1164.34,55.41,1152.31,50.62,407.87,41.14,45.98,54.43,9,45.62,54.61,66.36,53.9,40.9,9,44.91,4.06,5806.69,52.45,Impulsive
69.01,1617.07,57.41,1337.29,47.22,568.73,65.96,50.42,62.07,2,70.41,56.88,67.87,64.48,71.2,3,63.85,3.94,5637.66,65.31,Inconsistent
59.94,1044.67,52.46,1111.1,49.25,362.69,57.29,43.59,59.2,9,61.34,43.99,58.13,55.09,68.65,7,68.61,3.52,6252.77,56.73,Impulsive
60.48,882.12,51.56,908.01,61.07,415.26,61.21,58.53,67.88,8,53.31,48.24,57.67,62.87,61.02,8,60.51,3.82,5647.32,61.96,Impulsive
79.72,810.05,90.67,1029.85,94.01,446.99,81.74,76.29,80.13,2,92.53,92.37,83.34,77.55,90.45,1,96.39,2.92,5737.21,83.41,Efficient
67.92,1761.59,70.03,2218.09,65.84,523.14,46.49,49.37,61.05,2,59.78,56.07,75.3,60.9,64.39,1,68.94,4.1,6735.04,61.66,Inconsistent
87.79,1078.65,94.41,1439.42,83.76,358.42,96.33,85.62,95.37,1,90.75,100.0,81.03,78.45,85.33,0,77.8,2.37,6171.75,86.32,Efficient
67.42,1207.88,92.86,1213.85,77.48,432.37,71.54,59.89,72.68,11,61.68,77.25,51.15,82.24,67.78,8,55.94,3.8,5442.57,71.91,Impulsive
88.31,1435.38,85.17,1321.19,89.53,455.94,97.98,90.99,88.63,0,92.17,85.8,88.54,83.15,74.66,0,90.15,2.42,4410.0,88.56,Efficient
86.78,2150.43,81.5,1921.67,67.09,587.12,100.0,75.86,65.91,0,67.69,67.74,65.21,80.1,54.66,0,84.84,3.19,5707.71,73.13,Careful
88.11,1648.64,94.46,1343.51,83.31,445.93,84.91,91.05,97.53,2,95.97,98.1,90.01,100.0,75.57,1,100.0,2.39,5134.54,93.01,Efficient
60.07,1603.29,64.18,1495.84,53.81,733.26,52.64,51.69,52.79,9,61.16,56.17,56.2,45.32,46.58,8,73.61,3.85,6066.84,56.05,Inconsistent
79.43,2020.09,90.45,1999.0,92.03,529.74,68.56,80.11,81.57,2,82.86,97.88,77.72,96.73,83.06,0,98.38,2.79,5832.98,83.71,Careful
94.04,2388.04,94.87,2423.09,91.86,422.88,96.2,74.28,98.66,0,100.0,90.29,96.33,100.0,94.98,1,97.46,2.58,5429.29,88.06,Careful
44.07,1300.36,50.76,727.13,46.91,372.91,39.41,54.26,51.86,13,45.58,41.01,39.3,58.86,44.0,4,46.78,3.68,6432.85,44.85,Impulsive
85.62,1962.88,80.04,1983.28,95.06,527.83,100.0,94.07,80.62,0,92.66,92.88,100.0,82.52,91.06,1,100.0,2.04,5525.44,86.54,Careful
94.15,2073.01,84.91,2120.58,89.17,594.94,86.12,98.89,100.0,2,78.92,72.22,93.03,97.04,100.0,0,95.11,2.62,5443.12,91.16,Careful
79.53,2017.09,73.05,1935.22,90.37,284.65,81.66,80.26,78.79,0,79.95,71.82,78.05,76.95,81.56,0,88.68,3.32,5597.41,79.67,Careful
100.0,1087.44,91.16,931.32,87.09,262.13,89.44,89.19,87.48,0,79.04,80.25,96.5,97.03,93.63,0,88.85,2.69,4708.34,90.43,Efficient
54.88,1129.83,46.42,1149.82,49.39,555.47,62.74,68.67,59.36,1,68.05,47.44,40.33,52.55,59.41,0,36.27,3.6,6018.39,52.68,Inconsistent
84.81,1346.45,77.19,1234.32,72.75,371.35,80.67,68.94,85.26,4,79.78,81.15,68.05,81.77,79.46,1,72.76,3.01,5569.03,81.54,Efficient
74.84,1413.82,93.48,1372.58,73.7,228.81,80.72,81.52,83.22,0,85.03,99.52,76.6,83.93,80.75,0,90.27,2.68,5089.4,81.89,Efficient
75.31,1942.86,84.95,1938.55,77.57,269.52,86.33,85.69,79.38,2,73.62,76.83,70.64,82.46,57.07,0,74.31,2.77,6174.97,74.54,Careful
70.05,885.39,65.22,754.57,53.2,528.09,73.68,65.25,58.32,8,63.06,65.43,67.22,67.31,78.07,7,55.52,4.02,6515.92,68.34,Impulsive
81.53,2191.93,98.09,1979.65,88.03,490.27,83.38,94.67,72.1,0,69.01,91.49,85.61,87.13,74.51,0,84.92,1.84,5582.69,85.72,Careful
44.83,1380.07,44.17,1083.53,33.75,403.12,40.83,51.66,34.75,10,40.9,38.19,39.23,26.69,51.02,8,32.77,4.48,7443.55,38.93,Impulsive
88.63,1874.56,90.94,1960.27,100.0,448.16,91.41,90.62,90.89,0,88.53,86.79,91.95,86.23,89.11,1,83.16,2.62,4587.13,91.98,Careful
81.25,1440.25,76.75,1454.06,89.34,488.7,84.33,78.78,85.03,3,64.97,77.48,79.26,82.97,64.44,1,75.81,3.23,5578.82,79.18,Efficient
31.24,1162.48,37.3,1266.07,22.55,622.62,34.44,34.53,27.47,7,37.99,20.0,30.68,42.46,20.0,9,42.2,4.36,7107.34,33.73,Impulsive
71.25,1776.1,79.97,1879.54,71.85,680.55,80.05,77.21,75.56,2,78.1,72.86,61.15,77.1,83.96,0,74.39,3.07,5883.71,75.79,Inconsistent
33.63,1297.69,42.27,1337.23,65.27,450.52,38.85,47.26,53.79,11,49.75,43.31,53.67,56.8,45.34,7,53.78,3.74,6413.09,51.71,Impulsive
83.24,1600.44,79.79,2281.4,83.82,443.79,80.06,80.11,94.05,0,78.49,86.35,83.51,72.48,72.2,2,81.56,2.78,5934.23,80.38,Careful
94.63,1812.62,99.29,2005.91,100.0,511.89,100.0,100.0,95.38,1,81.13,100.0,98.22,100.0,100.0,0,91.74,1.26,4353.22,90.35,Careful
80.75,1818.73,74.99,1606.16,99.9,445.16,82.07,90.73,82.96,0,92.39,74.12,79.62,76.75,75.76,2,82.74,2.28,5327.19,81.06,Careful
98.24,1841.24,100.0,1931.67,85.52,212.27,84.38,86.52,96.28,0,89.83,85.49,92.74,83.94,78.99,0,91.0,1.96,4385.75,90.44,Careful
61.54,948.25,58.33,762.31,68.27,457.5,63.46,48.54,67.75,9,68.89,73.12,57.03,63.57,51.68,7,60.7,4.34,5812.31,62.62,Impulsive
59.72,1124.0,55.22,1179.08,62.15,424.06,57.68,43.6,54.86,9,64.9,49.56,49.4,56.96,41.21,7,65.13,4.16,6516.07,52.97,Impulsive
45.1,1387.68,42.49,1547.95,54.07,663.38,39.32,58.47,51.97,2,39.07,56.61,38.12,57.33,49.65,2,32.78,3.83,5681.07,49.22,Inconsistent
50.29,2292.67,48.36,2011.66,54.43,656.65,39.32,44.15,57.03,4,31.72,43.55,38.59,45.6,43.69,4,52.58,4.85,7220.5,44.45,Inconsistent
38.13,1213.6,71.83,1043.08,44.58,299.23,36.76,61.85,47.3,10,44.44,45.41,53.08,44.84,29.02,9,42.66,4.92,6176.3,43.65,Impulsive
61.78,1499.56,74.77,961.62,67.44,557.99,62.66,70.57,58.18,8,64.07,76.45,66.67,74.41,60.77,6,57.16,2.74,5219.52,65.42,Inconsistent
85.54,1686.35,98.22,2257.75,99.63,560.72,84.27,87.46,81.34,2,94.94,100.0,82.44,96.13,92.61,0,85.21,2.68,4573.11,92.47,Careful
81.24,1854.96,74.88,1806.53,70.09,470.84,83.11,90.86,75.37,0,76.48,73.98,92.44,64.73,90.28,1,76.6,3.29,5123.56,80.03,Careful
81.94,1709.19,87.98,1850.86,89.51,350.39,87.46,88.68,94.53,0,93.16,100.0,74.56,100.0,86.06,1,100.0,1.47,4434.04,92.22,Careful
85.4,1522.47,87.15,1390.76,87.37,372.63,80.02,75.51,93.15,4,77.18,75.1,84.2,78.12,92.44,1,81.65,2.66,5683.33,84.69,Efficient
85.18,2378.64,88.25,2010.02,72.05,452.25,91.65,78.59,85.06,0,79.32,88.79,62.51,87.32,74.76,0,82.07,2.4,5632.65,82.02,Careful
43.83,1835.41,53.21,1642.22,68.37,665.18,59.76,55.82,59.74,7,54.05,55.44,51.76,59.03,50.92,5,52.37,3.62,5523.95,52.52,Inconsistent
78.42,1055.54,88.4,1358.23,90.8,511.01,81.25,82.1,88.99,1,86.63,94.79,84.04,78.65,93.99,0,82.5,3.3,5601.91,86.43,Efficient
69.52,1424.67,73.46,1390.97,48.52,484.23,49.13,67.37,58.64,4,72.21,67.24,68.61,54.71,64.83,3,79.43,3.25,5106.18,60.55,Impulsive
52.14,924.71,68.82,1017.62,61.12,409.26,67.47,70.3,52.14,10,62.65,48.87,64.35,62.71,39.17,6,59.71,3.39,5713.5,57.97,Impulsive
56.96,1929.71,70.77,2249.17,76.82,562.07,57.31,61.35,69.78,6,48.13,62.78,60.09,69.71,60.55,4,66.58,2.55,6109.08,65.57,Inconsistent
43.2,1600.13,27.28,1463.37,34.09,454.86,53.45,39.55,53.99,6,41.33,50.94,45.03,52.25,45.02,7,48.97,4.34,6710.48,41.95,Impulsive
91.84,1732.42,91.75,1797.1,95.4,712.89,97.59,99.68,96.76,0,93.99,100.0,95.86,95.41,95.04,2,95.76,2.54,5470.68,96.27,Careful
62.04,2086.13,57.18,1569.88,56.62,699.59,50.35,55.39,67.28,5,68.62,54.84,51.18,67.57,63.39,2,42.18,3.65,5343.15,58.63,Inconsistent
87.89,1866.13,75.84,2175.44,77.21,662.22,80.38,92.24,75.73,3,73.24,87.45,68.29,74.45,81.06,6,81.44,3.07,4692.21,83.51,Inconsistent
29.75,1755.46,41.78,1518.0,33.73,732.42,40.93,44.97,39.82,9,31.99,47.31,42.98,37.26,36.87,3,40.41,4.57,8081.85,35.37,Inconsistent
68.83,1188.0,64.04,1126.11,68.22,523.15,59.02,56.6,75.65,9,74.34,61.39,75.42,75.74,66.85,5,63.11,2.89,5487.19,70.14,Impulsive
59.53,1087.61,62.09,987.04,73.7,391.79,66.11,69.46,58.67,8,65.4,48.83,62.73,62.22,75.84,8,75.29,3.9,6316.69,66.92,Impulsive
76.58,1342.33,79.55,1183.41,77.35,522.25,59.7,81.66,79.58,5,90.84,80.72,70.64,78.61,63.95,7,69.78,3.0,5747.62,77.93,Impulsive
97.51,989.48,99.2,1071.57,97.74,409.81,94.6,100.0,91.28,0,100.0,100.0,86.31,96.81,100.0,0,92.19,2.64,4816.95,94.58,Efficient
98.68,961.4,100.0,1246.29,96.28,305.17,100.0,94.96,100.0,0,100.0,100.0,94.05,100.0,92.76,1,81.26,2.31,5100.92,92.7,Efficient
100.0,1264.24,92.82,1258.59,100.0,292.27,91.79,82.21,83.04,3,79.86,90.05,91.51,98.83,93.14,0,100.0,2.62,4943.3,94.28,Efficient
68.27,1596.39,58.79,1793.14,51.31,588.82,43.02,43.87,54.43,3,52.58,55.85,39.47,56.91,65.87,1,72.25,4.18,6374.36,56.17,Inconsistent
86.3,1276.23,85.56,1537.18,89.92,491.84,83.41,100.0,91.63,1,82.25,89.46,89.7,98.42,83.9,0,95.61,2.78,5156.88,93.67,Efficient
89.37,1933.45,92.77,1947.1,89.98,408.83,86.25,84.84,82.7,2,74.42,76.48,81.86,86.05,95.65,1,83.74,3.32,5848.67,82.9,Careful
26.71,1746.72,25.35,1691.74,20.0,726.95,20.0,24.63,20.0,5,20.0,27.39,34.9,23.25,27.99,4,20.0,5.11,7709.21,21.08,Inconsistent
79.9,1432.96,83.03,1640.03,90.99,446.94,81.54,83.73,94.78,4,72.62,86.71,72.8,95.08,84.92,1,76.39,2.57,5170.09,82.23,Efficient
71.31,1582.2,75.47,1993.1,80.05,431.47,74.56,99.45,76.29,1,78.83,74.38,81.03,90.24,80.1,0,77.21,2.9,5418.2,74.57,Careful
97.07,1000.81,99.68,1030.8,100.0,392.77,100.0,100.0,96.01,2,100.0,100.0,89.94,83.56,99.82,0,85.21,2.05,3550.62,97.17,Efficient
50.98,1285.03,57.17,1299.81,55.96,393.23,54.61,57.52,68.69,8,52.8,67.47,46.26,57.04,61.02,9,65.0,3.79,5319.08,55.26,Impulsive
71.1,1355.22,76.32,1111.78,70.39,119.44,75.16,91.51,76.22,0,93.75,73.78,88.81,63.87,74.58,0,72.05,3.35,6301.18,75.69,Efficient
87.0,1577.8,85.25,1724.79,83.17,462.69,91.03,97.26,86.41,5,88.33,94.97,87.23,88.27,98.71,3,90.01,3.91,4560.35,92.58,Careful
44.8,1334.33,49.85,1664.26,45.2,550.58,49.22,31.09,40.65,4,41.07,39.43,44.93,46.46,44.52,5,39.79,3.51,7034.15,42.89,Inconsistent
88.53,1623.98,91.27,1714.44,86.09,628.31,81.37,75.39,83.17,4,73.1,88.75,73.5,83.5,92.18,3,84.17,2.82,3909.27,84.72,Inconsistent
58.82,1052.1,35.05,1229.79,75.78,528.94,64.23,52.28,57.39,4,61.42,63.13,48.21,51.4,63.33,8,54.14,4.18,6675.39,57.35,Inconsistent
96.81,1959.94,94.61,1956.08,94.77,388.14,99.07,100.0,99.18,0,100.0,88.06,83.18,100.0,90.12,1,94.25,2.33,5145.8,94.18,Careful
91.93,1288.0,92.3,1730.63,100.0,462.58,87.03,87.53,100.0,0,100.0,100.0,91.46,96.08,89.78,0,96.36,2.04,5407.8,91.87,Careful
98.5,1505.89,100.0,1626.81,96.52,299.36,100.0,100.0,100.0,1,100.0,100.0,84.63,100.0,88.19,1,91.04,2.35,5376.61,100.0,Efficient
37.58,894.26,53.04,1226.29,31.36,527.68,48.92,43.12,48.88,4,54.58,45.01,54.32,57.64,56.02,6,39.2,3.1,7675.77,48.09,Impulsive
27.65,1786.9,27.92,1612.8,40.92,723.11,21.1,20.0,20.0,0,41.9,40.04,29.38,21.53,38.4,0,56.52,3.11,7500.72,28.71,Inconsistent
59.18,1556.73,66.25,1500.49,57.85,638.9,57.57,66.37,62.24,5,47.65,51.42,53.89,56.0,66.38,3,65.04,3.85,6636.9,60.48,Inconsistent
86.53,1302.92,90.1,1362.27,86.46,289.33,89.61,77.14,86.65,1,97.19,70.88,88.23,89.74,96.01,0,90.86,3.36,5721.61,85.6,Efficient
93.71,2382.7,89.12,1964.83,95.49,627.32,100.0,78.62,77.1,0,99.52,81.08,93.49,95.39,90.26,0,93.04,2.71,5163.99,92.83,Careful
100.0,1277.2,100.0,1249.29,86.3,215.83,98.46,89.74,84.7,4,92.3,100.0,98.28,100.0,96.01,1,100.0,2.27,5733.24,97.94,Efficient
84.93,1595.71,100.0,1762.37,92.81,478.89,75.24,74.52,93.06,1,81.49,87.52,71.06,84.85,95.86,0,83.74,2.78,4884.71,87.25,Careful
89.53,1252.8,98.18,755.24,77.9,241.26,95.3,89.32,99.52,3,92.27,100.0,96.68,91.6,98.92,0,99.76,2.85,5527.23,91.96,Efficient
70.01,1640.55,68.75,2115.69,74.89,663.09,78.47,75.26,78.86,0,79.13,69.48,73.81,78.02,67.29,1,67.53,3.58,5278.22,74.34,Careful
87.72,2019.54,88.95,2100.24,78.59,569.0,71.72,83.0,70.99,9,79.44,71.76,75.78,60.26,77.04,6,78.79,4.08,5446.25,78.53,Inconsistent
22.24,1494.73,34.22,1815.09,27.02,464.96,35.54,33.17,35.8,8,31.11,39.96,46.01,44.42,31.4,7,26.52,4.84,8094.19,29.75,Impulsive
81.54,1456.61,97.51,1667.07,77.96,478.08,85.52,100.0,88.17,0,82.58,70.77,88.01,80.53,91.13,1,80.58,3.05,4384.48,89.57,Efficient
36.5,1471.47,31.12,1898.09,26.61,530.94,40.32,43.07,45.54,3,51.28,48.71,49.89,33.98,50.82,6,45.36,4.2,6353.98,39.73,Inconsistent
84.37,1834.18,89.31,1980.67,73.39,383.13,70.99,88.54,86.06,0,76.58,74.74,82.59,83.55,74.15,0,83.25,3.27,5659.11,77.79,Careful
53.52,1251.34,76.71,1419.86,62.29,635.92,65.69,70.74,72.23,7,62.11,56.62,63.74,62.86,59.45,9,52.55,3.21,5967.91,65.97,Impulsive
50.17,1486.67,54.48,1527.29,56.37,749.39,61.24,55.6,62.87,3,59.66,45.5,36.39,48.71,57.87,3,60.11,4.17,5217.11,58.96,Inconsistent
36.63,1357.76,58.9,901.07,46.51,524.27,43.17,53.03,57.01,10,41.41,60.18,60.65,54.92,47.6,8,45.73,3.37,6200.67,51.51,Impulsive
78.33,1820.7,90.31,1843.68,84.16,358.63,100.0,100.0,100.0,2,80.69,92.77,95.18,94.28,85.38,0,99.72,2.8,5372.97,91.38,Careful
95.24,1846.1,91.22,1722.88,97.96,396.57,100.0,91.45,100.0,1,100.0,100.0,100.0,100.0,100.0,1,100.0,1.32,4462.75,97.91,Careful
97.62,1819.09,100.0,1817.8,81.99,529.91,100.0,89.99,100.0,0,91.05,100.0,83.57,82.42,95.06,2,100.0,2.17,4724.44,93.33,Careful
61.33,1294.31,55.52,1356.77,61.05,283.18,73.38,51.44,55.4,12,55.17,56.91,60.07,67.86,63.89,7,60.74,3.72,6234.22,59.8,Impulsive
41.73,1486.94,51.1,1118.91,44.08,441.57,52.37,51.46,42.43,9,23.69,33.54,48.5,29.99,39.77,8,45.43,4.28,7407.26,39.88,Impulsive
59.0,1575.25,78.51,1681.33,81.6,710.52,69.05,53.82,63.38,5,61.43,63.56,60.93,72.17,69.99,2,82.23,3.39,5881.78,69.16,Inconsistent
76.08,1750.22,85.2,1617.68,88.76,397.39,64.82,83.18,67.74,1,76.54,89.67,100.0,79.01,70.95,1,76.3,2.78,5017.94,77.46,Careful
39.38,2096.32,34.78,1885.8,31.0,860.51,46.07,41.76,36.02,9,20.0,40.04,25.77,32.57,34.4,7,51.41,5.03,8190.67,33.69,Inconsistent
100.0,1757.09,97.55,1777.87,89.84,274.81,86.18,93.28,85.71,1,90.77,88.71,85.27,91.77,80.89,1,84.77,3.15,4785.26,91.19,Careful
62.76,1251.29,64.6,1323.99,60.71,579.02,57.55,50.49,61.96,3,61.12,65.66,61.82,74.39,67.95,5,72.81,3.48,6718.14,63.79,Inconsistent
52.65,1529.95,65.25,1206.25,47.45,758.99,46.82,55.02,58.47,6,53.49,64.03,60.26,60.14,57.83,6,74.35,4.37,5365.32,54.71,Inconsistent
37.61,1280.91,38.5,1273.45,49.06,403.78,38.66,30.67,32.97,8,36.03,30.24,48.31,48.63,42.22,9,39.8,4.45,7145.59,37.2,Impulsive
93.83,1785.89,97.72,1483.44,100.0,423.03,97.26,96.84,100.0,1,81.73,88.13,94.72,88.67,91.34,1,100.0,2.66,5283.63,94.24,Careful
95.81,1191.12,79.33,1117.0,96.13,192.23,96.99,100.0,100.0,4,100.0,100.0,96.59,100.0,96.82,2,100.0,2.71,5014.22,97.62,Efficient
69.27,1671.74,77.24,1770.74,85.28,507.34,89.04,74.23,73.07,2,76.41,79.52,100.0,84.55,88.86,1,93.57,3.19,6079.57,80.66,Careful
84.61,1877.18,91.15,1783.09,80.72,440.89,74.89,96.75,86.96,5,85.39,94.45,89.0,82.46,75.03,2,78.4,3.25,5556.68,89.62,Careful
41.82,1108.25,55.91,1301.86,64.05,471.46,55.22,55.96,51.36,12,61.92,51.5,59.07,57.76,54.76,8,58.68,3.76,6301.75,57.01,Impulsive
20.0,1153.53,20.0,751.28,21.08,587.28,20.0,20.0,25.98,7,23.43,21.88,33.79,22.85,20.0,4,20.0,4.38,8183.16,25.44,Inconsistent
52.55,1496.21,37.36,1424.53,47.83,580.37,56.06,61.77,50.12,10,68.15,56.17,51.06,60.52,46.51,9,41.14,3.48,6290.63,50.93,Impulsive
35.71,707.98,41.61,1320.53,42.98,491.27,48.95,52.83,51.24,8,47.19,42.89,54.76,40.11,43.33,11,40.7,4.36,7301.22,44.75,Impulsive
54.56,1207.25,73.04,1239.59,46.11,444.32,50.65,32.2,54.24,10,62.45,60.2,58.07,49.91,55.4,8,53.34,3.7,6157.51,51.53,Impulsive
78.09,1724.23,92.96,1453.45,92.83,624.16,82.05,69.62,95.34,3,84.7,79.01,89.25,87.22,92.09,3,75.64,2.8,5158.65,83.59,Inconsistent
82.69,987.02,86.43,1668.45,80.53,355.3,80.47,85.61,100.0,2,100.0,98.86,94.6,73.94,100.0,0,92.97,2.81,5607.81,91.69,Efficient
45.56,1198.1,66.55,999.61,59.39,426.7,34.76,40.27,51.59,8,48.6,41.79,67.94,54.88,56.18,4,46.15,4.58,6561.19,55.0,Impulsive
100.0,1859.01,95.3,1873.54,100.0,511.16,88.07,83.61,93.03,0,90.11,73.38,87.88,95.85,92.63,2,86.11,2.07,4780.24,96.09,Careful
38.16,1585.45,36.29,1368.75,41.7,532.51,26.83,37.41,36.54,6,41.04,41.42,40.68,31.5,39.62,6,34.81,4.44,6939.55,37.08,Impulsive
45.94,1004.11,48.02,1018.37,37.98,542.25,50.12,42.83,47.97,7,41.46,55.18,54.43,38.39,50.98,6,59.8,3.77,7083.98,45.54,Impulsive
91.94,1721.6,93.07,2028.38,83.74,469.01,100.0,100.0,100.0,2,100.0,100.0,99.45,100.0,100.0,2,100.0,1.56,4461.51,95.58,Careful
68.68,1967.54,83.48,1873.4,88.64,755.62,83.03,73.5,81.96,3,87.9,86.85,85.73,64.78,80.7,6,83.33,3.28,5883.22,84.23,Inconsistent
85.39,1726.89,79.53,2127.4,81.8,365.22,70.69,83.1,78.14,1,84.86,78.34,67.65,100.0,82.21,0,97.08,3.8,5304.02,84.95,Careful
57.33,1681.33,53.99,2095.81,64.33,721.74,50.76,57.92,48.83,7,63.67,57.74,49.84,70.43,51.29,6,68.92,3.93,5725.43,57.47,Inconsistent
52.95,1092.75,53.2,1177.76,54.32,578.45,53.62,49.6,58.66,5,60.7,68.35,49.25,59.41,38.8,4,61.54,3.58,6832.37,52.7,Inconsistent
84.87,1226.99,91.28,1494.97,89.87,254.01,77.59,85.42,86.5,2,85.46,100.0,97.98,100.0,97.96,0,100.0,2.99,5220.23,93.98,Efficient
77.21,1046.65,87.78,566.52,69.72,430.82,77.78,61.45,67.9,5,64.18,52.67,54.93,71.19,71.35,4,58.38,3.72,6293.53,70.95,Inconsistent
48.94,1381.37,36.88,1923.88,56.91,642.0,59.16,45.87,51.12,7,48.26,48.33,56.18,56.37,60.83,7,61.72,3.23,6433.19,56.32,Impulsive
98.64,1371.21,100.0,1039.12,88.25,227.3,97.45,100.0,89.68,4,97.59,100.0,100.0,100.0,100.0,0,100.0,2.16,3489.45,99.73,Efficient
62.92,1620.5,65.54,1620.59,70.97,534.54,67.15,75.18,70.29,4,70.23,61.77,58.9,59.7,77.41,3,53.17,2.78,5332.13,65.92,Inconsistent
74.69,1096.3,64.07,1083.97,76.0,446.42,63.44,87.12,76.04,7,90.97,64.55,85.13,58.31,74.4,7,67.05,3.41,6101.73,74.11,Impulsive
100.0,1849.38,100.0,1759.58,100.0,587.51,100.0,100.0,100.0,2,100.0,100.0,100.0,100.0,100.0,0,100.0,2.36,4490.44,100.0,Careful
50.59,1061.78,51.37,1640.39,56.89,651.02,43.08,33.17,50.34,9,52.23,49.84,38.86,36.25,49.1,6,36.84,3.92,7187.23,50.53,Impulsive
95.65,1747.93,100.0,1681.03,94.29,404.26,100.0,89.79,88.45,0,92.67,88.41,82.18,84.31,79.54,0,93.19,2.07,4568.05,93.51,Careful
56.15,1037.42,68.35,1477.23,49.26,371.83,52.86,61.88,62.19,11,59.96,56.36,55.37,66.43,59.31,10,49.53,4.21,5678.37,55.83,Impulsive
44.48,1307.91,39.03,1436.14,37.67,537.07,45.54,46.46,48.34,10,36.4,41.23,36.39,42.77,35.24,8,37.65,4.13,6931.58,38.86,Impulsive
79.87,1734.85,67.88,1743.53,89.11,735.39,70.49,72.65,85.95,8,91.36,81.6,87.43,87.17,81.15,4,73.02,3.22,4966.06,79.74,Inconsistent
63.4,1107.34,55.47,1232.97,57.79,372.55,65.31,69.93,60.36,7,68.65,70.55,71.63,64.54,53.99,5,69.23,3.21,5718.91,60.75,Impulsive
55.21,1219.01,53.99,1512.29,57.73,504.39,49.0,53.67,56.71,9,39.28,40.88,55.2,57.13,51.63,10,58.83,4.45,6127.99,52.0,Impulsive
88.32,1998.41,91.07,1630.41,94.56,646.45,88.57,89.77,100.0,2,92.07,90.83,92.31,97.34,85.44,0,97.55,1.98,5198.81,89.08,Careful
44.46,1223.14,61.73,889.03,51.92,296.93,59.33,42.12,48.48,11,39.9,56.09,46.0,46.48,66.56,5,56.91,3.9,5927.67,49.21,Impulsive
69.46,1032.62,68.81,967.92,67.98,405.09,75.81,65.16,80.71,10,64.4,72.08,68.53,66.76,87.74,7,66.41,3.43,5939.17,73.99,Impulsive
29.73,1156.74,20.85,947.31,34.65,588.79,27.49,45.14,27.92,9,32.9,27.75,20.0,27.82,35.48,8,34.87,4.55,6344.86,31.51,Impulsive
45.96,1386.18,42.15,1242.11,57.23,242.89,47.91,39.72,41.03,5,44.57,47.18,31.67,46.64,31.88,7,46.4,3.35,7288.27,46.39,Impulsive
74.96,2309.02,60.58,1800.92,68.56,575.8,81.92,74.88,74.17,12,75.34,61.98,72.75,84.79,82.22,8,72.4,3.28,5326.82,71.46,Inconsistent
35.3,716.69,26.06,806.97,34.29,435.78,32.77,20.22,46.36,6,34.9,28.95,36.6,24.59,28.11,4,49.44,5.28,6785.39,31.68,Inconsistent
87.14,1495.79,82.47,1320.29,97.67,297.61,86.41,87.6,86.75,1,73.68,79.96,96.7,72.14,82.88,0,85.42,2.93,4492.1,87.73,Efficient
86.27,1168.63,81.46,955.52,76.56,265.38,88.52,79.43,90.84,0,79.19,100.0,97.29,82.95,82.64,0,87.1,2.27,5369.02,80.2,Efficient
94.98,1082.58,100.0,1236.3,82.79,431.6,90.41,88.0,81.93,2,100.0,90.64,100.0,98.21,99.95,1,91.0,2.03,5025.48,91.4,Efficient
65.09,1110.6,44.37,1049.88,62.06,524.52,52.15,48.65,59.78,8,63.65,63.41,57.81,57.15,60.31,9,58.83,3.45,6291.46,62.25,Impulsive
32.84,1119.81,32.45,1210.28,51.33,665.1,55.95,39.8,52.93,12,51.19,43.74,43.17,46.7,52.27,11,48.83,4.63,6713.97,45.82,Impulsive
92.42,2068.94,88.14,1848.95,98.75,526.24,89.54,92.59,93.87,0,95.29,83.54,93.26,83.49,93.08,1,98.67,2.09,5839.89,89.56,Careful
88.29,1933.54,93.48,1817.02,83.07,609.59,96.11,78.83,84.08,3,83.98,98.66,87.49,72.04,94.04,1,100.0,1.95,5811.73,89.02,Careful
98.56,2000.53,74.13,1638.18,100.0,504.39,86.4,85.1,88.92,1,84.24,83.01,98.11,92.61,75.99,0,97.4,2.62,4738.84,90.44,Careful
44.47,1435.43,53.45,1401.45,30.29,513.38,58.67,38.67,56.26,9,54.98,58.12,41.0,48.39,52.36,8,53.87,4.12,7202.53,48.82,Impulsive
55.11,1017.21,50.74,670.37,54.0,411.55,70.75,56.47,58.29,12,51.38,48.82,54.91,75.13,52.8,8,58.35,4.58,6047.92,51.06,Impulsive
100.0,2085.48,100.0,1974.28,97.89,718.68,100.0,99.7,100.0,6,100.0,98.6,94.47,92.71,100.0,4,89.96,2.12,4033.69,96.77,Inconsistent
48.63,1152.62,48.99,1084.63,54.9,755.6,63.85,46.27,49.68,7,44.38,57.81,40.43,43.66,61.55,6,71.5,3.53,6960.09,53.72,Impulsive
48.4,1297.11,54.7,1001.12,43.63,480.58,59.88,58.13,62.12,9,44.11,43.12,54.94,48.34,58.53,9,62.39,4.17,6377.03,57.69,Impulsive
54.76,1406.84,64.21,1956.65,48.94,483.22,44.72,56.69,52.14,5,69.19,50.14,62.13,57.65,42.67,2,59.13,3.47,6771.12,52.49,Inconsistent
91.61,2060.53,88.42,1999.06,80.1,551.79,70.23,85.5,74.32,0,83.27,77.56,65.72,95.81,73.91,0,80.76,2.82,4696.51,81.99,Careful
79.72,2205.69,87.4,2141.66,89.52,429.57,92.65,100.0,83.6,2,92.35,87.03,85.67,88.18,91.34,2,88.14,3.05,5695.3,86.07,Careful
45.39,1190.55,46.58,1180.95,31.94,391.82,45.76,52.66,33.04,8,39.19,44.56,42.51,53.22,47.55,9,45.38,4.1,6888.32,40.33,Impulsive
54.84,905.98,47.22,932.39,67.84,445.01,53.42,63.11,65.15,8,50.4,56.99,56.7,74.03,66.51,6,46.8,3.85,6048.66,61.62,Impulsive
91.36,1398.09,100.0,1430.52,94.87,343.29,83.34,89.64,88.33,0,100.0,100.0,93.84,96.65,93.62,1,100.0,3.07,5680.26,98.23,Efficient
78.56,1411.46,85.8,1515.19,76.97,496.38,89.81,88.2,85.91,0,96.49,83.22,90.37,94.32,75.89,0,81.02,2.27,5548.44,84.18,Careful
93.28,1294.05,93.83,1264.65,82.72,381.5,76.84,84.32,83.75,1,84.05,81.37,76.16,84.84,81.75,2,82.2,2.47,4749.95,82.42,Efficient
30.06,1505.15,32.97,1231.98,38.68,338.57,38.27,20.0,25.53,5,30.17,42.0,20.0,24.53,20.0,7,20.0,3.77,7827.16,32.55,Inconsistent
85.16,1657.38,82.33,1913.55,96.94,514.96,87.05,88.39,92.42,1,98.98,82.47,91.62,82.58,88.19,2,99.44,1.88,6025.58,91.05,Careful
62.72,1054.84,56.44,981.47,52.26,335.43,42.23,49.21,53.81,6,52.71,42.09,53.95,45.1,47.36,5,60.03,4.32,6495.89,55.53,Impulsive
84.96,1504.11,78.08,1313.23,91.17,220.87,75.53,95.11,78.91,2,76.29,83.5,84.96,84.04,72.68,0,87.05,2.08,5133.58,86.6,Efficient
93.38,1189.78,100.0,1502.41,83.22,223.26,98.19,78.2,99.92,4,89.2,89.9,93.48,74.72,76.96,1,86.6,2.67,5291.28,88.54,Efficient
81.99,1435.42,87.69,1520.26,64.61,477.35,85.96,73.77,74.26,0,82.09,86.57,80.75,72.81,80.75,1,75.03,2.37,6666.19,75.89,Efficient
98.21,1008.39,98.35,1134.19,94.94,464.45,100.0,100.0,96.61,0,94.53,97.61,91.59,88.24,87.43,0,95.52,2.23,5737.14,99.46,Efficient
49.5,1431.49,37.36,1152.87,35.43,412.76,52.29,48.27,51.78,9,41.99,39.89,57.13,34.06,56.26,6,58.13,3.88,7008.93,48.15,Impulsive
49.31,2585.05,49.16,2455.07,39.63,538.28,45.95,62.88,68.14,7,60.56,54.01,51.29,47.09,71.22,6,53.05,3.88,6214.54,61.86,Inconsistent
58.33,1442.14,71.94,1324.01,67.14,484.85,68.22,58.22,67.34,6,54.75,65.48,64.4,64.46,69.76,9,54.32,3.55,5653.21,60.97,Inconsistent
96.35,1934.67,92.6,1875.49,98.35,513.13,82.8,95.77,94.41,1,76.9,98.74,92.57,87.7,87.56,1,80.6,2.46,5854.55,92.32,Efficient
39.29,875.79,37.16,546.68,40.05,499.11,40.9,44.44,29.28,12,36.84,23.03,33.21,41.03,28.5,4,55.74,4.78,6533.38,37.28,Impulsive
87.11,1209.85,100.0,1006.74,86.51,249.16,100.0,88.47,83.94,0,100.0,90.26,86.43,95.67,98.76,0,83.55,2.63,5288.56,94.18,Efficient
93.11,1017.21,95.14,823.01,82.2,329.91,90.07,96.05,79.07,2,76.27,75.83,73.07,78.95,83.15,1,100.0,2.49,5922.01,82.04,Efficient
95.28,1173.74,97.26,1703.1,90.45,464.73,96.58,98.16,90.7,3,88.89,79.42,87.2,82.07,81.99,2,83.45,2.78,5598.48,90.06,Efficient
91.51,1167.28,88.16,933.64,80.34,321.68,91.94,95.99,87.01,2,86.11,96.55,100.0,97.72,92.04,0,88.01,2.29,4797.41,90.37,Efficient
48.03,1049.47,41.67,961.6,40.23,610.64,37.58,32.83,43.05,7,51.44,45.55,47.23,43.89,62.59,6,48.62,3.88,6608.9,46.32,Impulsive
100.0,1521.06,89.46,1251.03,99.73,294.36,100.0,79.33,90.56,0,99.0,80.7,81.97,93.93,100.0,0,100.0,2.71,5401.25,94.4,Efficient
66.8,1601.39,76.36,1473.42,60.5,621.41,61.97,60.65,68.61,5,78.91,72.07,50.27,72.88,64.15,5,72.27,2.98,5073.53,69.52,Inconsistent
69.94,2278.3,48.84,1882.71,71.68,677.3,55.65,58.75,68.79,5,55.31,56.39,53.44,58.89,61.08,5,52.4,3.29,6627.19,66.42,Inconsistent
49.0,1541.59,57.12,1618.67,61.99,419.53,64.02,59.56,58.5,6,67.45,62.98,55.52,61.0,63.76,6,76.16,3.66,5521.66,63.97,Impulsive
72.53,1335.91,76.15,1127.15,73.84,321.83,64.75,70.4,81.47,2,73.46,70.35,77.05,80.59,81.88,0,79.72,2.82,4815.41,80.22,Efficient
86.16,2010.3,90.19,1919.69,84.39,581.47,99.37,86.32,89.62,1,83.91,99.25,85.62,100.0,99.5,0,86.93,2.55,4155.94,90.22,Careful
86.33,1728.28,100.0,1818.48,74.26,380.65,94.65,78.29,87.05,3,84.49,78.77,78.57,88.64,94.4,3,85.27,3.77,5052.54,85.13,Careful
83.7,1708.17,91.0,1641.92,79.77,430.49,97.16,76.08,82.9,1,74.92,91.31,84.57,93.44,80.15,0,92.74,2.2,5610.53,84.39,Careful
85.58,1943.19,89.14,1848.06,100.0,225.44,92.62,98.34,85.41,2,89.86,86.16,99.24,97.73,100.0,3,82.06,3.21,5086.35,93.66,Careful
68.08,1316.49,59.51,1564.57,63.74,429.83,63.73,54.12,62.55,0,52.8,54.4,68.28,67.06,53.62,1,52.66,3.3,7085.07,59.76,Inconsistent
32.68,1620.32,25.3,1716.46,23.25,565.68,26.89,20.0,20.0,12,33.97,34.82,20.0,31.58,23.14,8,26.9,5.17,7094.4,31.92,Inconsistent
66.4,1247.04,80.28,1610.93,55.7,634.06,57.84,60.13,59.05,6,56.41,63.89,71.39,64.47,56.64,7,61.75,3.35,5972.96,62.77,Impulsive
91.86,1824.21,81.63,2190.14,97.85,467.92,99.28,93.52,81.01,0,100.0,94.12,89.8,100.0,76.08,2,93.29,1.55,5445.99,87.69,Careful
48.04,1704.81,60.17,1612.02,47.97,651.99,54.24,55.6,49.31,4,57.2,48.21,68.75,67.54,66.31,0,58.15,3.59,5316.48,54.78,Inconsistent
56.72,1159.0,58.52,1374.83,59.94,399.62,58.63,58.1,57.59,8,45.37,61.53,49.31,60.92,63.52,10,61.57,3.59,6500.3,61.54,Impulsive
53.45,1216.87,40.29,947.33,59.95,467.86,47.99,55.53,52.45,9,61.24,34.18,61.29,61.11,53.45,4,55.9,4.21,6515.02,54.78,Impulsive
88.46,1423.51,87.84,1520.12,97.52,350.1,83.84,100.0,82.1,0,93.58,97.39,97.2,92.69,89.56,4,86.26,1.9,5770.51,87.58,Efficient
93.79,2017.43,89.89,2282.96,96.44,475.12,100.0,83.8,96.19,0,100.0,92.13,91.05,88.62,100.0,0,100.0,1.64,4609.38,93.48,Careful
43.76,1015.61,41.1,956.48,40.14,411.21,55.53,41.63,36.23,5,50.44,38.12,38.37,51.36,39.95,7,41.68,4.84,7064.56,41.88,Impulsive
46.9,1025.33,50.27,1536.55,51.85,431.83,41.18,35.62,42.35,8,52.44,50.69,46.5,53.46,47.04,7,42.88,4.85,7345.64,46.13,Impulsive
80.99,1232.66,79.34,1243.09,82.09,380.64,82.27,88.07,82.55,0,91.14,100.0,97.21,78.72,84.82,0,75.77,3.04,5535.71,82.09,Efficient
65.63,1470.24,61.59,1561.27,60.59,790.71,47.79,67.19,51.05,9,69.75,53.62,69.75,52.29,50.49,8,57.13,4.51,6177.55,61.84,Inconsistent
80.61,1252.1,86.73,1706.53,77.87,352.63,88.4,66.08,81.51,0,85.81,86.49,79.26,68.12,89.9,0,78.27,3.07,5132.36,82.18,Efficient
86.07,1107.01,80.16,1334.49,75.31,499.9,75.78,87.56,80.61,5,72.49,67.38,87.51,76.48,83.5,5,92.02,2.41,5612.88,83.18,Inconsistent
95.35,1621.9,83.8,1538.32,81.58,384.59,85.03,81.58,91.43,1,91.76,93.38,86.15,81.02,84.6,4,80.84,2.85,5280.25,90.65,Efficient
89.2,1357.12,78.95,1096.86,86.36,305.67,97.8,79.54,89.35,2,83.93,91.38,87.38,100.0,94.54,0,78.68,2.94,4690.51,86.35,Efficient
90.82,1340.92,76.05,1432.21,100.0,285.09,97.21,96.96,98.84,5,100.0,92.14,87.78,100.0,85.78,1,100.0,2.13,5201.81,92.06,Efficient
82.34,1998.33,82.15,2001.57,79.38,418.91,83.76,74.0,80.12,0,77.16,91.79,79.18,66.71,79.01,1,68.43,2.62,5266.89,77.41,Careful
87.67,2016.19,100.0,2084.96,80.88,371.11,77.97,96.08,74.7,0,86.54,89.02,66.52,76.28,74.08,0,92.5,2.62,5261.95,87.38,Careful
70.53,2038.27,72.08,1617.36,72.14,478.1,79.39,77.54,86.08,0,79.84,79.51,71.06,77.19,68.83,2,83.95,2.47,5233.02,77.11,Careful
86.96,2067.8,97.26,1991.56,100.0,437.46,89.75,88.9,94.26,0,86.21,80.87,100.0,87.8,91.55,0,85.91,2.78,5247.75,91.43,Careful
41.72,922.31,33.19,1222.25,38.3,539.18,41.29,47.64,37.59,11,43.79,42.78,41.38,37.42,41.55,9,39.72,4.85,6980.47,42.9,Impulsive
64.98,1361.4,59.94,865.98,45.72,475.43,44.01,73.24,48.23,9,57.17,65.58,44.39,49.86,48.54,7,74.72,3.2,7511.51,51.67,Impulsive
67.99,1339.35,73.77,1057.64,76.04,529.76,83.55,76.68,81.66,1,74.86,73.0,71.2,83.15,74.59,3,55.78,1.79,5441.71,72.09,Inconsistent
58.31,1108.65,74.84,1201.37,56.8,445.69,48.32,54.95,48.5,7,63.86,54.25,62.29,52.64,63.0,6,39.25,4.29,6758.1,57.65,Impulsive
79.21,1079.02,92.29,1259.3,76.79,356.25,93.37,82.56,72.36,1,91.48,92.71,90.96,82.57,83.46,0,82.21,2.75,6078.93,84.15,Efficient
50.39,1116.08,51.44,608.43,39.01,324.77,35.05,53.32,56.52,7,50.23,54.91,44.81,51.12,58.28,8,45.65,4.05,6098.11,54.28,Impulsive
77.02,1230.45,73.26,1082.45,87.08,417.02,62.71,80.13,72.56,7,64.28,91.22,92.33,71.58,76.8,4,69.0,3.17,5091.11,76.57,Inconsistent
88.24,1370.48,89.86,1220.23,95.24,358.2,100.0,94.47,90.63,1,73.92,100.0,84.26,84.52,100.0,0,80.01,2.53,5791.63,89.59,Efficient
90.4,1705.55,85.68,1604.88,72.04,423.26,77.55,100.0,78.89,1,80.13,78.42,74.68,87.82,71.48,0,74.71,3.41,6269.89,78.67,Careful
76.97,1995.76,79.56,1797.07,95.28,680.63,94.04,80.24,81.78,2,63.07,90.26,86.59,83.39,75.81,0,81.22,2.71,5188.03,84.03,Careful
92.87,1631.99,94.46,1268.33,89.38,339.01,99.42,97.29,95.19,5,79.98,89.31,91.21,100.0,80.78,2,86.35,2.92,5476.05,91.65,Efficient
66.6,1737.98,59.11,2075.8,69.48,637.92,59.51,80.05,64.44,3,71.71,72.71,64.01,59.11,72.69,3,54.04,3.0,7200.38,68.31,Inconsistent
95.29,2521.56,84.45,1923.75,97.25,445.06,100.0,88.41,100.0,1,91.81,99.21,88.76,98.85,97.45,2,85.11,2.71,4165.91,94.58,Careful
69.12,1799.71,71.88,1855.86,64.43,455.11,66.95,82.68,68.64,3,79.81,77.52,73.06,79.14,69.82,2,84.88,1.93,5865.26,68.91,Careful
80.07,1103.28,86.34,1413.56,76.06,327.93,61.78,78.46,81.06,1,81.06,73.64,69.77,86.5,82.23,1,73.28,3.7,5595.48,83.44,Efficient
97.7,1331.64,84.82,1556.1,100.0,391.4,100.0,82.36,100.0,0,98.0,90.96,97.57,99.56,86.1,2,99.68,2.36,5159.33,96.15,Efficient
42.48,1566.68,44.84,1368.15,60.09,607.59,39.77,45.99,58.74,3,37.73,51.76,40.79,49.69,65.16,1,53.6,3.0,6286.74,49.75,Inconsistent
89.66,1882.16,87.83,1561.49,84.16,479.4,88.77,100.0,93.1,0,96.49,94.85,99.93,86.57,71.66,2,86.4,2.86,5647.54,90.99,Careful
71.13,1837.79,86.6,2043.53,68.03,506.72,84.36,66.9,78.25,0,92.79,97.25,65.4,72.72,74.17,0,98.65,2.66,7106.49,79.93,Careful
86.07,1877.35,79.6,1784.22,74.75,542.42,86.72,87.56,87.51,0,73.91,94.79,79.92,75.76,92.02,3,95.84,2.29,5704.22,83.8,Careful
54.33,1907.86,32.14,2172.48,35.42,826.23,46.67,48.88,29.19,7,30.83,42.6,55.56,59.82,41.4,4,43.18,3.68,6835.99,45.87,Inconsistent
58.07,1493.74,61.9,1604.99,51.26,515.79,46.71,66.77,59.66,11,55.64,66.17,55.09,49.46,46.41,8,53.45,3.69,5458.04,54.66,Impulsive
89.92,1825.43,88.95,1966.54,93.72,344.99,100.0,99.95,95.63,0,94.08,86.85,89.0,97.43,96.25,1,100.0,2.39,5348.34,97.04,Careful
70.21,1029.5,78.4,1330.01,79.82,452.77,62.94,75.8,66.33,1,77.85,70.28,67.58,60.33,73.28,0,63.59,3.0,6324.22,70.47,Efficient
47.88,1871.29,42.85,1576.77,43.66,775.07,49.97,40.24,48.44,3,48.97,49.96,44.46,53.55,56.4,3,54.53,3.52,6641.68,51.31,Inconsistent
54.16,1776.14,68.64,1687.4,64.85,493.6,59.05,60.73,75.75,6,54.14,63.41,77.79,54.6,61.11,4,65.14,3.71,6535.79,59.68,Inconsistent
46.96,1496.66,49.54,1385.68,54.99,353.45,42.03,44.87,51.42,8,48.04,41.34,56.4,47.83,52.64,5,52.06,3.67,6016.38,43.52,Impulsive
60.09,1406.5,49.88,1003.94,36.6,255.2,40.63,39.75,43.39,7,30.46,45.24,25.71,29.27,58.66,10,39.4,3.74,7941.16,43.63,Impulsive
94.12,1589.33,98.67,1654.18,100.0,476.34,88.78,100.0,96.07,3,85.35,94.04,100.0,100.0,100.0,2,84.68,2.44,4530.85,90.52,Efficient
54.7,1060.65,57.69,1090.88,51.63,435.88,49.68,64.39,52.44,7,42.71,52.13,50.09,47.66,37.72,5,51.1,4.36,5791.61,49.8,Impulsive
100.0,1588.04,89.56,1750.87,96.11,377.67,87.94,99.61,78.82,2,81.58,88.31,91.3,93.09,100.0,3,85.93,3.16,5774.64,89.48,Careful
63.02,1441.7,52.72,1356.11,84.67,387.19,48.53,64.55,54.81,4,73.84,55.34,57.31,45.12,76.25,6,54.03,3.69,6388.22,66.73,Impulsive
50.56,2322.05,40.43,1811.6,41.98,821.9,35.59,34.02,42.06,9,47.72,43.12,30.11,39.96,30.66,6,33.9,4.49,6695.2,38.74,Inconsistent
96.63,1051.33,76.19,1091.83,79.04,267.89,93.13,96.54,91.72,1,100.0,98.12,92.43,100.0,100.0,0,99.04,2.29,5081.28,87.9,Efficient
55.91,856.9,31.96,1409.34,42.88,463.21,49.65,47.85,43.25,12,47.88,39.76,52.62,49.59,32.5,8,42.21,3.75,8528.17,44.88,Impulsive
100.0,1354.13,99.4,1582.99,97.38,442.57,100.0,100.0,100.0,1,88.53,82.64,84.98,82.85,87.76,0,85.42,3.2,5198.26,93.73,Efficient
60.17,826.0,55.79,895.11,55.75,432.98,68.79,64.63,72.99,9,55.8,61.45,62.83,67.52,71.22,4,61.2,3.26,6573.99,59.82,Impulsive
94.2,1962.33,88.46,1906.83,90.77,493.99,94.76,100.0,89.92,1,90.81,100.0,95.74,97.0,95.6,3,100.0,2.15,4916.66,94.19,Careful
86.14,2076.34,92.32,1748.57,99.86,643.66,72.19,100.0,85.86,1,100.0,98.87,89.73,95.78,86.53,0,76.61,2.67,5463.76,94.53,Careful
50.31,1856.31,61.88,2277.42,69.32,634.8,58.49,65.66,59.02,2,49.91,74.14,38.71,58.17,51.94,0,72.32,3.97,5817.88,58.0,Inconsistent
70.53,1340.05,61.46,1267.15,66.89,458.46,76.68,60.48,64.22,4,65.22,65.38,77.39,66.6,84.1,5,61.66,3.36,4449.06,60.7,Impulsive
71.14,2002.23,71.86,2141.65,64.26,404.31,73.04,64.04,80.06,0,70.18,64.02,83.35,63.1,75.59,0,60.16,3.05,7140.09,73.02,Careful
71.49,1521.28,97.99,1988.37,87.79,426.43,95.14,93.24,89.39,4,83.24,89.73,97.27,86.47,100.0,2,72.31,3.3,5878.77,85.46,Careful
76.18,1095.96,72.5,1293.41,92.7,296.61,75.57,82.01,75.83,6,84.06,71.24,65.38,80.02,76.28,5,81.05,3.52,5241.5,74.69,Impulsive
95.42,1350.15,90.46,1641.77,100.0,375.18,87.44,85.34,91.04,2,100.0,100.0,89.25,90.96,96.59,2,100.0,2.59,5059.24,93.63,Efficient
90.79,2123.42,97.17,2109.18,94.06,446.06,89.46,98.53,89.92,1,99.81,97.79,78.97,94.62,100.0,2,89.24,1.93,4638.74,96.26,Careful
93.43,1339.1,80.81,1073.87,99.95,249.79,78.69,82.38,94.58,0,97.95,92.08,76.88,86.19,85.54,4,77.83,2.58,5014.76,85.66,Efficient
100.0,1358.22,100.0,1556.18,100.0,286.31,92.34,100.0,100.0,1,100.0,94.93,95.24,96.44,100.0,0,91.3,2.34,4792.6,98.38,Efficient
77.27,1514.46,75.77,1507.53,81.94,498.1,77.05,67.41,72.51,3,89.42,91.51,94.05,83.06,73.33,4,77.31,2.84,4711.06,79.09,Careful
44.68,1514.66,53.01,1302.72,39.5,584.58,45.9,51.57,40.95,7,54.66,46.48,44.58,29.84,42.91,7,49.25,4.71,6126.54,47.38,Impulsive
99.23,1639.27,94.85,2159.55,100.0,408.18,96.46,97.06,100.0,3,91.3,87.7,100.0,96.17,100.0,0,100.0,2.92,5895.21,96.04,Careful
100.0,1245.1,100.0,1183.22,100.0,368.33,100.0,100.0,98.39,1,95.15,94.17,97.22,98.14,100.0,0,100.0,2.31,4037.6,96.97,Efficient
74.67,1491.82,91.18,1578.09,79.2,371.32,82.85,78.47,71.56,3,77.69,68.26,86.43,70.88,72.3,4,84.19,2.73,5774.77,77.91,Inconsistent
48.3,1139.4,57.96,1125.48,45.55,467.89,43.27,56.25,49.98,7,41.61,44.22,45.74,47.07,33.32,4,30.3,4.16,6116.5,44.54,Inconsistent
61.36,970.77,63.74,1127.97,52.45,440.55,51.96,58.93,59.16,9,55.1,61.2,66.54,68.77,70.57,7,47.44,3.76,6383.76,56.43,Impulsive
98.03,1442.6,97.9,1310.61,100.0,374.22,88.09,87.34,84.33,0,99.68,84.09,90.98,93.73,78.72,2,98.22,2.53,5117.97,90.61,Efficient
52.64,970.0,43.23,1154.62,64.57,431.27,67.93,62.0,59.07,9,67.97,45.47,45.38,50.54,56.24,7,51.22,3.19,6620.3,59.46,Impulsive
52.86,967.96,39.8,1362.8,71.99,597.76,79.5,55.86,47.48,9,56.62,56.81,57.58,50.2,63.74,6,63.82,3.8,6547.14,52.63,Impulsive
91.13,1547.14,88.1,2037.45,89.19,602.67,84.59,86.51,76.61,4,96.44,81.84,86.09,81.54,94.57,5,85.13,2.23,4793.91,84.88,Inconsistent
90.11,1581.67,91.17,1269.95,74.51,417.93,97.77,86.98,84.51,2,79.28,100.0,100.0,100.0,87.47,3,89.6,3.27,5256.94,92.93,Efficient
36.83,1198.29,47.47,1221.24,52.64,325.12,30.88,54.98,28.18,8,52.77,37.72,36.12,37.92,31.58,6,51.5,4.18,6988.0,38.51,Impulsive
71.99,880.05,74.65,742.27,78.32,681.52,60.8,60.67,82.45,9,70.14,62.71,65.78,77.74,68.03,6,76.79,3.03,6167.95,73.72,Inconsistent
91.74,1001.82,88.91,1037.17,97.91,361.25,97.1,81.71,100.0,2,93.31,79.93,81.05,72.78,96.31,0,85.46,2.11,5402.49,88.42,Efficient
77.96,1601.37,84.96,2027.45,100.0,431.28,93.0,88.9,78.57,1,68.96,86.23,85.12,83.77,82.87,1,79.18,2.98,4768.31,86.1,Careful
91.43,1197.02,89.26,1667.93,94.87,422.45,88.19,90.8,100.0,2,81.71,92.05,83.16,97.47,86.26,3,92.42,2.06,4649.34,91.69,Efficient
90.02,1011.26,83.68,1257.88,91.51,514.5,75.34,82.53,92.55,1,95.99,88.75,90.52,91.87,94.36,1,87.1,2.53,6650.68,86.8,Efficient
95.94,1245.93,76.23,1513.59,82.48,505.27,95.93,93.19,97.36,0,79.14,87.69,89.12,92.83,91.78,1,95.72,2.9,5458.3,88.76,Efficient
97.91,1771.09,100.0,1867.63,100.0,459.8,92.24,85.17,85.43,0,94.69,94.97,100.0,100.0,90.87,0,80.73,2.24,4772.13,94.43,Careful
79.65,1815.91,76.68,1820.69,89.98,535.89,86.88,78.35,75.07,0,72.01,91.22,84.37,82.41,84.96,1,63.48,3.55,4628.91,79.95,Careful
30.83,852.43,46.75,1417.46,41.05,429.19,51.66,46.3,51.06,8,46.37,33.39,46.52,47.02,37.49,6,38.24,4.19,7210.06,43.42,Impulsive
85.9,1532.32,89.35,2027.58,100.0,583.42,81.37,86.51,88.44,7,73.57,67.5,76.92,92.63,98.62,8,76.58,3.43,5485.31,81.63,Inconsistent
89.22,1781.27,87.17,1660.67,98.0,423.06,100.0,100.0,98.92,1,90.16,93.86,97.17,92.0,92.08,0,98.45,2.63,5594.12,93.43,Careful
89.8,1642.81,81.13,1270.49,79.45,637.23,91.6,81.36,75.4,2,73.55,87.59,98.8,89.28,79.51,3,80.53,3.1,6416.8,87.47,Inconsistent
79.87,1834.48,70.72,1872.94,65.56,480.47,75.35,70.15,69.3,2,62.34,72.78,74.73,62.38,52.05,0,75.76,3.15,5563.56,72.21,Careful
47.0,1019.61,37.04,919.93,40.59,362.5,50.79,41.99,51.97,9,43.71,36.72,57.43,52.03,35.25,6,55.55,4.6,6918.29,46.37,Impulsive
100.0,979.37,94.33,1435.54,100.0,240.82,97.25,93.94,88.6,1,87.75,100.0,99.98,100.0,93.6,0,83.33,2.12,4581.73,95.54,Efficient
92.39,2028.83,93.46,2360.52,98.03,425.68,99.26,98.38,99.7,1,97.08,90.35,91.79,89.12,91.67,2,100.0,2.61,3858.55,95.55,Careful
90.31,2065.89,81.12,1768.84,96.63,559.11,96.8,100.0,99.74,3,100.0,89.78,97.28,88.93,100.0,0,86.09,1.92,5104.02,93.94,Careful
74.0,1744.13,75.34,1760.31,70.64,504.37,83.43,78.61,83.62,0,72.85,94.78,62.48,65.04,91.75,0,81.99,3.22,6164.12,81.17,Careful
75.02,1283.72,86.42,1180.54,84.96,339.65,80.5,70.64,89.0,1,83.79,90.69,64.92,82.2,76.01,0,82.07,2.47,6223.34,79.89,Efficient
99.61,1359.57,88.67,1365.7,88.41,415.8,83.98,91.84,89.06,2,95.32,81.14,81.83,81.48,91.64,3,98.8,1.88,4871.72,88.1,Efficient
94.47,1981.6,96.91,1581.27,82.28,511.47,100.0,100.0,99.89,0,91.02,90.07,98.83,95.2,99.97,0,100.0,2.67,5479.23,98.97,Careful
70.14,1363.32,51.61,1484.95,85.11,610.27,65.9,56.94,67.76,1,58.61,52.99,63.7,64.06,53.28,1,58.85,2.48,6083.68,60.66,Inconsistent
50.81,1025.57,51.46,1060.98,41.82,642.59,50.35,57.14,47.66,11,53.31,55.06,42.46,51.33,49.31,8,50.86,4.44,5569.86,49.26,Impulsive
82.69,1952.21,93.89,1770.58,81.44,599.38,90.07,93.61,98.8,0,85.8,100.0,99.93,88.92,83.49,0,79.36,2.57,4679.33,89.36,Careful
61.34,1256.37,78.6,1203.93,77.44,477.39,54.67,59.97,64.8,9,76.6,64.6,73.82,69.16,71.18,7,75.08,3.34,6713.02,68.18,Impulsive
83.34,2078.22,76.38,1842.16,79.18,363.97,83.49,93.66,85.06,2,78.56,81.24,89.22,96.5,74.23,2,93.09,2.51,5411.43,79.56,Careful
86.4,2114.13,92.01,2021.66,79.25,562.85,93.02,79.55,95.92,0,95.96,99.15,90.56,83.45,81.08,0,79.82,2.53,4845.94,87.11,Careful
46.77,914.82,52.74,1143.96,71.04,411.43,65.49,54.05,50.59,8,35.05,48.81,52.16,50.25,50.81,10,58.39,4.37,5908.16,54.14,Impulsive
96.65,1186.45,100.0,1032.23,82.82,403.72,90.16,93.64,95.41,1,77.36,84.17,94.1,100.0,90.88,0,88.23,3.06,5722.24,89.18,Efficient
91.8,1160.85,99.86,1597.68,91.24,330.41,98.77,95.91,93.86,0,93.05,91.61,82.51,98.74,97.53,0,100.0,1.75,5824.03,98.09,Efficient
78.28,1851.23,84.39,1676.19,87.6,550.78,89.04,92.74,89.44,1,90.35,79.63,88.31,73.91,98.45,0,73.33,3.05,5348.13,84.03,Inconsistent
85.04,1325.97,90.46,1342.17,99.7,232.23,82.18,83.68,91.84,2,100.0,86.87,96.21,94.33,87.54,3,93.7,2.59,5710.57,92.67,Efficient
86.56,1349.27,63.7,997.7,56.56,546.07,69.6,57.28,65.3,8,62.03,69.81,61.18,60.1,74.3,7,68.27,2.88,5982.13,67.38,Impulsive
85.02,1359.26,89.71,1367.84,88.62,268.74,88.21,96.75,85.88,0,85.62,92.39,90.39,78.74,85.23,0,89.91,2.77,4712.02,91.01,Efficient
52.59,879.14,54.96,768.95,47.38,313.48,45.68,36.1,60.89,8,59.51,57.37,54.77,33.55,45.97,7,49.68,4.39,7738.56,52.3,Impulsive
100.0,1435.44,100.0,1464.4,100.0,403.02,100.0,100.0,97.92,0,85.84,98.94,100.0,100.0,100.0,4,97.08,2.56,4438.11,96.52,Efficient
66.6,1580.17,58.75,1741.4,65.17,606.3,70.43,66.91,58.47,4,64.76,63.2,68.49,67.63,63.65,3,62.89,3.79,6816.23,68.16,Inconsistent
81.79,1855.58,85.85,1416.43,90.21,638.99,86.12,84.07,93.63,1,85.22,72.97,81.33,87.32,90.13,1,100.0,2.53,4509.32,88.55,Careful
42.67,1310.17,31.1,814.01,39.78,583.5,41.66,34.72,42.14,9,35.53,39.39,34.49,21.74,35.7,8,28.82,3.96,6843.9,34.36,Impulsive
54.64,1102.94,49.56,1196.9,55.63,332.94,39.74,60.48,49.08,10,49.39,47.09,46.38,56.58,53.07,4,56.89,4.54,7454.9,49.73,Impulsive
54.88,1905.95,53.37,1522.92,51.6,747.74,53.33,55.39,54.09,5,43.75,57.63,52.51,46.99,52.34,3,53.56,3.6,5980.63,48.08,Inconsistent
91.09,1690.6,82.32,2093.34,72.8,637.42,68.51,83.27,74.47,0,97.25,83.45,84.51,82.02,89.0,0,58.47,2.92,5916.27,81.07,Careful
66.14,1929.79,66.62,1851.26,63.57,503.85,76.97,65.28,56.28,1,77.71,56.39,69.96,71.01,65.27,7,74.36,3.61,6696.88,73.29,Inconsistent
79.69,902.29,91.98,1708.56,75.55,350.8,85.96,85.21,87.08,3,89.84,100.0,75.02,94.83,67.72,3,100.0,2.48,5024.2,83.64,Efficient
20.0,1934.81,45.76,1872.87,21.82,754.59,33.13,36.47,20.0,6,26.6,40.94,28.14,43.39,20.0,5,40.64,4.87,6549.5,28.33,Inconsistent
48.32,1500.27,31.61,1428.54,30.0,449.97,53.15,41.98,44.19,4,37.63,39.26,34.48,42.66,46.77,3,41.88,4.43,7347.59,41.23,Inconsistent
84.15,1610.34,88.29,1733.86,77.79,737.29,83.58,89.91,84.39,5,76.2,77.94,71.61,94.05,81.96,5,66.87,2.72,5653.35,84.99,Inconsistent
65.94,1424.54,70.51,1446.63,70.94,356.56,61.4,57.95,50.53,7,62.36,57.69,55.02,50.41,53.04,5,49.17,4.22,6559.39,60.82,Impulsive
84.53,2179.78,96.93,2006.84,89.29,461.33,88.39,93.6,92.63,3,97.58,83.68,95.0,81.19,89.04,0,89.46,2.41,4043.98,89.56,Careful
39.67,1428.41,33.23,1572.35,34.92,609.92,32.8,45.9,34.73,7,31.69,31.83,32.67,26.76,31.62,5,36.46,4.51,7038.14,34.25,Inconsistent
98.65,1297.17,91.71,1470.01,100.0,442.15,98.09,86.95,96.45,0,90.24,97.0,100.0,96.71,92.59,0,100.0,2.19,5136.44,100.0,Efficient
86.96,2220.22,94.88,2029.68,100.0,395.74,100.0,93.77,100.0,1,94.45,98.39,100.0,100.0,100.0,1,87.12,3.2,5226.05,94.03,Careful
88.78,1189.76,97.29,747.59,93.7,275.69,88.22,86.34,96.32,0,90.84,98.64,99.65,90.11,100.0,0,93.86,2.54,5127.46,94.38,Efficient
40.91,1458.33,47.62,1602.35,42.32,472.34,48.04,55.04,48.31,4,49.56,48.81,30.41,44.79,46.3,2,49.12,3.48,7862.0,43.03,Inconsistent
65.72,2355.27,65.82,1593.72,72.9,745.76,73.06,58.85,71.24,5,73.97,64.82,64.01,73.07,48.96,2,69.56,3.46,6360.34,64.25,Inconsistent
58.43,1108.83,52.5,1358.07,51.94,316.88,68.85,57.39,39.63,7,51.68,53.56,49.79,62.04,49.31,8,43.09,3.49,5864.5,48.24,Impulsive
26.15,1835.82,54.08,1677.16,32.55,632.71,30.92,41.62,35.23,2,28.64,29.33,31.46,29.89,41.92,1,36.21,4.02,8267.82,33.52,Inconsistent
42.76,1029.64,39.62,921.44,39.01,271.92,25.38,39.86,39.63,8,41.26,39.33,52.27,38.7,34.1,8,25.87,4.79,6228.26,38.45,Impulsive
66.97,1903.73,74.61,1771.48,68.26,513.36,44.23,53.05,62.6,6,52.35,52.74,47.38,55.45,51.77,4,36.83,4.05,6652.51,55.45,Inconsistent
59.78,1187.9,52.22,1249.81,41.26,549.85,37.57,53.1,48.37,10,53.07,50.51,51.58,61.75,60.57,5,55.46,4.62,5988.1,54.03,Impulsive
44.71,812.18,50.18,895.03,67.71,341.03,50.49,41.19,58.64,9,56.52,60.06,51.03,45.35,51.94,7,58.4,3.7,6463.62,52.37,Impulsive
100.0,1645.89,100.0,1590.7,100.0,405.23,100.0,100.0,100.0,3,100.0,94.36,100.0,100.0,100.0,2,90.89,2.57,4645.44,98.46,Careful
44.91,956.21,40.0,1215.31,44.14,534.92,58.65,50.05,38.58,8,55.08,39.18,52.26,50.74,51.25,6,63.0,4.11,6901.77,44.52,Impulsive
96.6,1495.37,86.07,1580.02,94.93,583.75,97.42,88.73,90.94,0,99.12,100.0,92.92,93.92,83.58,2,93.63,2.53,5031.01,90.8,Careful
43.91,1032.4,36.5,1192.71,53.8,548.75,57.6,53.2,54.95,6,55.12,39.07,53.16,61.45,52.29,8,39.12,3.76,6824.98,51.18,Impulsive
87.26,2094.65,98.63,2134.99,100.0,640.16,100.0,100.0,100.0,1,90.73,100.0,89.46,89.94,100.0,0,94.62,2.58,4340.34,98.01,Careful
58.98,891.42,38.51,1414.51,60.47,505.63,53.4,43.32,55.39,13,42.67,59.71,66.29,40.5,54.58,9,53.34,3.72,6547.09,55.48,Impulsive
87.71,2120.31,100.0,2418.53,79.0,589.17,90.06,89.42,90.3,1,82.67,92.59,81.8,93.05,92.04,1,88.59,2.56,5468.08,87.49,Careful
47.96,1111.89,37.11,1138.0,42.34,492.79,50.47,41.63,50.8,12,54.75,49.99,56.72,49.63,48.4,8,69.87,4.5,6000.03,52.08,Impulsive
96.17,2035.16,94.92,2152.1,88.74,566.77,100.0,93.5,100.0,1,96.51,100.0,100.0,89.81,99.34,0,100.0,2.56,5383.55,92.99,Careful
79.34,2191.61,100.0,2046.75,85.02,533.92,86.53,70.36,80.65,0,86.29,76.38,91.84,74.95,82.28,0,79.3,2.88,5572.63,82.81,Careful
97.17,1632.33,94.71,1385.85,94.57,306.94,75.33,92.47,91.89,0,100.0,99.62,87.86,76.75,79.18,0,100.0,3.14,5101.98,92.37,Careful
99.69,1029.5,100.0,1305.95,100.0,430.48,100.0,100.0,100.0,1,95.98,100.0,100.0,100.0,100.0,1,95.39,1.87,4816.39,99.42,Efficient
52.02,1403.73,63.65,1168.3,49.74,439.53,44.74,58.58,56.58,2,56.92,60.4,45.61,47.32,64.18,2,57.55,3.79,5731.93,53.69,Inconsistent
62.2,1038.06,67.86,737.61,62.94,517.9,69.3,56.23,65.19,12,76.72,62.51,79.05,65.61,63.85,8,65.35,3.9,5756.21,69.01,Impulsive
96.8,1302.4,85.74,1410.46,73.66,321.51,88.14,100.0,86.4,1,83.9,84.97,92.08,84.93,75.28,1,81.36,2.36,5238.96,87.04,Efficient
40.09,1640.36,47.26,1900.69,41.7,502.8,26.54,25.11,35.28,10,28.13,42.91,36.33,44.14,44.26,9,46.94,4.66,6802.96,40.29,Inconsistent
86.62,1134.24,85.14,1605.66,79.33,311.89,80.28,77.97,73.73,2,93.89,89.41,94.38,81.27,87.98,1,76.43,2.2,5396.65,84.32,Efficient
79.88,1008.38,77.03,1323.99,67.56,209.23,68.66,82.4,75.77,0,83.79,80.88,88.08,73.05,81.56,0,85.45,2.57,5539.38,80.32,Efficient
65.64,1058.92,71.67,718.19,52.04,368.61,76.97,71.52,64.99,7,70.38,59.1,60.59,61.52,50.4,6,72.98,3.37,5424.23,67.19,Impulsive
67.88,1057.28,58.7,1008.07,52.18,519.89,54.55,65.12,52.5,10,73.16,68.47,48.17,64.21,50.28,8,50.52,3.91,5789.63,57.46,Impulsive
45.6,1016.09,56.54,1044.43,49.66,564.2,46.15,46.91,56.27,10,44.22,44.93,60.22,51.72,60.69,8,49.81,3.73,5786.42,53.15,Impulsive
76.38,1737.81,86.31,1462.54,88.2,315.95,75.37,73.6,83.99,0,84.14,68.25,70.51,59.25,84.3,0,77.18,2.95,6076.55,84.02,Careful
51.43,1047.52,46.29,1090.7,43.77,655.81,36.75,31.64,42.12,7,44.61,59.18,46.08,52.9,41.04,8,34.37,3.87,7314.77,45.45,Impulsive
65.15,1394.11,49.63,1745.14,53.95,615.17,61.66,58.2,60.84,0,55.75,72.95,52.69,79.58,67.98,0,65.54,3.49,6448.4,60.42,Inconsistent
66.12,1095.63,53.95,1065.64,52.21,409.33,73.71,55.96,63.96,11,60.22,60.58,73.28,61.16,58.99,8,59.41,3.6,6586.4,57.25,Impulsive
47.42,1051.73,40.56,992.87,50.01,582.81,57.4,51.79,39.0,11,49.35,33.21,54.95,42.97,38.73,7,55.87,4.45,6379.6,49.39,Impulsive
82.92,1844.62,70.32,1816.73,79.88,319.86,81.64,73.87,78.66,0,67.65,72.65,80.64,89.73,86.88,0,83.61,3.21,6321.18,81.01,Careful
73.16,1299.37,68.5,1142.49,61.89,337.84,77.63,74.07,68.22,3,76.97,74.11,72.78,59.21,81.93,1,65.37,3.44,5986.37,71.59,Efficient
84.97,1896.96,86.68,1894.53,80.93,496.81,73.35,83.24,73.74,0,74.31,76.53,89.28,79.63,78.95,0,100.0,3.1,5755.49,81.33,Careful
98.67,1158.69,95.54,1097.21,91.28,316.09,100.0,100.0,97.67,0,100.0,82.22,97.53,97.66,92.16,0,100.0,2.78,4473.71,94.14,Efficient
20.0,2128.47,20.0,2117.42,20.0,707.21,20.0,20.0,20.0,4,39.92,20.0,33.86,20.0,20.52,3,22.92,4.51,8060.61,22.26,Inconsistent
72.92,1816.63,60.18,1856.94,61.06,803.28,56.17,57.49,62.32,6,45.43,63.01,60.82,71.2,68.26,5,58.51,3.06,4922.65,62.84,Inconsistent
58.04,1367.29,50.79,1247.72,60.88,509.06,67.05,55.7,61.44,10,60.22,70.42,57.09,57.38,55.21,9,51.74,3.04,6342.12,59.05,Impulsive
80.46,1215.04,77.12,1210.98,93.01,407.17,66.87,89.67,70.91,2,67.24,71.08,78.75,74.06,73.59,0,71.43,2.97,6013.89,75.77,Efficient
61.31,1408.88,62.01,1210.23,60.73,510.78,62.76,74.5,71.29,4,63.71,71.83,69.73,66.84,76.29,4,61.15,3.4,5556.38,65.68,Inconsistent
56.57,1297.47,59.06,1313.91,59.13,558.47,64.85,54.44,52.25,7,64.8,64.5,61.94,68.5,59.41,4,63.57,3.7,6651.93,54.25,Inconsistent
61.08,877.08,58.6,1043.29,67.91,368.1,47.81,52.74,57.56,9,59.81,57.84,43.9,46.94,57.22,7,40.59,3.62,5863.46,58.58,Impulsive
77.75,1339.26,61.84,1387.32,84.7,614.1,69.12,80.06,71.04,3,71.04,68.57,80.71,70.01,81.13,5,69.62,2.94,5775.99,73.72,Inconsistent
48.58,1168.86,46.74,1529.27,50.07,410.27,50.38,40.49,56.11,10,45.55,49.35,62.15,73.42,53.92,8,34.5,3.83,7692.83,52.05,Impulsive
84.8,1997.48,89.26,1735.42,87.25,372.32,90.94,91.33,98.59,0,76.37,87.27,88.17,82.84,80.34,0,89.89,2.89,4805.0,87.03,Careful
84.27,1756.8,83.55,1385.15,70.06,419.26,95.01,80.75,91.36,0,86.56,97.37,90.47,93.53,81.5,0,74.66,2.93,5652.02,84.75,Careful
71.01,2201.05,77.11,2328.04,82.76,564.57,60.05,90.49,82.63,1,82.8,85.93,59.98,74.56,86.38,2,76.25,2.35,6095.35,79.68,Careful
56.46,1332.37,66.46,961.14,56.51,417.85,60.71,58.6,72.07,8,66.17,73.05,86.12,63.33,74.97,7,56.66,3.15,5502.08,66.85,Impulsive
66.9,2541.39,74.79,2669.95,51.06,635.06,55.3,64.79,51.42,8,63.66,72.12,68.52,65.98,63.49,4,61.5,3.7,5914.97,59.91,Inconsistent
91.18,1078.53,87.29,1043.78,81.81,239.05,100.0,100.0,89.56,0,96.79,93.44,89.6,100.0,87.42,0,72.7,2.38,4593.55,92.54,Efficient
38.65,1300.63,55.19,1130.42,29.47,316.01,47.96,44.01,43.61,12,45.09,38.01,48.4,45.32,52.32,10,59.15,4.72,6800.21,47.23,Impulsive
52.92,1254.49,46.53,1265.55,49.94,431.56,56.23,56.09,48.37,10,42.47,33.46,46.55,53.65,47.73,8,20.0,3.98,7471.96,43.28,Impulsive
74.55,1682.79,76.75,1604.33,83.73,537.72,82.03,76.73,74.72,8,67.0,72.73,92.37,66.6,69.77,7,61.83,3.42,4751.18,70.4,Inconsistent
77.98,2188.99,86.21,1936.29,86.81,501.13,72.5,84.5,87.22,0,88.64,80.61,78.53,67.74,75.66,0,65.52,3.16,5996.33,82.23,Careful
88.02,1791.81,79.59,1739.19,78.16,470.5,86.26,100.0,99.08,6,83.15,90.81,93.13,86.28,100.0,4,98.94,2.73,4305.74,88.28,Inconsistent
76.14,997.0,63.08,1183.14,67.43,430.23,59.07,58.3,65.42,9,66.27,72.34,51.94,57.83,59.94,7,66.52,3.25,5927.89,67.36,Impulsive
45.89,1274.85,20.0,1487.26,30.07,517.54,27.24,34.56,33.26,5,31.31,41.4,24.37,24.85,24.99,6,29.94,4.44,7993.06,30.56,Inconsistent
45.47,1395.05,42.99,1424.21,37.68,467.94,33.15,40.82,48.41,7,38.85,34.02,36.45,35.58,42.11,7,30.84,4.29,7084.7,38.12,Impulsive
63.54,916.74,52.93,1474.8,59.55,601.1,60.94,45.54,49.96,8,67.88,57.83,50.86,54.49,64.19,6,63.91,4.31,6484.34,54.17,Impulsive
45.13,1077.62,56.51,988.14,45.79,342.09,43.78,57.25,46.17,7,44.7,42.81,49.01,44.07,44.1,5,59.78,3.94,6252.7,48.66,Impulsive
36.2,1237.98,25.14,1440.09,20.0,398.04,31.56,38.31,20.44,7,20.0,36.55,33.92,30.17,20.0,3,32.47,5.11,8184.89,28.95,Impulsive
86.37,1284.55,92.0,1166.67,100.0,276.37,100.0,94.64,88.09,3,90.81,82.04,99.02,94.02,86.01,2,92.0,2.23,5100.23,86.59,Efficient
77.05,1628.61,82.26,1291.59,88.75,495.23,100.0,93.14,93.91,2,90.54,88.24,100.0,74.73,82.0,2,82.29,3.05,6267.58,86.74,Efficient
51.47,1299.65,52.54,1071.31,54.54,480.97,64.78,61.19,50.23,8,53.57,64.96,39.96,51.93,43.3,10,75.74,3.06,6489.71,54.55,Impulsive
100.0,1870.81,100.0,2106.42,100.0,620.71,100.0,100.0,100.0,5,100.0,91.55,97.63,100.0,100.0,5,100.0,2.19,4096.22,98.9,Inconsistent
71.85,1122.15,57.16,1228.97,45.59,336.32,60.78,40.93,49.51,7,60.92,46.54,55.24,45.74,58.06,5,67.72,4.2,5420.16,54.81,Impulsive
98.15,1856.33,100.0,1324.74,87.82,360.34,93.81,100.0,85.06,4,88.27,85.23,93.92,75.05,100.0,1,95.04,1.9,5295.02,93.51,Careful
35.76,1156.9,52.14,1324.81,52.93,566.06,53.26,30.24,39.45,11,41.16,52.72,47.16,38.91,42.0,7,47.13,4.15,6284.3,45.13,Impulsive
37.36,2326.67,37.32,2386.68,38.55,836.92,47.79,42.66,48.22,9,45.17,28.81,46.6,44.07,37.2,9,60.86,4.43,6370.12,39.74,Inconsistent
88.7,1926.71,100.0,1632.49,100.0,461.83,85.41,82.79,90.98,1,100.0,97.88,92.64,93.52,79.48,0,91.9,2.52,4465.76,91.03,Careful
51.66,1262.3,46.91,1258.66,45.74,350.57,37.22,32.66,46.91,10,48.93,38.19,48.2,48.91,31.23,9,40.24,4.53,6471.89,42.84,Impulsive
53.14,1589.87,54.38,1842.88,53.42,683.15,66.7,63.85,58.2,6,62.16,51.41,54.48,50.02,61.59,5,61.7,3.9,6080.64,53.73,Inconsistent
51.71,987.19,52.99,954.34,46.54,509.61,52.61,47.2,41.81,7,37.18,51.45,41.05,52.92,44.01,6,58.14,4.08,6373.4,47.42,Impulsive
94.23,2128.0,92.42,1926.43,95.63,416.73,84.45,100.0,95.81,3,100.0,93.4,96.34,100.0,87.25,3,95.14,3.05,4547.72,93.2,Careful
65.69,1582.3,62.99,1610.91,64.75,474.65,67.08,64.69,65.09,1,60.72,76.57,79.6,67.96,69.85,1,59.86,2.68,6730.7,65.9,Careful
47.44,1913.27,61.23,2171.5,50.72,728.82,43.28,41.26,48.98,4,59.16,43.67,55.02,51.01,66.2,3,53.77,4.08,6649.95,48.38,Inconsistent
43.05,879.61,59.74,815.1,59.65,461.25,74.68,72.28,66.07,7,52.79,52.33,51.7,72.68,53.19,3,57.0,3.18,6268.58,58.77,Impulsive
37.53,1132.45,20.53,1326.68,42.12,550.85,43.24,35.2,22.32,10,29.24,47.07,20.0,34.43,27.77,6,44.45,4.56,6208.0,36.02,Impulsive
53.5,826.49,39.07,1171.06,59.76,459.71,43.4,56.53,61.73,14,51.03,46.87,64.87,60.01,45.28,9,55.58,4.21,6135.3,54.0,Impulsive
49.23,1605.67,50.91,1600.64,59.56,524.45,61.31,76.56,46.51,3,57.1,56.74,59.26,71.23,64.37,5,42.92,3.91,6885.58,52.19,Inconsistent
57.93,1109.23,49.63,1552.81,57.33,489.62,45.66,48.23,44.13,2,38.37,51.02,58.43,53.91,64.11,0,51.29,3.42,6938.33,53.21,Inconsistent
33.87,1070.67,49.4,1083.2,62.42,399.13,47.34,52.06,48.41,9,54.86,46.54,48.3,62.0,58.04,8,42.67,3.85,6772.01,45.93,Impulsive
45.89,1152.25,57.85,1331.58,49.86,482.55,48.77,48.48,58.02,9,45.16,46.83,46.35,29.79,46.26,8,54.66,4.4,6571.37,48.41,Impulsive
89.56,2087.87,91.82,1953.54,81.68,520.41,97.42,68.15,78.6,2,79.55,86.08,82.54,84.54,90.03,2,99.27,2.87,5066.48,86.5,Careful
76.64,1681.38,65.52,1787.06,51.86,328.24,68.17,71.57,74.57,0,62.98,73.29,73.29,79.75,69.41,0,75.85,3.04,5361.33,66.33,Careful
87.65,2392.74,88.26,1833.71,95.28,411.04,78.28,88.37,94.7,0,73.09,88.4,82.28,84.0,79.73,3,85.44,2.46,5318.17,85.25,Careful
49.45,971.87,50.62,1179.45,58.28,355.35,53.13,57.44,58.47,9,49.87,51.56,56.05,47.19,52.48,8,61.65,4.14,6225.81,50.18,Impulsive
72.14,1175.8,76.44,1261.04,62.48,591.56,52.22,53.59,69.77,3,80.52,57.79,66.02,65.41,83.56,5,88.53,2.89,5677.32,72.99,Inconsistent
85.28,1655.79,88.37,1860.2,99.8,422.69,98.61,96.49,96.64,1,75.92,100.0,90.96,100.0,76.32,0,94.9,2.5,5057.32,92.82,Careful
74.18,1963.41,53.03,2149.25,73.71,570.56,59.2,72.1,78.73,4,63.63,74.89,79.7,66.1,65.53,2,74.08,2.68,5592.37,69.15,Inconsistent
65.34,1827.23,67.33,2072.85,69.25,585.78,73.98,56.5,64.19,5,80.93,68.08,80.04,91.7,63.88,1,57.04,3.46,5745.39,63.13,Careful
51.28,1372.83,50.17,1216.27,62.86,391.55,54.66,48.09,57.45,7,57.11,61.06,52.62,55.86,59.85,7,47.39,3.69,6623.33,54.24,Impulsive
65.36,1254.54,67.71,1022.46,52.42,416.14,93.51,51.03,60.52,10,59.2,80.62,58.96,67.3,59.26,10,54.4,3.26,5841.42,63.1,Impulsive
85.42,1623.84,83.88,1429.58,60.75,459.14,79.52,81.78,78.74,3,82.06,66.3,58.13,72.98,83.04,0,51.76,2.76,6107.35,74.55,Careful
94.58,1387.82,100.0,1184.0,99.48,324.98,100.0,90.64,91.58,1,96.12,93.44,100.0,95.09,86.52,0,88.87,1.42,4472.33,95.27,Efficient
68.73,1925.2,78.8,2020.62,70.53,650.63,74.39,81.52,80.77,2,72.25,83.63,73.54,66.11,68.05,0,59.48,3.14,5313.49,74.12,Careful
71.25,865.47,71.29,781.27,74.48,389.4,68.68,64.11,77.14,7,62.45,65.02,62.4,76.33,72.29,7,79.39,2.73,5873.5,69.0,Impulsive
61.58,1554.13,53.43,1516.68,66.55,597.57,59.13,57.54,55.98,3,55.08,47.32,43.69,60.04,55.54,4,64.97,3.67,7566.97,59.31,Inconsistent
53.87,2090.28,57.61,2431.6,45.93,695.2,54.27,58.3,66.84,11,58.09,53.71,47.95,74.06,57.57,8,57.69,3.9,5292.98,57.24,Inconsistent
97.33,1826.87,100.0,2304.88,96.9,711.12,78.0,74.79,100.0,2,100.0,100.0,99.16,88.95,95.94,1,99.4,1.79,5678.99,95.42,Careful
62.54,1154.7,46.12,1259.52,62.31,510.97,68.9,51.98,56.01,10,53.45,49.91,48.78,67.37,49.02,9,43.09,4.22,6521.17,58.39,Impulsive
98.48,1014.43,81.87,999.83,64.41,348.06,96.13,85.04,82.58,2,83.07,84.46,98.15,89.06,98.05,2,92.22,2.57,5423.84,88.63,Efficient
90.52,1389.3,93.05,1437.42,92.48,388.63,86.59,99.92,76.44,4,80.22,94.28,81.93,81.47,85.24,0,81.9,2.71,5958.46,89.1,Efficient
94.0,1004.85,100.0,1295.84,93.56,412.07,100.0,92.8,100.0,2,85.68,100.0,89.36,100.0,100.0,1,80.1,2.3,5577.66,92.67,Efficient
63.01,2291.96,79.48,2309.16,74.69,562.37,73.74,67.06,73.09,1,76.73,70.5,76.17,66.25,73.39,0,82.9,2.33,5156.2,72.52,Careful
54.98,1604.59,50.07,1494.02,57.31,599.47,54.82,49.09,69.51,10,71.5,66.3,49.85,64.05,62.33,8,61.2,3.15,6184.41,58.22,Inconsistent
86.52,1952.84,100.0,1911.56,85.98,523.09,90.04,89.12,77.23,0,82.89,72.92,90.89,71.89,86.18,1,90.76,2.5,5044.87,86.73,Careful
45.26,1239.11,44.34,1200.04,47.7,393.77,38.04,53.18,45.15,5,42.01,45.94,35.7,24.24,36.25,9,47.84,4.26,6669.15,40.77,Impulsive
29.19,1288.86,27.51,1196.11,36.91,608.21,28.11,37.08,44.11,6,35.18,40.5,31.27,42.22,43.89,4,27.02,4.14,7233.63,36.18,Inconsistent
70.48,1293.74,65.25,1660.71,70.18,515.85,78.27,87.54,76.78,8,66.35,68.53,68.59,63.45,69.15,7,67.93,3.13,5314.3,72.46,Impulsive
91.65,2046.88,85.06,2216.83,92.63,558.39,100.0,84.99,100.0,0,89.53,84.01,90.73,84.26,83.08,0,89.1,2.04,4934.14,84.61,Careful
56.76,1113.03,34.9,1348.41,53.98,480.35,66.48,44.4,58.53,7,70.53,51.77,57.87,47.42,70.87,6,57.1,4.06,5829.46,50.33,Impulsive
99.44,1911.39,92.43,2105.09,83.39,465.98,91.73,81.59,90.54,0,87.19,82.38,82.28,100.0,89.72,1,85.11,2.58,4956.15,87.39,Careful
84.67,990.72,84.19,1123.23,86.28,218.59,83.54,96.13,80.01,0,87.26,88.28,86.56,95.31,75.53,0,92.67,3.32,5461.12,87.24,Efficient
90.31,1042.02,95.18,1048.99,91.11,329.71,79.86,100.0,91.47,2,87.47,95.83,86.67,78.37,90.58,2,96.7,2.95,5616.91,95.66,Efficient
79.02,1875.73,87.79,1841.79,83.77,550.82,81.06,86.6,72.2,0,91.79,54.63,90.57,72.42,82.19,0,92.19,2.94,5588.58,80.38,Careful
48.02,1169.09,37.65,737.61,57.66,438.91,58.09,43.37,44.42,8,50.64,31.61,30.61,51.16,43.3,9,39.07,4.82,7213.96,46.17,Impulsive
100.0,1080.67,100.0,1283.05,100.0,330.52,100.0,100.0,99.71,0,100.0,93.61,100.0,98.6,87.76,3,97.91,2.77,5722.72,98.92,Efficient
34.42,1912.65,40.69,1838.91,37.68,556.36,30.66,40.28,22.66,6,27.45,32.02,37.17,30.19,20.0,7,20.0,5.06,7353.25,34.19,Inconsistent
84.02,1396.64,93.23,991.66,93.36,242.59,94.44,94.89,94.73,0,97.41,93.64,100.0,91.77,84.73,0,81.82,2.94,4481.23,92.6,Efficient
52.34,1109.93,50.44,1201.19,45.23,538.97,49.72,48.77,39.83,10,41.93,38.42,44.57,57.54,51.43,7,33.89,4.26,6891.84,46.89,Impulsive
77.72,1726.12,69.19,1533.54,71.24,535.72,81.11,80.86,82.75,7,74.83,81.7,91.11,83.81,80.66,5,82.91,2.84,5602.64,83.41,Inconsistent
88.71,2138.69,86.34,1766.01,89.55,590.41,98.4,89.24,81.39,1,93.59,79.7,86.05,74.4,76.48,3,85.21,2.61,4675.24,85.77,Careful
82.89,1870.72,83.46,1751.4,76.05,628.09,81.02,89.48,93.85,0,94.91,91.04,75.36,80.71,86.02,0,96.26,2.72,5281.17,84.76,Careful
37.13,1688.41,32.11,1619.53,33.06,764.16,20.0,36.79,27.28,10,36.2,22.78,30.71,32.11,28.06,6,32.93,4.88,6942.76,28.25,Inconsistent
51.85,1658.08,69.24,2034.37,58.86,735.79,42.39,59.27,51.49,5,56.85,55.85,62.5,62.41,58.85,4,74.26,4.0,6156.76,57.34,Inconsistent
77.82,1191.14,89.47,1349.71,81.5,252.22,58.38,78.25,74.0,1,74.15,87.46,81.42,74.9,73.63,0,82.99,2.76,6980.64,76.26,Efficient
66.51,1524.19,60.49,1361.86,66.93,428.45,63.79,62.46,63.57,4,58.64,63.81,58.07,46.94,71.23,5,57.02,4.05,6165.33,60.6,Inconsistent
85.56,1262.1,89.4,1227.11,93.02,268.83,81.28,91.87,79.86,0,98.18,93.55,100.0,80.4,98.4,0,97.75,2.14,6148.19,86.32,Efficient
72.21,1312.6,66.22,1363.64,79.14,510.11,74.24,79.23,66.54,10,59.9,74.44,63.26,79.4,53.95,8,66.74,3.82,5460.37,74.73,Impulsive
77.35,631.11,99.09,938.6,83.35,378.28,99.02,82.65,91.37,2,83.31,85.53,93.41,77.88,100.0,1,79.19,2.37,4586.52,88.13,Efficient
86.65,1028.09,93.63,1144.62,74.18,405.81,100.0,99.56,83.66,1,100.0,91.53,88.75,94.38,92.97,2,90.68,2.34,5280.27,88.6,Efficient
71.03,1354.87,67.56,1776.58,80.31,559.0,68.9,74.94,68.03,0,65.08,76.72,79.2,60.43,79.72,0,61.8,2.94,5604.68,74.25,Careful
57.89,1371.98,69.59,1737.83,60.32,475.22,63.55,60.75,59.98,6,52.61,64.11,81.26,55.5,59.06,4,54.48,3.43,5149.61,62.63,Inconsistent
80.19,2130.26,85.95,2378.27,84.73,517.13,100.0,78.3,88.78,1,78.06,82.33,89.01,85.1,86.74,1,89.79,2.76,5714.83,86.29,Careful
88.24,2140.01,99.86,1672.57,92.06,461.99,81.16,87.13,97.23,0,89.42,86.13,86.07,96.24,100.0,0,71.83,2.58,4592.12,88.46,Careful
76.9,1260.61,66.69,1327.63,72.94,608.05,50.52,57.11,81.77,9,69.62,61.23,71.16,60.8,66.95,8,56.15,3.51,6126.99,65.5,Impulsive
75.77,2029.36,73.75,1944.8,72.92,660.67,74.2,79.82,78.16,0,87.66,79.21,84.06,67.03,78.84,0,74.27,3.04,5636.58,74.44,Careful
79.88,793.0,85.81,986.25,79.29,410.03,79.56,88.44,81.6,2,84.64,83.33,76.09,80.87,80.99,1,82.05,2.28,5440.53,84.24,Efficient
82.66,1183.95,93.91,1025.61,95.97,210.95,92.31,78.98,95.12,0,96.5,91.47,88.3,88.48,86.04,2,92.44,2.74,5490.33,91.71,Efficient
36.46,927.07,29.77,867.51,43.47,394.3,27.5,25.3,34.2,8,22.28,28.77,35.39,39.18,33.0,6,25.16,4.2,6163.73,35.09,Impulsive
53.5,1688.13,60.98,1271.95,55.73,511.73,30.0,50.36,47.61,5,32.17,38.14,54.85,49.95,49.11,2,42.61,3.55,7281.65,46.0,Inconsistent
94.24,1034.66,71.25,1267.37,98.83,308.11,84.78,100.0,96.61,0,86.63,87.46,100.0,99.44,97.03,0,99.55,2.39,5128.65,91.61,Efficient
64.74,1996.79,85.56,1814.04,55.44,381.01,75.49,69.98,75.69,1,86.71,74.8,80.42,85.18,67.96,0,76.17,3.27,5701.6,74.88,Careful
58.7,1720.65,63.2,1833.97,63.65,500.59,61.69,62.03,59.04,2,61.5,40.65,46.58,45.28,65.54,0,48.34,3.05,6677.05,54.02,Inconsistent
83.94,1380.15,89.15,754.99,96.05,200.13,89.83,100.0,100.0,0,88.99,91.7,100.0,100.0,88.62,0,100.0,2.67,4959.23,89.26,Efficient
71.53,1315.09,64.93,943.13,52.93,547.89,74.52,54.31,63.11,8,64.71,57.63,52.82,72.91,71.61,7,66.88,3.71,6374.75,64.1,Impulsive
83.92,2103.03,69.28,2390.43,70.64,611.9,86.09,72.72,88.29,1,89.75,74.54,85.44,77.55,92.59,2,100.0,2.24,5479.75,81.83,Careful
85.0,2191.28,88.38,1852.66,83.73,303.75,91.59,73.4,92.28,0,77.52,71.74,78.52,82.03,78.95,3,76.14,2.3,4875.17,81.56,Careful
40.67,1361.49,48.94,1468.9,37.58,637.96,34.34,30.32,40.13,7,38.18,48.98,45.45,41.38,41.42,5,37.18,4.85,7965.78,43.56,Inconsistent
57.13,1727.81,60.41,2303.54,53.41,503.78,53.42,66.63,49.11,6,39.78,59.22,49.74,46.15,61.85,2,53.47,3.88,5975.76,56.02,Inconsistent
49.53,2635.28,50.42,2404.31,41.75,619.8,46.1,55.74,49.78,6,59.74,58.7,45.97,49.14,49.14,5,49.13,4.02,7435.46,52.07,Inconsistent
20.0,1281.17,21.61,1221.31,31.39,442.55,22.57,33.48,28.56,10,20.0,20.0,20.0,25.99,22.25,11,27.48,4.39,8006.96,29.13,Impulsive
61.51,1996.62,70.44,2060.17,59.81,408.31,71.35,71.25,70.12,1,65.8,58.68,55.67,47.86,71.26,1,50.03,3.21,6581.63,61.92,Careful
96.31,921.21,83.95,1377.93,76.99,319.69,84.2,76.13,95.51,3,88.19,81.68,83.03,78.05,95.6,0,100.0,2.74,5076.78,89.21,Efficient
37.76,1222.4,40.87,1071.11,30.45,246.69,41.78,48.22,35.96,8,35.94,44.44,44.64,21.33,56.92,5,45.56,4.55,6887.36,40.1,Impulsive
71.23,2576.26,62.48,2924.46,70.23,620.35,72.98,79.62,64.96,3,62.53,63.31,62.72,62.45,68.79,1,63.5,3.66,6674.93,64.74,Inconsistent
84.54,2088.63,100.0,2138.55,72.94,654.31,82.25,75.7,77.78,1,77.41,75.21,85.48,84.5,83.74,2,95.41,2.18,4902.07,83.36,Inconsistent
87.37,1961.16,85.3,1537.03,88.38,407.48,99.94,89.55,87.1,0,94.12,85.92,78.71,89.21,86.9,0,83.57,2.69,4849.09,92.05,Careful
45.17,1125.26,53.89,1231.23,46.36,571.25,47.58,60.69,56.69,5,42.98,43.98,57.18,39.49,62.59,8,52.18,4.53,6328.93,50.41,Impulsive
83.64,1783.33,79.88,1940.11,81.92,305.11,82.5,94.15,100.0,0,93.53,79.25,88.81,89.16,76.37,0,72.43,2.72,6394.15,81.89,Careful
90.25,1733.96,76.72,1514.68,95.81,502.32,78.62,100.0,92.82,1,92.65,93.0,88.18,81.91,80.66,0,100.0,2.26,5704.3,91.59,Careful
86.95,1888.66,83.25,1920.87,91.31,544.73,73.54,75.71,99.03,0,84.23,79.59,87.5,93.84,92.83,0,80.97,2.4,5134.38,90.61,Careful
79.61,1475.77,95.43,1116.97,100.0,209.82,89.95,81.72,82.15,1,85.52,92.22,74.87,84.34,87.87,1,100.0,3.18,5096.67,85.43,Efficient
92.1,1453.5,95.35,1159.36,100.0,405.78,88.72,98.14,92.21,0,87.88,76.62,93.51,88.27,100.0,2,93.01,3.2,6130.74,91.72,Efficient
66.79,2078.01,55.07,1968.86,60.96,808.29,49.82,56.58,59.56,6,61.14,65.07,72.75,67.1,68.93,5,74.25,2.87,5550.35,62.44,Inconsistent
63.3,966.41,51.12,1141.89,60.04,505.13,56.59,75.52,69.92,8,53.9,46.81,47.44,59.74,53.25,7,47.57,3.76,6199.85,58.54,Impulsive
30.14,1275.76,21.65,1436.54,45.85,437.9,27.3,31.74,36.25,7,27.09,43.07,35.84,28.62,29.32,9,47.35,5.08,8249.34,28.83,Impulsive
77.04,1279.72,83.49,1574.98,85.95,485.0,85.71,74.3,72.58,2,86.48,93.63,79.41,73.01,78.73,0,85.72,2.57,5131.46,78.93,Efficient
77.83,1744.33,82.06,1694.86,99.67,648.02,76.73,95.03,72.25,0,75.9,78.44,90.38,83.23,93.27,0,79.79,2.4,5838.96,80.34,Careful
85.96,989.38,72.67,1408.13,72.74,336.68,88.27,81.93,83.89,2,90.14,77.74,80.68,82.39,87.91,0,81.98,2.22,5749.38,81.43,Efficient
82.01,1308.67,74.8,1136.42,80.9,201.52,100.0,87.42,90.9,0,85.48,75.26,97.07,72.21,85.14,0,89.09,2.25,5813.8,81.42,Efficient
50.59,2331.38,50.72,2184.67,54.24,622.35,56.67,62.48,52.93,3,51.47,43.56,57.41,44.74,44.49,6,53.23,3.82,6434.75,53.03,Inconsistent
100.0,2064.33,100.0,1781.7,99.0,742.22,95.7,100.0,100.0,0,99.25,100.0,100.0,100.0,98.76,0,97.69,2.44,5177.83,97.19,Careful
66.0,1379.38,62.88,854.32,63.96,423.89,76.26,62.35,65.71,5,58.98,74.22,56.85,63.56,72.0,7,56.34,3.51,6064.5,67.61,Inconsistent
81.95,1324.64,90.84,1180.15,86.87,444.43,81.72,79.62,82.0,2,82.05,100.0,70.63,74.88,73.7,2,84.71,3.3,4256.23,84.3,Efficient
91.64,1470.85,87.4,1521.69,89.25,371.62,100.0,96.9,94.76,3,95.08,82.09,93.73,100.0,89.47,0,100.0,2.58,5553.95,93.9,Efficient
63.83,1100.26,72.01,1145.32,59.15,324.99,68.2,57.5,65.08,9,64.55,71.99,59.59,89.55,53.9,7,67.05,4.46,5521.88,65.66,Impulsive
96.13,1142.8,72.84,1000.97,72.86,386.28,60.23,90.48,87.07,3,83.92,73.32,82.42,84.61,89.4,0,85.59,3.42,6239.68,83.59,Efficient
25.15,1138.65,29.29,965.88,37.16,380.2,21.54,26.96,34.86,11,37.32,28.42,40.46,40.2,20.0,9,47.35,4.59,8233.01,27.22,Impulsive
78.02,1785.57,71.46,2017.86,69.0,500.34,62.87,74.83,66.79,8,56.21,66.85,69.94,61.86,67.46,4,67.77,3.57,5851.3,63.84,Inconsistent
53.21,1335.71,64.61,1409.5,48.97,384.18,45.86,64.32,46.78,6,48.82,56.01,40.35,55.94,54.92,9,61.67,3.49,5759.0,54.87,Impulsive
30.64,1224.91,28.79,1560.26,35.6,493.74,35.61,29.03,47.23,10,33.19,36.22,32.1,38.84,45.19,7,50.29,4.48,7808.68,39.55,Impulsive
79.43,2282.46,78.6,2345.72,93.44,475.01,80.4,88.92,84.34,0,75.56,82.74,87.73,99.3,79.22,2,84.63,2.88,6030.22,87.27,Careful
45.61,1113.56,45.65,1055.38,36.66,360.78,58.7,53.99,52.45,9,33.51,47.94,37.63,51.3,47.71,7,49.8,4.4,6166.33,46.46,Impulsive
93.78,1410.49,87.46,1321.98,91.59,554.36,74.89,79.91,87.51,0,100.0,94.07,90.89,82.46,81.0,1,92.34,1.91,5260.7,92.18,Efficient
99.99,1394.67,99.3,1230.63,100.0,348.28,99.22,93.12,88.94,0,100.0,95.69,83.69,95.92,87.77,0,91.91,1.97,4659.82,92.72,Efficient
56.0,1300.93,49.42,1090.85,62.82,397.92,56.08,56.06,59.82,12,60.77,60.41,74.26,65.65,77.21,6,56.4,2.91,5626.36,55.71,Impulsive
88.31,1382.39,92.43,1408.85,82.13,461.8,91.84,83.97,85.0,1,90.99,100.0,98.51,88.39,91.43,1,87.85,2.13,5484.97,91.0,Efficient
99.52,901.7,92.42,1162.79,89.84,430.79,90.05,91.55,93.55,2,83.69,99.91,100.0,100.0,77.11,1,91.1,2.39,4949.9,93.28,Efficient
86.27,1709.89,92.39,1890.02,86.37,431.08,77.22,82.19,84.34,0,95.08,89.96,90.02,83.12,74.03,0,69.94,2.44,6413.82,86.4,Careful
32.34,1204.48,29.16,1524.86,24.74,448.07,20.55,41.59,33.98,10,20.0,25.26,28.4,20.22,33.5,8,35.09,5.03,7529.66,26.17,Impulsive
100.0,1782.35,100.0,1939.87,91.83,419.7,100.0,85.25,95.88,0,88.94,87.24,97.98,100.0,96.63,2,97.04,1.89,3890.0,97.38,Careful
58.41,1334.85,75.87,1403.78,57.4,472.59,64.93,59.94,49.05,8,62.12,71.83,57.21,60.46,61.36,9,70.31,3.24,6278.63,64.99,Impulsive
75.6,1867.23,87.25,1851.63,69.38,479.48,76.47,77.72,72.35,2,77.6,81.69,65.31,76.76,65.93,2,98.29,2.27,6435.83,80.09,Careful
97.97,1160.91,100.0,1064.07,94.92,551.2,84.85,100.0,99.62,2,100.0,100.0,100.0,100.0,91.75,2,92.6,1.84,5289.58,96.02,Efficient
46.27,877.06,49.71,1005.72,56.08,252.9,58.7,51.83,57.57,11,59.11,41.66,58.79,61.35,55.13,9,36.2,4.19,6452.5,53.12,Impulsive
69.76,1325.65,62.61,1286.02,62.78,388.74,72.66,69.54,64.86,11,75.06,68.71,75.11,60.59,76.39,11,72.9,3.6,6085.05,67.7,Impulsive
72.44,1711.81,95.83,1901.37,83.65,436.71,83.86,88.94,93.62,1,100.0,77.49,83.11,91.74,84.1,0,97.43,3.3,4205.02,85.97,Careful
80.69,1256.54,93.18,1550.71,86.16,367.43,84.45,83.53,84.05,0,96.11,89.47,96.66,71.18,92.99,0,84.37,2.54,4309.49,86.38,Efficient
60.91,1768.31,70.32,1874.68,61.59,731.28,78.56,67.04,57.82,6,52.27,71.1,59.97,72.16,60.5,6,67.0,2.77,6101.38,64.25,Inconsistent
77.31,1104.89,72.24,953.37,65.28,587.21,72.68,77.55,80.05,4,69.87,70.21,72.92,87.78,84.47,5,78.81,2.33,4499.1,71.08,Inconsistent
89.71,837.86,87.25,1164.0,93.8,466.49,86.98,85.82,82.57,2,92.8,100.0,97.94,100.0,86.89,3,99.94,2.27,5012.26,89.1,Efficient
91.88,1532.32,98.92,2008.38,100.0,480.53,100.0,98.91,96.52,0,100.0,87.24,100.0,95.2,95.26,1,90.1,2.3,4008.46,95.67,Careful
87.21,2092.96,84.59,1839.53,82.69,575.67,90.53,99.43,88.77,0,97.55,99.43,82.11,89.0,83.4,1,73.46,2.0,5722.48,86.62,Careful
99.71,1286.16,97.95,914.58,100.0,351.93,96.64,99.9,99.27,0,100.0,94.67,91.29,100.0,100.0,2,100.0,2.78,5322.68,93.44,Efficient
80.66,1772.43,80.18,2161.43,95.44,554.9,74.42,80.66,75.2,0,68.44,88.21,76.29,84.29,76.77,0,89.96,3.36,6681.75,82.79,Careful
61.66,1237.46,46.67,1131.56,62.8,441.75,58.78,69.03,55.5,7,59.4,60.71,35.52,55.14,58.67,5,36.77,3.76,6790.33,55.39,Impulsive
76.56,1528.84,69.86,1366.95,73.59,632.27,75.3,69.97,86.73,3,86.0,80.74,84.18,83.58,75.26,1,97.32,3.27,5418.41,77.87,Inconsistent
88.37,1980.85,81.73,2083.94,83.57,358.93,80.2,81.88,87.65,1,83.34,97.74,94.1,93.96,85.04,0,95.28,3.77,5266.56,90.69,Careful
48.26,1497.44,59.6,1431.33,38.25,611.45,47.49,58.85,49.46,6,49.73,58.28,54.3,57.35,60.16,0,37.54,3.15,5314.11,48.72,Inconsistent
43.79,1390.99,51.02,1142.81,48.04,417.49,53.41,39.0,50.98,9,57.57,52.73,49.95,48.07,42.16,8,48.19,4.01,6757.87,49.97,Impulsive
46.99,863.41,40.9,1281.77,22.92,559.09,33.77,61.11,46.62,4,56.36,36.42,44.21,43.3,40.27,4,46.54,3.86,5806.37,40.59,Inconsistent
66.49,1273.19,39.14,1132.26,61.58,523.71,64.33,65.07,70.22,11,65.83,51.19,65.2,67.59,56.02,6,57.16,3.9,5694.87,62.43,Impulsive
62.25,816.33,75.5,1088.59,67.79,456.46,72.63,71.23,69.36,8,77.03,77.33,64.62,61.42,48.81,8,65.69,3.66,5517.26,71.72,Inconsistent
84.36,1084.93,81.56,1436.57,83.82,243.47,77.71,100.0,93.9,4,82.47,88.8,85.2,89.93,82.53,2,74.97,2.5,5609.36,85.95,Efficient
63.44,1000.74,58.57,1151.56,48.15,432.7,57.83,54.41,55.25,5,59.92,47.08,51.68,50.58,56.64,2,51.76,3.28,7490.99,53.34,Inconsistent
53.87,1983.25,57.04,1919.98,56.53,769.55,46.66,49.52,58.37,2,48.46,49.65,40.77,52.58,55.57,4,35.03,4.05,6604.0,50.25,Inconsistent
58.81,2070.52,46.91,2377.09,49.07,787.04,69.3,47.94,52.84,5,54.67,55.35,51.82,51.05,50.3,5,44.32,3.52,6466.01,54.86,Inconsistent
46.15,1582.79,57.16,1550.52,57.58,652.76,42.13,33.06,42.87,5,39.96,53.79,54.5,38.89,41.1,4,33.82,3.3,6394.72,47.84,Inconsistent
71.59,1865.55,67.2,1436.62,64.97,651.62,64.29,73.89,68.03,3,72.3,58.2,76.38,74.28,70.5,4,73.8,3.03,5565.9,71.73,Inconsistent
58.48,1082.01,65.35,676.19,55.77,417.24,54.68,63.34,59.64,9,50.93,68.25,63.35,56.89,53.74,4,60.77,3.96,6651.12,60.5,Impulsive
61.25,1139.15,53.97,1582.73,53.59,700.63,57.96,51.38,57.37,2,74.26,67.09,61.21,71.16,52.15,6,81.16,3.49,5876.21,62.86,Inconsistent
56.53,1226.58,77.62,1293.69,67.7,394.28,58.57,68.13,75.76,9,65.99,69.57,52.72,61.89,74.4,6,78.26,3.4,5659.63,63.88,Impulsive
87.53,1218.36,86.39,1349.46,97.93,409.68,95.25,96.89,82.11,0,89.75,92.27,100.0,90.45,88.21,0,99.35,2.55,5000.23,87.53,Efficient
34.58,1207.06,59.16,1136.48,44.19,541.77,43.11,42.83,45.23,8,49.33,41.72,31.98,50.2,35.4,5,32.88,4.29,6589.36,44.83,Inconsistent
89.77,1527.16,94.42,1603.61,100.0,429.62,95.58,75.01,84.47,1,90.92,86.5,93.75,90.57,100.0,0,83.1,2.56,4979.42,92.73,Efficient
84.41,1733.35,69.6,1675.08,89.61,355.43,94.76,67.0,85.01,1,88.06,79.47,61.8,78.81,76.53,1,94.94,2.56,5798.12,80.11,Careful
91.38,1940.6,100.0,1664.04,83.08,351.03,83.63,86.85,91.79,1,100.0,86.83,92.15,70.44,88.23,0,87.58,2.3,5332.25,82.96,Careful
62.17,1382.08,57.03,1676.33,45.87,689.71,46.84,64.02,46.59,5,44.95,57.89,37.52,48.1,49.4,4,42.39,4.46,6884.49,49.6,Inconsistent
91.9,1697.94,78.73,1535.14,89.23,353.9,86.72,91.41,89.74,1,86.95,76.7,77.17,84.32,88.92,1,83.52,2.75,6317.13,84.34,Efficient
81.55,2273.0,81.35,2160.75,89.15,510.04,79.14,78.59,92.03,1,91.92,89.66,92.25,69.03,95.68,1,88.38,2.62,5954.8,81.89,Careful
85.37,2028.26,99.74,1975.95,92.93,565.75,100.0,90.46,93.81,0,100.0,100.0,100.0,93.17,86.23,0,100.0,1.96,5065.59,91.1,Careful
48.68,978.86,46.06,1001.44,56.14,425.78,54.78,58.98,47.66,9,59.27,38.74,38.54,39.94,49.72,6,60.47,3.85,5750.5,48.57,Impulsive
80.05,1320.03,81.05,1158.57,94.0,375.89,88.38,74.39,87.58,3,94.78,86.36,78.43,91.42,86.11,1,82.38,2.31,5553.58,89.54,Efficient
94.64,1907.47,97.02,1872.6,82.24,450.08,96.39,85.09,93.11,0,88.76,100.0,86.95,91.72,95.14,2,82.43,2.3,5522.82,91.99,Careful
38.84,1046.39,28.42,1088.43,50.58,172.41,54.58,34.67,48.74,9,41.82,42.0,31.71,37.62,46.34,8,33.3,4.46,7418.09,39.8,Impulsive
52.02,912.28,58.33,929.24,42.18,462.85,59.81,50.4,61.6,7,35.56,48.42,41.22,48.1,56.69,8,53.1,4.2,6504.82,52.54,Impulsive
36.45,1303.43,47.15,1759.59,35.62,663.73,42.09,41.19,37.42,6,32.58,36.21,54.62,48.53,47.79,4,32.55,3.61,7578.6,43.47,Inconsistent
72.64,1758.31,99.14,1838.29,86.67,500.08,79.23,71.34,77.32,0,77.66,78.29,80.06,73.19,75.65,1,67.24,2.94,5853.72,77.85,Careful
57.14,1256.79,34.06,1110.83,35.59,492.08,59.06,67.6,37.33,5,41.42,47.09,58.19,36.47,42.4,5,51.36,4.04,6923.89,44.56,Impulsive
76.78,1283.95,87.53,1126.06,85.0,207.75,70.3,80.96,86.23,1,93.28,76.15,84.0,77.61,92.21,0,80.39,3.11,6442.75,84.57,Efficient
50.9,1135.21,56.02,1455.06,55.64,291.91,50.51,48.61,46.22,10,46.18,41.92,44.74,50.99,60.49,5,46.82,4.4,6333.78,51.13,Impulsive
100.0,1827.51,78.87,1849.93,91.81,489.27,82.69,100.0,96.41,0,91.23,79.15,81.08,94.94,78.07,1,76.99,2.22,5668.82,89.05,Careful
94.94,2036.28,85.5,1779.6,97.12,293.68,81.02,73.59,90.93,3,84.86,81.98,96.52,93.67,100.0,0,95.71,3.09,4452.15,93.01,Careful
41.05,1246.82,49.04,1296.7,56.42,434.54,53.76,59.14,60.05,5,60.19,53.6,40.55,51.67,58.65,7,45.5,4.79,5912.68,47.42,Impulsive
89.73,2278.66,91.65,2128.1,100.0,516.05,100.0,95.26,96.1,3,100.0,96.88,85.48,89.33,97.71,1,100.0,2.4,4397.05,91.96,Careful
85.78,1176.45,86.84,1295.47,87.15,381.58,90.31,75.66,88.78,0,73.63,63.37,100.0,78.22,82.14,0,68.95,2.86,5527.17,82.66,Efficient
87.54,2005.4,89.16,1789.53,93.27,525.62,99.72,82.62,82.41,5,80.78,81.48,86.64,88.78,97.5,0,77.31,3.74,4981.11,86.06,Careful
83.17,1474.51,94.91,1662.85,82.85,353.27,98.86,84.87,81.3,2,79.63,87.75,78.46,88.18,83.82,2,83.21,2.22,5610.55,87.33,Efficient
99.77,2075.73,100.0,2096.22,78.22,551.95,90.02,83.48,82.53,3,64.41,87.39,88.01,100.0,98.38,0,94.42,2.35,4803.91,87.83,Careful
83.26,1461.8,99.32,2068.16,84.58,450.38,84.44,86.2,79.99,4,88.71,95.41,86.99,100.0,100.0,0,98.46,2.52,5199.48,87.81,Careful
34.28,1356.3,40.85,1107.69,30.52,509.83,54.23,56.5,39.72,9,33.58,49.39,47.3,57.55,59.69,8,24.32,4.7,6513.63,40.09,Impulsive
97.54,1373.97,81.13,1272.66,72.07,186.84,92.49,80.6,85.13,3,72.61,79.58,74.75,83.3,83.62,2,87.58,2.71,5278.31,83.57,Efficient
98.49,1975.65,97.6,2101.95,100.0,611.56,91.86,91.93,92.57,2,100.0,96.58,82.35,99.47,90.61,2,100.0,2.75,4526.77,92.8,Careful
84.46,1965.61,86.29,1961.57,77.23,550.01,79.67,80.81,81.36,0,69.11,83.8,70.49,85.34,71.37,0,68.19,2.93,6313.9,79.12,Careful
63.38,1206.52,55.87,1068.25,69.12,569.58,54.8,57.31,52.28,9,59.25,58.26,63.33,53.15,52.78,7,62.4,4.09,7086.3,61.7,Impulsive
100.0,1551.2,100.0,1313.01,100.0,461.06,100.0,100.0,100.0,2,94.7,100.0,100.0,100.0,100.0,0,100.0,2.08,4323.43,100.0,Efficient
49.01,2189.25,40.54,1809.46,29.26,572.81,50.31,39.77,51.08,0,40.9,39.05,48.17,65.81,52.94,5,48.17,4.48,7080.81,46.59,Inconsistent
47.76,1297.99,25.84,997.96,40.8,550.69,48.51,46.88,41.94,10,36.24,50.1,42.5,49.44,48.12,8,41.05,4.13,8304.18,43.08,Impulsive
79.79,1328.85,75.12,1326.01,90.89,322.59,96.67,77.36,66.73,0,73.92,76.08,83.7,67.52,65.23,1,80.57,1.95,5736.96,78.91,Efficient
66.83,1653.51,63.61,1773.59,81.31,411.09,69.65,66.59,80.07,0,76.23,64.24,61.81,80.86,71.73,0,57.65,2.8,5660.89,75.01,Careful
69.76,1247.27,71.87,1382.93,73.6,466.74,85.37,71.74,67.05,7,61.61,67.81,74.56,55.59,75.4,3,61.49,3.82,6013.75,69.25,Inconsistent
88.7,1556.88,98.74,1518.58,78.42,429.12,86.9,98.92,93.92,0,85.89,87.52,91.77,91.93,99.12,2,98.28,1.99,5110.19,89.38,Careful
100.0,1180.8,88.97,1227.07,100.0,482.45,97.29,96.28,99.75,2,78.07,90.6,100.0,100.0,94.99,0,73.25,2.83,5232.48,91.87,Efficient
90.11,1386.95,91.75,1259.97,87.82,204.68,84.58,74.24,90.08,2,73.34,87.43,86.51,92.24,78.93,4,77.59,2.96,4581.22,86.49,Efficient
55.02,1582.91,55.92,1664.61,52.47,509.83,50.96,41.17,45.19,6,54.19,53.19,54.24,60.29,53.5,4,49.62,3.9,6071.9,54.91,Inconsistent
59.3,1359.38,57.13,1215.86,54.99,484.87,53.02,53.31,56.25,9,53.71,61.92,51.77,68.6,51.41,8,64.34,4.07,6123.75,60.28,Impulsive
99.59,1818.2,75.26,1952.45,100.0,694.52,91.97,89.16,85.06,3,100.0,82.22,82.45,93.15,82.38,0,78.61,2.92,4624.51,86.3,Careful
43.44,770.93,48.13,1329.73,39.52,390.37,53.28,56.99,52.78,7,58.01,52.08,48.47,37.56,39.04,7,52.09,4.34,6599.1,45.62,Impulsive
54.35,1168.03,40.05,1193.1,33.85,563.42,63.47,41.19,54.33,8,52.6,41.47,46.67,45.48,50.58,6,40.82,3.97,6815.63,42.73,Impulsive
94.78,1072.07,95.92,1037.46,100.0,449.82,97.21,91.97,88.35,2,89.61,95.48,87.75,100.0,96.83,1,100.0,2.78,5416.17,91.69,Efficient
91.24,1996.32,89.84,1540.39,91.41,618.54,86.84,94.88,75.91,0,88.38,93.23,100.0,92.72,93.02,2,85.18,2.5,4720.8,91.95,Careful
77.75,1117.09,82.38,777.23,94.2,397.82,85.74,82.67,88.07,0,87.2,100.0,85.0,89.85,83.59,0,75.77,2.37,5808.18,82.87,Efficient
81.12,1134.56,81.14,1095.59,93.51,491.08,90.59,82.63,88.46,2,79.13,100.0,92.19,93.89,98.61,0,96.74,3.44,4662.18,84.87,Efficient
98.98,1143.52,100.0,891.19,97.36,343.92,100.0,100.0,99.15,1,92.94,97.96,95.59,89.54,100.0,0,100.0,2.16,3012.33,97.74,Efficient
92.78,2123.72,95.9,2321.71,100.0,464.31,95.46,81.49,97.78,1,100.0,100.0,85.36,94.3,93.17,0,100.0,2.86,5682.12,96.17,Careful
39.35,769.48,54.91,942.41,41.27,494.57,49.91,49.47,39.97,13,32.39,33.44,54.27,43.87,28.79,8,50.16,4.1,6798.92,45.08,Impulsive
100.0,1232.13,100.0,1467.21,99.72,457.34,100.0,100.0,100.0,2,100.0,100.0,100.0,91.57,100.0,5,100.0,2.1,4363.49,96.57,Efficient
82.39,2247.56,73.45,2376.08,87.81,725.24,76.09,74.12,83.26,3,80.38,76.15,75.88,71.78,77.17,1,90.24,2.55,4914.86,77.83,Inconsistent
45.09,1277.16,49.43,1401.84,37.87,469.27,49.2,45.16,36.02,8,45.72,53.87,29.18,60.36,39.43,9,29.48,4.28,8579.36,46.27,Impulsive
90.11,1309.49,88.29,1207.24,85.87,284.55,93.04,86.05,71.03,2,83.24,88.63,76.02,100.0,82.88,1,89.11,2.76,4811.33,85.15,Efficient
92.64,1330.46,92.19,1165.83,87.13,408.72,69.78,95.15,85.01,1,81.16,80.4,74.5,93.87,100.0,2,84.95,2.09,5179.73,90.08,Efficient
95.33,1448.58,92.51,1565.64,100.0,384.59,90.88,92.49,91.83,0,96.1,100.0,67.9,95.5,100.0,2,91.25,2.59,4843.86,94.94,Efficient
46.73,2519.73,26.15,2037.27,42.53,750.96,40.67,37.24,52.13,6,42.83,42.15,41.44,37.35,58.12,5,40.1,4.05,7746.11,45.91,Inconsistent
61.0,1561.38,52.25,1669.06,52.51,636.89,43.07,53.69,49.54,8,45.48,44.13,71.72,48.23,38.69,5,44.06,4.08,5988.66,49.07,Inconsistent
83.41,1839.65,90.58,1815.77,89.0,443.12,79.67,83.85,91.46,1,88.35,74.03,90.45,76.52,96.5,0,94.42,2.78,5954.29,85.68,Careful
82.6,1205.31,78.74,1156.41,85.42,259.21,84.81,80.19,86.79,1,95.31,90.58,82.04,97.44,87.09,0,73.35,3.45,5922.06,80.65,Efficient
85.16,875.08,96.82,1024.36,100.0,289.24,91.85,100.0,88.3,3,96.32,73.43,85.74,93.29,90.44,4,81.64,2.48,5761.45,88.02,Efficient
53.14,889.14,73.9,1053.58,62.4,445.03,59.65,62.46,62.66,7,56.19,71.55,67.21,68.32,56.61,8,55.44,3.33,5607.83,62.5,Impulsive
30.0,1600.37,34.19,1806.81,31.82,485.31,20.0,45.88,27.76,6,23.76,44.16,33.9,34.18,34.33,5,46.25,4.85,6307.21,32.51,Inconsistent
71.32,612.82,75.82,1092.0,63.37,311.37,63.18,80.19,83.69,2,86.5,79.59,92.45,72.95,83.27,1,64.23,3.2,6854.87,77.85,Efficient
54.32,1511.78,62.28,1272.52,56.77,391.38,57.94,69.43,59.17,10,74.3,40.11,58.67,49.85,51.32,6,52.84,4.54,5309.27,56.64,Impulsive
87.51,740.72,91.07,726.47,100.0,341.13,88.98,100.0,90.1,1,98.1,86.32,92.29,84.78,100.0,2,87.58,2.39,5640.22,91.15,Efficient
79.11,1525.55,95.24,1648.0,85.04,532.73,83.6,87.68,87.83,5,72.22,82.64,100.0,95.43,81.33,4,88.74,3.62,4854.48,89.17,Inconsistent
64.14,1668.26,57.53,1432.79,49.73,198.01,71.34,68.55,52.26,3,62.13,68.98,68.16,55.21,68.62,4,60.9,3.42,6560.69,63.83,Inconsistent
63.72,748.18,60.76,1147.89,61.27,323.08,75.95,65.52,79.66,7,61.47,76.77,78.79,64.06,68.3,6,72.67,3.71,6078.54,66.96,Impulsive
86.11,2337.35,88.49,1942.61,82.06,745.99,81.64,83.92,77.5,3,90.41,75.9,82.95,74.75,87.09,3,78.62,2.93,5512.29,80.76,Inconsistent
66.74,2007.57,81.44,2093.3,63.49,655.33,54.54,39.35,49.51,4,72.06,51.39,56.65,64.86,71.48,5,57.82,3.63,7409.96,62.95,Inconsistent
92.35,541.64,93.85,936.57,90.44,329.55,98.16,82.77,94.02,0,84.68,95.58,100.0,97.1,100.0,1,99.62,2.55,4373.87,91.47,Efficient
100.0,2068.67,95.42,1798.85,100.0,574.04,100.0,100.0,100.0,0,100.0,100.0,100.0,91.07,100.0,0,98.84,1.56,3963.32,100.0,Careful
53.79,942.32,76.3,1174.69,58.11,342.29,51.37,51.9,61.2,4,70.22,75.62,69.07,80.22,63.11,5,64.24,2.74,4897.72,59.95,Inconsistent
84.76,1523.3,82.26,1556.53,82.11,386.8,84.03,81.19,80.69,3,74.68,100.0,90.78,94.65,92.88,0,80.21,2.42,4697.4,84.23,Efficient
77.02,1089.01,97.27,1435.02,76.13,467.94,98.49,71.69,74.4,2,72.66,68.05,64.75,76.51,79.44,2,71.83,2.31,5784.44,77.57,Efficient
92.52,1298.17,69.86,962.75,78.25,591.75,87.57,82.94,82.5,7,83.62,77.92,71.38,81.2,74.5,6,73.39,2.45,6598.46,80.0,Impulsive
94.81,1377.26,97.6,971.36,90.33,486.44,91.91,100.0,89.16,5,95.96,91.79,83.25,93.5,89.59,0,93.13,2.19,4550.18,90.29,Efficient
63.31,1714.95,64.06,1556.53,61.03,768.69,71.1,64.06,76.98,2,72.16,65.67,60.61,67.0,72.05,0,67.47,2.82,5757.05,72.19,Inconsistent
84.29,1644.74,76.85,1719.42,79.27,455.4,83.66,63.41,99.01,3,88.26,86.62,79.89,84.82,74.39,0,88.48,2.85,4201.78,83.36,Careful
91.62,2262.05,100.0,2269.85,89.92,553.14,70.38,92.9,91.54,2,91.83,82.33,100.0,80.42,81.27,0,87.06,1.92,5024.15,91.17,Careful
59.03,1555.12,78.22,1266.42,60.66,389.94,62.8,58.26,63.18,8,89.53,58.93,71.93,62.44,71.11,6,44.33,3.25,4658.13,69.63,Impulsive
82.84,1051.6,75.16,1373.39,89.27,337.83,91.35,89.37,82.59,2,89.29,83.56,78.21,93.25,93.86,0,95.86,2.55,3799.81,85.87,Efficient
40.72,2191.1,47.4,1970.58,45.63,771.2,25.85,55.04,52.24,4,44.27,49.0,43.57,33.34,63.48,4,52.92,4.3,6376.93,48.66,Inconsistent
57.44,1901.6,60.36,2129.51,45.32,648.1,57.97,48.54,55.81,7,44.49,51.06,52.6,51.75,55.03,5,44.7,3.73,5769.36,54.27,Inconsistent
99.74,1397.88,100.0,952.57,89.11,441.82,96.47,99.95,100.0,3,98.37,95.24,94.0,94.47,100.0,2,87.3,2.53,5145.53,95.43,Efficient
94.76,1913.41,100.0,1922.55,100.0,534.7,100.0,100.0,100.0,2,98.02,88.95,87.23,100.0,98.32,0,100.0,2.76,4335.99,98.25,Careful
33.29,1131.71,35.93,1153.16,50.4,476.18,32.19,45.5,39.26,8,35.13,40.51,35.72,54.96,20.38,8,34.36,4.68,7674.05,37.82,Impulsive
100.0,1038.18,100.0,1249.26,91.03,232.88,93.89,100.0,99.3,0,95.71,100.0,100.0,93.28,99.61,0,100.0,2.56,4675.11,96.12,Efficient
64.97,858.69,75.27,991.1,63.71,493.69,51.43,70.68,70.0,8,63.58,81.65,62.48,78.16,56.11,6,69.31,3.5,8015.1,67.95,Impulsive
43.79,1205.59,48.38,1013.92,46.26,503.39,50.88,42.18,46.18,10,42.09,45.44,54.01,50.75,42.77,8,58.57,3.38,7256.7,51.65,Inconsistent
71.93,2102.09,87.64,2366.08,75.27,594.5,78.02,70.12,81.57,1,92.77,70.67,91.57,80.68,77.9,0,81.37,3.19,5166.84,80.22,Careful
97.71,2085.3,98.91,2028.01,100.0,419.38,100.0,100.0,91.12,1,85.46,100.0,100.0,96.08,84.06,1,100.0,2.56,4477.74,95.66,Careful
47.1,898.69,67.34,1063.4,66.73,406.88,70.8,49.84,60.76,10,56.76,53.9,82.71,59.68,71.62,8,70.56,4.45,6458.68,64.12,Impulsive
49.58,1026.32,45.19,1100.59,59.63,416.25,56.74,37.7,48.67,10,51.88,56.78,57.83,52.82,55.23,6,51.13,4.03,6502.1,51.0,Impulsive
86.15,1978.71,98.51,1572.03,82.72,468.98,83.04,80.58,80.62,0,81.05,90.59,84.43,84.06,83.35,0,90.49,2.57,5749.27,82.04,Careful
87.95,811.28,96.96,990.97,89.6,148.09,96.21,85.05,84.94,0,100.0,95.3,100.0,100.0,81.66,0,98.0,2.21,5020.78,89.78,Efficient
86.33,1846.25,78.44,2519.61,81.96,428.63,83.1,90.68,90.92,2,95.75,93.36,97.45,91.05,78.23,2,96.74,2.97,4284.15,85.76,Careful
35.54,2025.77,47.49,1730.26,35.3,628.5,33.32,35.94,46.72,3,39.21,34.72,47.68,57.42,41.95,4,51.38,3.91,6815.92,40.57,Inconsistent
82.48,1305.42,87.33,1906.01,75.87,350.59,73.66,83.01,78.23,0,70.14,95.49,73.65,72.04,78.05,0,91.26,3.64,5765.35,78.3,Careful
92.17,2346.16,89.62,1994.45,97.7,611.49,100.0,100.0,99.59,0,100.0,93.9,97.28,83.59,100.0,3,99.43,3.0,5601.51,96.01,Careful
40.99,851.34,31.12,968.52,36.08,521.68,29.22,41.2,44.32,10,37.78,40.53,40.51,34.25,46.7,9,31.58,4.51,7131.67,40.8,Impulsive
34.54,1201.1,49.85,1358.56,32.02,582.42,39.99,33.76,38.04,9,51.35,46.16,45.87,37.41,42.69,5,51.32,3.85,6495.3,39.52,Impulsive
97.68,1570.24,95.14,1500.57,100.0,469.17,100.0,100.0,98.94,0,100.0,91.17,100.0,89.17,100.0,1,100.0,2.25,4797.18,99.48,Efficient
51.6,2051.85,39.16,1875.96,49.06,629.17,59.34,52.04,51.74,5,46.26,48.83,64.98,44.59,59.48,3,54.13,3.87,6738.18,56.52,Inconsistent
98.01,998.73,85.32,1140.99,85.31,371.88,93.69,100.0,97.53,2,80.64,88.55,83.21,88.52,100.0,1,77.85,3.06,4120.69,93.19,Efficient
82.48,1499.06,78.46,1167.11,81.0,550.11,77.08,72.78,88.0,1,81.58,88.29,85.65,87.74,66.98,2,75.55,3.42,5715.05,76.15,Inconsistent
100.0,1459.43,100.0,1379.74,86.47,318.87,84.78,100.0,83.23,0,90.34,100.0,89.43,100.0,90.87,0,100.0,1.77,5942.08,94.38,Efficient
40.93,1409.24,56.55,1409.47,45.97,570.96,56.59,34.95,42.27,6,29.9,37.88,51.57,39.77,38.22,5,39.9,4.37,6555.34,41.8,Impulsive
81.87,2006.17,62.31,1775.81,68.64,552.4,69.61,74.09,85.93,1,84.16,78.97,78.6,78.04,89.1,1,61.79,3.52,4881.63,78.87,Careful
99.56,1923.52,86.97,2008.5,93.1,700.6,100.0,94.32,91.48,1,92.46,90.41,100.0,100.0,96.38,2,100.0,2.03,4767.81,92.98,Careful
60.92,1316.97,51.12,1145.78,43.64,433.5,42.0,50.53,56.25,11,56.56,56.79,58.28,47.3,67.67,5,53.83,3.51,5848.2,53.19,Impulsive
100.0,1825.53,87.33,1987.28,89.4,332.32,100.0,100.0,72.66,2,100.0,75.19,93.28,82.7,89.41,0,94.73,2.31,6080.31,91.95,Careful
54.9,1590.54,62.94,1400.91,44.42,539.2,33.59,50.73,38.94,5,40.43,39.8,40.82,41.99,34.32,8,38.51,3.93,7408.15,44.7,Impulsive
61.27,2097.63,71.78,2024.5,76.35,462.75,75.29,92.29,76.45,2,87.18,79.98,79.79,73.45,79.66,1,73.24,2.66,5679.68,75.85,Careful
97.68,1358.33,100.0,1186.66,96.51,421.29,91.75,90.44,99.99,2,81.72,100.0,97.99,94.23,99.06,2,91.58,3.01,4352.59,95.19,Efficient
49.95,1529.31,74.63,1194.99,72.82,434.4,74.89,60.86,55.76,9,60.66,65.08,52.61,49.0,55.54,8,50.86,3.96,6484.69,57.38,Impulsive
89.34,1845.98,98.06,1792.63,95.1,436.17,84.74,96.37,86.49,0,63.4,99.91,92.04,89.89,88.45,0,91.11,2.08,5457.89,91.88,Careful
94.27,1880.96,99.97,1608.0,100.0,527.02,100.0,100.0,97.21,1,87.75,100.0,99.64,100.0,100.0,3,93.0,1.84,3832.15,96.38,Careful
86.93,2098.81,85.19,2076.23,89.51,699.07,85.17,77.76,94.13,3,95.48,96.2,77.13,91.85,94.86,0,80.17,3.55,4673.19,90.81,Careful
86.66,1704.06,93.62,1733.26,98.53,397.22,71.66,99.57,84.45,3,83.43,84.87,90.27,78.82,85.44,3,92.44,3.11,5519.97,90.09,Careful
47.55,1336.41,61.19,1103.73,47.97,545.55,45.31,52.43,47.44,12,32.51,53.28,42.25,54.95,46.67,8,53.34,4.32,5444.24,48.52,Impulsive
41.05,1614.51,44.88,1608.35,48.62,614.85,41.14,47.27,39.64,5,40.71,40.56,34.05,47.51,39.86,4,43.73,4.05,5900.98,38.94,Inconsistent
46.64,1187.27,42.55,1083.84,22.3,224.5,33.92,47.29,49.06,7,50.66,29.05,44.2,49.91,28.52,6,41.72,4.28,6657.98,39.79,Impulsive
60.54,1699.65,66.29,1823.19,44.27,570.81,56.79,66.93,55.87,1,59.62,55.94,56.13,68.55,47.83,0,58.76,3.38,6491.88,59.59,Inconsistent
84.96,1754.81,69.44,1420.88,63.49,567.38,59.58,85.9,82.46,5,64.45,66.03,69.26,81.64,61.55,5,54.15,2.65,5120.95,71.44,Inconsistent
85.94,1917.18,83.79,2011.61,92.64,628.07,71.42,75.82,75.37,5,77.81,69.92,86.01,79.16,69.17,1,71.79,2.47,4353.17,79.69,Careful
34.07,1323.41,53.63,1145.93,43.08,506.0,44.58,33.93,44.57,8,41.59,39.65,32.9,37.65,60.37,9,41.45,4.37,6174.85,41.67,Impulsive
66.55,2114.92,65.83,1980.97,66.86,757.63,74.02,69.54,63.75,2,62.56,66.65,70.63,67.93,67.22,2,68.63,2.38,5808.98,64.31,Inconsistent
86.76,1123.29,97.14,1170.76,99.15,368.2,84.17,97.42,88.86,0,92.19,100.0,98.51,98.42,100.0,1,85.72,2.31,5517.36,94.5,Efficient
73.04,1292.89,77.36,1172.41,97.86,316.35,94.16,68.4,78.54,7,79.7,81.95,88.81,93.33,78.92,6,88.71,3.25,4741.94,87.86,Inconsistent
48.85,960.2,52.49,1391.85,51.59,543.86,42.12,47.6,43.81,15,48.93,48.15,42.36,34.79,46.59,8,43.58,4.16,5977.41,46.77,Impulsive
42.85,1793.97,62.76,1678.86,55.51,520.11,49.48,62.33,71.01,5,41.82,53.51,59.16,40.78,41.61,2,62.4,3.28,5838.92,53.04,Inconsistent
86.81,1658.61,92.23,1517.55,83.53,399.48,94.33,94.93,80.95,2,91.26,78.55,75.83,85.97,100.0,0,97.7,2.75,5879.05,90.07,Efficient
77.86,2100.38,79.31,2066.27,66.69,497.55,85.7,74.42,80.35,0,81.47,74.19,59.03,76.86,79.48,0,69.39,3.07,5452.29,73.98,Careful
52.59,1175.55,56.58,1134.85,56.71,437.13,58.9,69.78,49.38,8,47.2,56.59,66.23,42.91,57.26,5,52.79,4.22,7182.94,54.92,Impulsive
94.06,1899.19,91.58,1717.01,80.88,432.67,69.89,64.33,96.01,1,82.59,90.08,76.39,81.52,81.93,0,86.15,2.38,5335.38,85.66,Careful
100.0,1630.66,84.82,1580.6,85.15,459.26,91.95,91.36,96.68,0,92.71,100.0,97.19,88.76,94.58,1,94.06,1.94,5284.55,96.1,Efficient
58.62,920.81,75.95,948.63,56.28,363.21,60.12,44.31,69.93,6,56.22,70.88,55.13,59.86,54.24,7,52.08,3.0,5883.05,56.32,Impulsive
67.2,1848.97,78.3,1655.97,76.51,384.11,62.78,73.51,79.31,1,76.65,57.73,76.24,61.1,72.82,1,64.35,3.45,5708.31,67.49,Careful
87.96,1769.82,68.15,1639.08,82.31,613.94,80.96,68.42,88.61,1,83.26,74.66,84.7,89.31,67.93,2,53.74,2.77,4530.33,78.37,Careful
88.59,1870.98,88.44,2095.55,81.18,493.53,80.72,93.32,83.82,2,75.8,92.53,61.03,96.49,82.37,0,83.94,2.52,5806.77,84.95,Careful
54.27,1956.96,61.06,1768.1,65.52,655.46,55.74,53.85,59.73,10,65.53,61.07,83.33,61.14,68.24,5,49.19,3.07,5248.51,61.54,Inconsistent
84.75,2165.33,85.36,2015.21,75.98,501.29,68.74,82.1,76.84,1,76.55,82.56,77.3,83.23,100.0,1,86.95,3.17,5648.91,78.63,Careful
94.43,2308.97,98.76,1822.98,81.62,433.97,89.74,98.93,83.19,0,83.85,94.49,87.91,76.6,86.64,3,100.0,2.92,6063.8,91.88,Careful
94.95,1993.72,83.13,1819.08,100.0,355.12,84.13,90.62,99.31,3,90.57,94.19,94.51,94.08,94.47,2,95.48,2.61,5225.13,91.11,Careful
52.39,1037.37,55.99,1013.73,51.29,318.8,55.72,55.48,63.01,9,50.18,36.35,44.45,49.06,52.04,8,58.97,3.81,6578.12,50.44,Impulsive
83.78,2174.73,100.0,2094.86,93.97,696.6,100.0,96.29,81.59,1,100.0,86.36,100.0,100.0,100.0,0,99.63,2.72,5895.14,96.95,Careful
89.47,1658.33,93.5,1484.58,86.75,476.16,91.53,91.59,96.81,0,100.0,100.0,89.12,97.22,85.55,0,93.34,2.9,4785.62,94.93,Careful
67.34,1225.96,57.4,1006.6,71.78,469.41,54.55,60.98,73.01,8,50.2,43.47,68.95,52.04,58.49,5,53.38,3.5,5916.68,56.99,Impulsive
90.7,1485.95,84.16,1866.08,94.34,619.69,100.0,75.18,85.17,6,86.29,83.61,95.85,85.86,91.36,4,100.0,2.53,4733.07,88.85,Inconsistent
98.06,1791.67,100.0,2016.24,100.0,466.05,100.0,100.0,100.0,1,93.02,94.96,86.28,100.0,100.0,1,94.25,2.25,4150.82,96.4,Careful
89.86,1505.26,79.55,1962.8,96.0,505.85,100.0,94.33,92.08,0,96.77,75.03,87.92,91.39,78.32,2,93.42,2.56,5374.37,90.33,Careful
79.06,1112.85,93.41,1240.65,97.44,308.94,87.78,91.68,85.59,3,81.67,96.65,91.54,92.36,100.0,1,78.95,2.28,5248.03,89.57,Efficient
48.97,1371.69,51.24,1585.47,43.79,568.58,43.6,53.49,50.51,4,57.91,58.5,57.45,56.79,67.51,5,45.27,4.41,6748.56,52.91,Impulsive
90.91,1247.6,84.07,1369.1,82.5,524.93,77.13,70.64,91.26,1,92.29,85.37,91.84,94.35,71.8,0,88.41,3.05,4933.8,85.43,Inconsistent
89.18,1127.53,90.3,1335.17,97.93,367.47,88.48,85.08,99.22,0,93.37,100.0,92.72,89.9,80.53,0,84.31,2.62,5501.35,93.67,Efficient
100.0,1695.21,78.0,1318.09,100.0,372.37,97.44,80.5,97.16,3,87.35,93.09,99.69,96.27,100.0,2,98.67,1.83,5200.39,97.51,Efficient
100.0,1287.23,88.76,1620.56,100.0,279.84,100.0,100.0,100.0,3,91.58,93.11,93.95,100.0,100.0,3,100.0,2.01,4257.39,95.64,Efficient
92.34,1669.9,90.23,1973.76,78.14,537.97,100.0,91.77,98.37,0,100.0,91.11,90.56,94.88,100.0,0,88.83,3.08,5157.71,90.92,Careful
88.66,1846.15,94.78,1864.94,89.01,619.32,83.72,87.52,100.0,2,83.13,89.64,88.03,100.0,80.38,0,85.05,2.53,4925.42,88.6,Careful
38.03,936.68,62.12,1114.46,45.55,418.85,55.65,50.19,51.1,8,39.63,42.6,42.78,48.89,59.29,7,52.58,4.44,6178.05,48.1,Impulsive
89.87,1403.9,81.38,1509.37,72.82,339.72,79.78,89.34,85.98,0,86.11,92.86,84.17,90.1,100.0,0,87.31,2.61,4588.71,87.77,Efficient
100.0,1328.18,93.81,1273.48,80.6,188.94,100.0,100.0,93.39,0,100.0,88.82,85.09,94.03,80.35,0,82.78,2.31,4784.23,94.14,Efficient
44.01,1027.18,49.11,1083.21,53.19,446.71,58.34,38.77,49.38,12,42.41,30.23,49.81,54.84,50.89,10,41.58,4.18,6792.89,45.98,Impulsive
94.91,1408.86,100.0,1574.79,84.68,415.69,83.96,100.0,100.0,1,100.0,96.86,99.71,91.77,82.68,0,81.71,2.51,5449.29,96.51,Efficient
68.19,2043.37,72.36,2133.99,63.27,590.01,68.68,61.29,62.56,2,64.15,61.9,75.76,72.08,49.11,2,82.97,4.02,4934.81,63.16,Inconsistent
97.39,937.67,96.17,1228.95,86.35,452.98,100.0,100.0,90.64,2,94.5,95.1,87.65,81.97,91.54,1,93.7,1.64,5309.34,93.08,Efficient
40.95,1648.12,60.8,1399.82,42.18,424.89,45.65,61.16,56.58,10,53.86,39.5,48.32,51.43,52.01,6,63.43,2.94,5640.11,45.41,Impulsive
86.22,1086.89,91.99,1184.24,74.92,523.22,91.11,65.91,78.7,0,58.61,86.96,67.28,63.91,81.62,0,88.85,3.36,5733.17,82.16,Efficient
65.08,1341.81,47.36,1169.15,54.94,284.36,67.81,54.44,58.03,7,56.35,70.93,63.86,77.34,60.5,5,62.04,3.63,5620.85,62.05,Impulsive
88.53,1907.38,91.25,1517.75,73.17,579.8,91.59,83.49,82.93,3,74.35,100.0,85.81,88.8,78.42,0,73.07,2.43,3842.35,79.48,Careful
37.22,1431.84,40.47,1181.46,39.71,488.57,42.1,29.62,35.13,10,30.14,34.48,35.89,33.4,47.79,7,58.23,4.95,8049.79,35.12,Impulsive
61.1,1147.34,47.0,1209.0,45.44,356.63,69.82,54.14,54.76,9,48.3,55.94,67.94,56.25,62.74,8,54.48,4.05,6185.19,53.79,Impulsive
53.23,1143.16,47.97,996.63,40.63,351.98,49.27,60.65,43.94,10,49.77,62.48,46.96,48.37,38.59,6,55.0,3.66,6863.49,48.84,Impulsive
48.61,1444.99,61.53,1080.61,72.72,372.23,61.36,60.27,56.02,6,63.54,58.04,70.07,52.69,55.98,6,54.19,4.06,6408.36,57.45,Impulsive
62.41,1010.31,64.61,1166.57,53.38,542.96,46.36,47.3,55.73,9,55.17,55.98,49.63,65.41,42.13,8,48.6,4.33,6129.04,55.79,Impulsive
50.02,1200.66,45.33,1288.54,35.11,421.01,49.2,49.33,32.66,11,54.9,23.65,51.82,38.47,49.19,11,48.14,3.83,4894.05,42.62,Impulsive
95.91,1242.92,80.81,1335.75,75.99,592.77,97.31,91.94,83.49,5,74.6,98.51,87.19,94.57,89.25,4,91.06,2.88,5149.94,84.82,Inconsistent
48.99,1293.28,29.75,1139.31,48.81,318.11,44.07,37.18,46.0,8,38.09,26.66,20.0,31.43,36.8,7,42.7,5.09,7250.08,34.71,Impulsive
98.05,1370.25,95.52,889.81,83.24,382.41,85.04,89.21,82.62,0,100.0,98.39,95.21,77.93,80.86,1,95.43,2.91,4754.01,88.24,Efficient
73.15,2139.63,85.95,1693.88,85.13,278.4,74.01,70.09,75.17,1,85.06,94.26,66.1,76.09,71.14,1,72.72,2.83,5494.04,77.98,Careful
67.67,1816.85,48.83,1524.52,62.36,491.42,60.22,50.71,58.73,10,67.36,55.07,44.13,57.52,50.44,7,54.58,2.81,6555.15,57.97,Inconsistent
86.06,1633.58,77.73,1509.51,72.08,380.73,66.05,76.89,84.97,0,73.19,82.59,70.0,79.94,72.64,0,81.11,3.22,5393.46,72.28,Careful
97.54,2398.89,100.0,1981.55,100.0,524.51,88.79,91.31,100.0,1,100.0,93.89,93.21,98.84,100.0,2,98.87,1.99,5925.33,93.33,Careful
100.0,1777.39,100.0,1375.99,100.0,310.3,90.16,100.0,88.19,1,99.47,100.0,89.54,88.09,100.0,0,100.0,2.27,4820.28,95.15,Careful
46.24,1974.12,52.61,2008.2,47.21,933.18,32.16,43.88,49.32,5,29.85,36.27,51.88,47.03,48.16,3,61.6,4.14,7055.18,44.92,Inconsistent
46.9,985.48,45.82,1205.2,34.14,568.15,28.06,42.28,48.63,9,42.37,55.16,44.89,56.12,54.48,8,54.73,3.71,7863.69,44.32,Impulsive
56.5,1332.59,61.49,1308.49,63.11,429.76,59.85,75.69,57.98,9,73.43,53.97,62.88,71.76,71.35,9,58.51,3.87,6321.91,65.03,Impulsive
92.36,1709.38,83.21,939.63,72.51,312.96,82.19,88.93,79.4,2,68.77,83.32,90.4,86.17,87.53,1,92.92,2.13,4907.23,88.01,Efficient
99.69,1370.6,100.0,1393.75,100.0,282.08,95.6,94.78,92.59,1,98.15,83.02,96.33,100.0,84.12,0,97.56,1.8,5505.22,97.31,Efficient
64.59,2351.73,47.17,2314.47,55.96,613.07,59.02,52.36,55.8,9,51.67,69.04,55.55,53.0,55.88,7,64.12,3.68,6486.07,60.37,Inconsistent
95.99,1467.93,93.59,1501.38,91.1,361.24,99.66,88.02,86.95,2,100.0,100.0,85.11,89.75,99.02,1,89.96,2.08,4502.14,91.46,Efficient
44.25,1979.84,34.56,1602.06,33.97,672.29,47.99,36.52,45.05,0,30.87,36.5,32.02,43.65,37.61,2,45.85,4.21,7578.36,39.08,Inconsistent
84.5,1342.82,79.43,1392.64,84.95,259.58,93.12,85.6,82.6,1,84.49,78.34,76.79,94.38,97.85,1,68.63,3.55,6357.42,81.85,Efficient
82.87,1899.13,81.42,2400.19,74.43,369.58,77.95,79.33,85.04,0,83.37,72.54,86.28,66.54,77.4,2,69.69,2.72,5722.88,82.03,Careful
94.86,1206.4,100.0,1160.16,100.0,508.7,96.73,80.0,92.24,0,100.0,84.11,90.58,100.0,95.99,1,100.0,2.54,5707.88,96.75,Efficient
52.46,2417.94,67.63,2539.55,55.26,789.61,66.88,57.07,56.8,2,55.86,56.61,70.33,38.02,40.56,4,51.69,3.97,6507.02,57.75,Inconsistent
44.05,1295.4,58.46,1239.08,41.03,507.73,53.6,50.99,41.95,11,57.57,51.42,37.67,61.18,65.94,8,67.87,3.65,6531.31,53.19,Impulsive
53.83,1005.78,59.58,998.75,40.09,489.86,47.29,57.33,63.71,6,50.62,66.67,48.1,27.05,60.09,5,59.0,3.64,6085.0,48.45,Inconsistent
83.25,673.64,87.75,896.92,92.45,212.3,93.28,95.88,87.68,0,85.16,100.0,66.05,88.83,91.77,0,100.0,2.92,5979.36,87.78,Efficient
100.0,1591.47,100.0,1289.02,88.22,405.37,100.0,99.5,87.97,0,92.67,93.26,100.0,88.61,100.0,1,100.0,2.17,4740.75,95.36,Efficient
98.31,1543.28,80.15,1753.3,99.66,385.32,87.49,97.67,85.32,0,96.2,91.22,87.82,98.78,93.63,0,92.2,2.59,5590.99,92.67,Efficient
100.0,1813.78,90.54,2407.24,100.0,339.49,100.0,93.55,83.43,0,100.0,97.35,100.0,94.76,93.43,1,88.52,3.15,5187.96,98.54,Careful
91.71,1556.09,86.28,1584.65,100.0,425.53,98.75,86.56,100.0,0,92.4,76.28,89.03,100.0,83.1,0,89.04,3.25,5141.69,93.8,Careful
69.94,1291.68,81.73,1290.5,89.14,316.52,97.12,80.71,82.78,1,68.93,67.89,84.77,60.59,78.12,4,89.75,3.54,6268.53,79.1,Efficient
64.87,1049.59,67.97,954.89,70.54,467.16,61.85,63.73,72.26,7,75.85,67.67,57.57,64.77,55.6,6,67.81,2.99,5652.79,67.5,Inconsistent
100.0,1372.46,86.33,799.92,91.53,433.57,89.8,98.7,100.0,2,98.98,96.89,97.77,100.0,100.0,0,75.34,1.54,5149.55,95.28,Efficient
55.6,1763.67,52.14,1375.2,34.4,567.2,40.11,49.37,34.82,5,43.05,36.52,44.31,36.59,52.41,7,39.4,3.85,6736.97,44.32,Inconsistent
56.73,1481.72,50.92,1861.33,52.27,426.48,62.64,64.31,49.98,10,47.59,46.31,60.18,46.11,60.08,7,58.45,3.09,7324.86,56.54,Inconsistent
72.68,1956.18,79.63,2061.89,86.49,462.13,79.01,82.09,73.42,3,72.43,85.47,72.52,57.53,75.77,2,81.04,3.13,5567.81,77.2,Careful
61.14,2126.1,54.08,2416.57,53.72,562.97,39.98,55.89,49.25,7,46.06,45.32,40.64,50.65,49.23,8,38.75,3.62,6734.7,50.69,Inconsistent
86.96,1601.12,90.14,1203.52,100.0,478.37,99.95,85.37,84.26,1,85.21,91.9,86.98,84.66,99.56,1,86.79,2.35,4842.19,91.06,Efficient
90.67,1653.49,100.0,1871.14,83.62,358.31,95.09,80.93,73.11,0,97.64,91.96,86.16,63.4,86.64,0,92.86,1.68,5593.7,86.75,Careful
72.33,825.55,68.07,1374.75,65.33,551.21,61.33,64.63,63.37,2,41.33,61.95,57.51,54.79,57.23,4,44.79,4.0,5998.81,63.31,Inconsistent
100.0,1110.06,100.0,1350.17,86.71,363.17,93.76,93.73,93.06,3,88.45,81.76,94.39,87.5,94.33,4,86.5,2.65,5301.12,89.51,Efficient
47.09,971.23,71.22,1459.32,39.41,477.02,66.66,50.55,64.23,8,39.49,55.23,68.75,62.82,54.42,7,39.63,3.28,6423.31,53.55,Impulsive
58.15,1999.22,48.4,2091.44,74.81,647.1,65.3,60.38,52.68,4,56.2,56.54,60.34,61.6,60.21,7,61.49,3.77,7258.88,58.65,Inconsistent
100.0,1392.79,80.2,1252.92,100.0,302.47,97.03,100.0,88.37,0,100.0,97.93,96.09,87.78,100.0,0,100.0,2.88,4298.77,98.81,Efficient
60.01,1425.65,64.01,1776.53,66.84,772.83,64.35,72.05,60.51,7,49.59,69.07,58.4,54.21,66.06,5,63.7,2.94,7322.22,60.77,Inconsistent
62.86,2770.22,67.1,3093.6,55.13,770.11,63.16,47.82,61.24,5,52.05,47.15,55.15,67.84,58.08,4,70.1,3.93,6462.1,57.91,Inconsistent
63.23,1999.99,83.83,1742.56,72.25,510.77,72.23,93.62,74.76,3,85.6,80.19,81.02,75.95,75.53,4,91.7,3.45,5779.79,74.05,Inconsistent
40.0,1539.02,46.33,1807.11,57.57,449.6,36.42,46.45,45.18,5,51.28,51.51,49.15,46.05,48.88,3,46.89,4.7,6772.09,43.9,Inconsistent
59.82,1116.02,68.84,1019.25,62.32,494.3,63.93,52.86,64.27,11,46.89,52.51,59.35,47.87,49.71,7,48.79,3.69,6455.45,54.95,Impulsive
91.93,1185.22,85.59,1315.96,89.53,255.64,77.8,89.26,78.42,3,76.08,82.42,90.84,86.87,80.14,3,94.35,3.07,5633.44,86.61,Efficient
89.2,1323.16,85.86,1184.87,93.93,334.85,96.91,94.55,99.53,3,87.41,87.07,100.0,93.28,89.98,1,100.0,2.51,5451.37,95.19,Efficient
39.69,1270.9,52.22,971.04,35.09,425.14,38.26,36.19,32.15,7,39.6,34.11,49.62,30.0,33.6,6,25.13,4.25,7599.09,36.87,Impulsive
57.91,1305.03,42.1,1238.25,44.24,383.49,59.34,55.01,43.91,9,75.4,32.78,51.38,55.23,49.62,6,62.9,3.47,7130.05,56.95,Impulsive
59.92,736.18,49.68,1050.02,54.56,191.58,54.75,63.34,61.28,8,60.23,67.88,65.64,65.45,66.2,6,68.47,4.12,6762.27,61.4,Impulsive
81.99,2062.63,81.96,2095.65,82.06,343.67,74.44,83.29,81.79,3,83.11,71.56,73.75,71.22,84.33,1,79.08,2.88,5296.4,79.86,Careful
80.72,1115.46,93.78,855.32,93.42,439.93,94.68,100.0,100.0,2,99.5,85.52,89.11,92.46,87.01,0,97.72,2.49,5177.77,95.13,Efficient
85.76,1914.42,83.12,1784.69,70.64,361.7,91.48,78.02,85.04,0,82.86,71.45,82.27,74.43,78.9,0,88.01,1.86,5567.87,77.04,Careful
100.0,1329.42,100.0,1259.43,98.39,238.12,92.13,91.57,96.58,0,100.0,97.81,95.2,100.0,95.43,0,93.74,2.35,5431.34,100.0,Efficient
80.69,1212.43,99.07,1119.64,91.35,290.11,89.65,79.51,94.3,3,71.97,96.47,79.34,91.71,90.33,2,100.0,2.44,4993.73,85.14,Efficient
69.89,1978.14,68.14,1931.27,64.05,684.35,61.56,66.91,66.34,8,57.47,70.66,75.1,72.73,68.37,5,61.8,2.72,6283.15,67.84,Inconsistent
77.23,1953.16,70.14,1973.56,77.68,605.37,92.08,77.04,77.34,2,77.46,72.02,70.69,79.13,70.01,2,77.64,3.01,5678.25,75.7,Inconsistent
46.63,1907.5,33.88,1733.45,33.48,339.86,36.43,27.12,45.38,5,34.36,38.39,42.88,30.34,38.58,3,36.3,5.13,8029.13,32.26,Inconsistent
81.86,2600.26,89.26,2137.21,80.16,551.76,89.79,88.36,84.46,2,81.29,86.04,89.23,100.0,92.34,0,93.61,2.54,5134.23,89.1,Careful
98.06,1207.95,100.0,1286.86,96.04,556.38,88.72,94.45,100.0,0,95.03,94.99,85.71,98.6,88.97,0,100.0,2.51,3850.7,98.94,Efficient
88.78,1121.35,94.48,1085.79,100.0,331.02,87.99,92.19,76.27,3,94.24,79.3,89.81,87.03,85.44,0,74.02,2.36,5679.21,88.29,Efficient
99.34,1159.98,95.92,1059.65,93.47,361.98,88.14,99.67,95.77,2,95.6,100.0,95.3,98.47,100.0,0,100.0,2.28,4374.86,95.85,Efficient
54.41,1094.02,43.9,994.85,43.61,434.46,49.8,37.74,47.23,9,60.87,38.04,47.37,45.35,66.13,6,45.25,4.51,6706.23,50.86,Impulsive
85.86,2241.69,84.22,2121.56,90.72,599.53,100.0,89.26,94.97,0,93.07,96.78,83.22,86.45,86.48,1,93.02,3.02,5698.0,90.41,Careful
100.0,1473.06,100.0,1114.42,100.0,703.57,100.0,100.0,100.0,5,100.0,100.0,100.0,100.0,100.0,1,100.0,2.36,3974.48,99.5,Inconsistent
99.01,1298.26,88.13,1321.97,86.07,359.54,98.4,90.07,94.44,1,87.62,86.74,96.56,95.37,87.42,0,79.87,1.92,5450.76,94.88,Efficient
94.49,1740.57,89.49,1638.59,87.97,526.39,87.57,90.98,89.72,2,83.42,97.68,97.8,100.0,90.58,1,98.59,2.29,4682.98,88.68,Careful
73.9,1198.92,85.62,1451.87,67.79,382.7,89.31,76.1,70.96,1,92.13,78.83,94.63,89.14,72.99,1,78.61,2.89,6445.96,79.7,Efficient
70.11,1777.85,59.05,1779.09,77.42,614.19,75.09,80.91,76.84,7,80.55,83.25,65.08,83.71,73.5,7,81.42,2.56,4725.37,74.38,Inconsistent
97.98,1906.69,94.77,2161.84,95.25,329.61,84.61,99.96,91.92,1,82.99,73.74,91.74,100.0,83.37,0,82.16,2.82,5040.95,89.81,Careful
68.88,1379.9,65.06,1445.35,67.04,523.9,61.41,73.71,67.65,5,70.28,66.87,69.79,69.26,58.17,4,68.95,3.33,5995.46,66.93,Impulsive
28.95,934.52,31.37,1160.39,35.18,496.71,25.58,26.29,23.87,9,22.02,20.0,33.46,21.02,20.56,9,20.0,4.8,6713.1,29.44,Impulsive
97.02,1456.62,94.14,1523.11,85.04,393.78,90.17,100.0,78.09,0,77.69,81.8,88.13,94.14,80.28,0,77.92,2.23,5264.82,91.18,Careful
100.0,1983.14,100.0,1369.69,90.24,556.86,81.74,100.0,99.52,2,95.73,95.29,79.82,98.26,92.35,1,97.06,2.31,4886.92,95.48,Careful
55.61,878.23,70.63,867.24,78.31,313.65,58.79,83.81,67.89,4,69.9,76.31,70.26,56.32,41.18,5,58.13,3.82,6486.66,63.28,Impulsive
57.6,1310.36,59.72,1230.22,55.67,503.95,60.72,50.49,68.16,5,44.46,58.37,57.39,57.93,52.26,9,45.42,3.76,4319.58,56.73,Impulsive
43.29,1393.11,34.62,1088.63,30.83,228.5,47.94,30.8,33.6,5,33.58,40.62,44.68,49.25,48.07,4,39.72,4.09,6587.39,38.11,Impulsive
72.79,1211.32,73.87,1266.19,62.18,662.35,58.56,65.19,70.29,10,57.16,72.11,70.44,65.99,67.94,7,68.03,2.89,4903.1,65.59,Impulsive
86.73,1790.85,82.29,1572.48,87.67,528.78,85.31,88.47,76.49,0,89.41,92.7,87.06,89.3,83.61,0,92.51,2.55,5213.91,86.61,Careful
94.49,1545.71,97.85,1059.3,100.0,414.28,98.28,98.66,99.48,1,92.79,80.89,100.0,100.0,100.0,2,100.0,2.41,4973.47,97.72,Efficient
81.69,1737.9,95.25,1718.11,87.85,338.75,75.73,89.26,78.4,1,83.0,64.99,88.3,76.42,80.12,1,69.24,3.32,5115.52,82.52,Careful
89.05,1436.22,77.48,1130.86,78.23,422.56,88.1,75.93,81.28,5,64.78,78.29,91.19,83.44,87.95,1,89.36,2.36,5249.72,83.23,Efficient
35.97,1238.76,32.21,1033.78,54.35,577.71,38.22,40.52,33.45,12,41.03,50.07,45.16,42.27,30.61,8,40.18,4.64,6613.35,42.62,Impulsive
80.27,943.38,78.88,1306.8,88.54,311.41,64.28,89.83,72.21,1,72.13,79.34,100.0,96.87,89.11,2,86.66,2.64,5972.07,77.79,Efficient
58.68,1983.63,36.0,2274.79,39.79,672.44,45.14,39.16,52.17,7,55.05,40.46,58.12,56.72,47.52,6,50.35,4.02,6366.33,49.34,Inconsistent
89.29,1878.7,66.95,1896.61,69.24,472.23,60.04,68.87,74.24,0,89.76,86.41,79.95,75.55,84.16,3,89.49,2.71,5525.01,81.72,Careful
100.0,1256.53,100.0,1386.98,100.0,448.86,100.0,100.0,100.0,3,100.0,100.0,100.0,100.0,100.0,1,100.0,1.77,3994.19,100.0,Efficient
30.04,1910.92,33.54,2187.23,23.27,732.48,27.94,46.94,35.2,7,51.18,35.29,35.77,41.18,20.0,9,37.9,4.38,6531.62,34.78,Inconsistent
24.14,1033.14,29.16,976.1,33.08,416.05,20.0,35.2,29.52,8,23.03,29.0,26.76,34.11,24.99,9,29.92,5.09,7070.07,28.82,Impulsive
87.24,1908.4,100.0,1772.8,79.58,404.23,87.92,97.09,84.66,1,85.1,95.26,77.15,99.81,100.0,1,100.0,2.4,6156.44,90.21,Careful
89.89,2070.58,95.35,2080.86,100.0,513.16,92.84,94.23,95.79,3,100.0,82.16,100.0,94.8,91.7,2,94.33,2.7,4546.04,95.67,Careful
83.4,1627.07,80.12,1744.66,100.0,478.94,94.94,92.25,92.98,3,91.15,82.64,95.71,90.12,82.0,2,96.77,2.18,5222.12,90.8,Careful
79.53,2017.55,96.02,1917.3,82.38,448.5,89.67,64.2,87.44,0,82.74,80.18,85.48,80.06,67.04,1,92.33,3.34,5556.32,79.36,Careful
89.27,1725.26,85.69,1768.72,88.18,469.65,85.53,90.46,87.22,2,80.68,81.24,85.33,83.64,93.26,0,84.65,3.07,5057.01,86.89,Careful
47.66,1014.7,70.67,1500.06,53.45,371.1,62.78,67.7,49.54,10,57.5,58.7,54.41,63.89,51.13,9,56.97,3.55,6286.63,54.58,Impulsive
72.98,1408.03,80.19,1342.77,82.95,490.52,77.72,67.41,71.58,9,73.23,81.0,82.79,77.94,81.92,5,61.98,3.28,6199.71,76.56,Impulsive
93.7,1512.01,99.22,1852.12,96.47,552.26,99.23,99.35,91.32,2,89.17,93.51,99.49,83.27,93.92,3,95.43,2.75,4991.92,93.02,Careful
100.0,1610.13,100.0,1734.99,91.86,534.13,90.27,100.0,99.14,2,99.09,96.8,100.0,100.0,95.16,0,100.0,2.56,5817.95,96.05,Careful
77.79,1917.08,58.01,2049.3,74.58,639.24,71.31,74.74,78.37,0,80.67,73.32,67.31,66.87,67.51,2,93.83,2.86,5396.61,75.39,Inconsistent
64.47,1977.44,69.0,1988.19,61.65,639.91,62.49,65.06,59.7,5,59.49,60.45,66.5,77.06,54.23,0,66.34,2.9,6664.34,66.72,Inconsistent
92.19,1552.21,96.81,1494.59,80.46,462.91,88.71,92.53,88.8,4,90.99,77.46,92.53,84.21,90.9,4,96.38,2.7,5290.41,91.85,Efficient
81.42,2010.5,73.83,1969.57,70.46,659.48,71.76,80.3,85.07,3,75.08,63.88,100.0,89.43,87.95,2,95.14,3.19,4821.64,80.53,Careful
86.81,1049.75,84.11,1061.92,87.88,277.07,64.96,77.55,88.11,0,85.56,96.28,95.12,83.89,79.47,1,72.86,3.52,6145.77,83.16,Efficient
53.89,1448.73,55.31,1426.29,49.57,366.84,60.72,57.63,46.52,9,44.25,58.34,56.75,49.11,37.19,7,59.63,3.74,5821.28,52.04,Impulsive
76.48,1386.07,76.7,1162.22,68.62,453.94,74.64,78.33,59.97,7,66.83,60.24,64.03,75.04,60.24,5,90.63,3.35,6417.23,67.44,Impulsive
99.83,926.41,91.47,1160.65,94.42,360.55,95.34,84.72,100.0,1,92.06,92.54,88.97,100.0,100.0,0,93.7,1.91,5924.23,96.98,Efficient
95.83,1790.53,97.5,2118.73,78.55,530.9,95.19,86.54,85.61,1,88.26,92.95,79.14,91.88,89.92,3,100.0,3.32,4944.14,88.36,Careful
81.21,1270.17,94.74,1047.72,84.57,303.63,81.75,79.93,81.74,3,85.19,100.0,83.9,71.37,91.97,2,79.02,2.12,4582.22,79.96,Efficient
48.92,918.58,61.87,1007.88,37.57,458.38,54.45,33.15,49.6,7,60.9,52.21,49.66,43.81,48.54,6,46.03,3.6,6818.14,50.44,Impulsive
84.25,1472.83,80.6,1340.37,71.72,489.19,100.0,79.55,83.02,2,96.45,89.18,86.65,90.74,86.69,0,87.24,3.17,5030.86,86.12,Efficient
80.65,1536.21,77.5,1318.35,95.19,475.9,92.77,80.83,92.75,1,89.89,84.82,77.61,90.15,100.0,0,87.55,2.35,5375.33,90.35,Efficient
79.68,1525.4,93.56,1818.69,77.97,467.92,95.72,93.15,88.53,1,86.75,79.23,92.46,83.57,93.75,0,100.0,2.35,5011.15,91.72,Careful
92.45,957.51,82.69,1412.52,83.47,285.19,76.05,93.86,86.77,5,78.58,95.27,87.88,82.31,95.39,0,85.12,1.79,6262.65,86.34,Efficient
83.76,860.11,80.02,1200.2,97.55,339.73,75.33,88.61,88.37,2,88.38,94.08,85.79,93.98,100.0,0,87.39,2.75,4978.32,90.63,Efficient
44.26,975.39,40.87,1178.42,28.22,559.65,32.99,49.95,41.99,7,28.03,44.3,37.01,34.49,32.32,5,50.48,3.76,7915.25,35.35,Inconsistent
75.18,1948.13,80.86,1946.34,72.31,412.65,67.57,78.6,90.05,2,81.05,82.78,64.31,84.86,82.1,3,75.37,2.75,5007.39,78.17,Careful
85.19,874.24,99.64,1057.39,93.12,353.44,88.12,92.72,89.95,3,91.23,86.72,82.77,85.7,74.91,0,95.96,2.64,5569.14,89.27,Efficient
78.61,1401.51,80.8,648.25,82.74,374.74,73.71,79.2,76.45,1,71.35,74.53,71.87,77.71,84.53,2,82.16,3.15,5460.28,78.61,Efficient
77.84,1659.43,87.98,1465.77,93.69,417.86,100.0,86.74,85.49,6,96.48,80.2,85.68,87.62,87.01,0,99.09,1.94,4479.56,89.3,Careful
86.87,889.42,94.7,1105.42,83.78,359.84,89.93,77.36,82.09,1,81.83,84.36,89.49,70.01,74.65,0,77.4,3.36,5670.83,82.53,Efficient
88.98,1851.87,90.15,1883.04,100.0,558.31,95.75,88.21,95.96,4,97.46,92.67,87.96,87.44,81.99,1,92.22,2.52,5136.04,94.66,Careful
62.81,1583.71,67.73,1496.89,56.58,511.71,59.46,57.9,50.85,4,57.78,43.04,59.22,39.16,48.3,3,63.92,3.97,6197.84,50.77,Inconsistent
92.58,845.57,86.76,1158.77,83.11,448.92,100.0,100.0,100.0,0,96.2,88.87,90.43,94.24,87.63,1,100.0,2.79,6011.28,89.87,Efficient
100.0,1147.19,86.78,939.9,96.4,134.78,79.61,100.0,90.55,1,90.41,83.35,94.0,92.15,100.0,0,100.0,2.68,4871.48,93.25,Efficient
52.83,1104.12,47.99,1232.0,53.74,255.79,47.74,59.15,49.67,8,62.26,47.12,52.04,51.57,67.17,9,59.54,3.94,6282.98,55.45,Impulsive
89.39,1666.59,98.11,1245.58,98.26,366.12,93.06,100.0,100.0,2,95.02,97.57,91.95,100.0,86.02,0,100.0,2.6,4676.15,99.61,Efficient
55.46,2114.03,53.39,2385.83,57.01,739.89,54.33,30.85,41.51,5,34.64,59.16,53.34,49.81,42.07,4,42.52,4.22,7102.69,50.82,Inconsistent
85.63,1421.86,87.81,1204.31,93.64,333.88,86.94,76.61,84.71,0,92.92,100.0,100.0,95.19,93.38,1,99.31,1.95,5172.81,91.86,Efficient
49.03,1197.01,60.56,1221.66,51.27,431.67,58.82,46.95,55.36,11,50.73,55.89,56.56,41.29,49.4,6,57.44,3.55,6388.6,55.7,Impulsive
64.94,1981.78,76.1,2301.56,73.12,700.57,75.49,72.55,77.39,5,91.95,73.97,78.89,92.52,72.16,4,92.89,2.83,5497.03,80.26,Inconsistent
100.0,1680.04,96.78,1807.84,89.03,509.16,100.0,90.43,89.15,2,100.0,100.0,100.0,100.0,97.28,0,97.25,1.8,5351.09,94.94,Careful
64.13,1821.59,84.84,1553.55,75.09,531.0,66.25,74.87,78.72,0,75.87,64.12,91.62,84.56,73.85,1,73.88,2.48,5064.57,79.71,Careful
100.0,1424.81,87.53,1371.86,74.16,470.85,91.82,95.71,90.73,0,85.26,79.34,79.53,85.16,83.74,0,81.65,2.7,5587.34,86.88,Efficient
75.47,1178.8,88.83,1121.29,83.08,280.82,69.03,77.51,84.81,3,81.64,79.43,66.91,95.84,83.11,3,93.39,3.41,7083.13,82.64,Efficient
100.0,2052.14,77.34,2184.5,94.57,390.05,90.58,84.41,93.02,1,82.97,82.06,81.48,91.31,85.86,1,82.85,3.04,4975.87,91.97,Careful
90.34,1929.8,83.77,1650.35,100.0,630.68,81.87,80.55,86.73,0,75.78,95.46,78.19,79.06,92.42,0,88.01,2.78,5173.1,86.01,Careful
95.23,1424.08,83.98,1414.73,90.55,432.73,100.0,88.92,94.61,0,88.18,87.07,68.24,86.19,85.14,0,94.11,2.13,4534.38,88.45,Efficient
89.43,1741.52,92.71,1901.77,92.19,399.64,82.1,91.5,92.14,0,100.0,100.0,83.95,88.48,79.07,0,85.46,2.45,4503.04,88.65,Careful
92.84,1293.24,90.48,1364.6,80.05,228.22,82.88,76.16,87.54,3,85.49,84.66,91.12,83.63,86.16,2,84.51,2.85,5300.95,86.87,Efficient
61.09,787.85,67.58,1038.09,49.8,429.34,56.71,59.05,65.06,10,55.22,53.83,56.08,63.28,58.98,8,46.47,4.23,6244.46,59.17,Impulsive
97.47,1513.84,100.0,1289.97,92.96,329.66,88.8,98.69,99.37,3,95.81,100.0,93.32,95.95,97.93,3,97.52,2.8,5348.48,93.0,Efficient
89.0,1164.86,79.11,980.19,96.98,539.54,94.65,100.0,89.46,9,89.59,92.08,97.86,78.96,96.61,8,90.54,2.88,5858.38,90.45,Inconsistent
95.66,2104.92,97.41,1603.65,73.27,416.65,95.14,99.56,91.43,3,87.51,80.62,80.05,92.75,89.64,0,89.28,2.53,5082.63,91.34,Careful
81.62,1952.73,89.64,2047.88,86.63,410.89,83.04,84.56,87.4,0,82.18,88.38,86.1,83.44,100.0,0,92.06,2.11,5518.78,85.78,Careful
100.0,1784.56,88.63,1692.16,84.05,323.55,100.0,75.07,91.74,2,92.06,91.75,80.25,83.18,100.0,2,100.0,1.37,3603.04,91.46,Careful
100.0,1590.48,91.98,1132.35,100.0,556.05,93.18,100.0,92.62,2,100.0,100.0,100.0,91.86,86.55,0,100.0,1.68,5062.39,96.5,Efficient
89.47,1188.46,77.07,1226.67,100.0,252.42,81.91,100.0,89.76,1,100.0,99.55,98.91,91.59,81.66,0,89.58,2.46,5176.31,89.11,Efficient
41.26,2219.34,51.39,2137.46,46.23,678.75,60.63,38.17,40.86,5,44.79,39.44,43.34,28.21,40.59,4,51.45,3.78,6319.6,44.34,Inconsistent
98.25,975.45,90.73,1317.49,79.09,329.65,82.97,72.23,94.55,0,94.78,91.62,90.01,100.0,93.37,1,86.0,2.75,4935.69,88.99,Efficient
36.54,1251.14,38.12,1439.58,50.64,533.33,50.57,37.98,44.86,8,41.66,52.08,43.34,40.2,54.61,7,33.49,3.81,7721.5,40.45,Impulsive
73.37,1432.65,71.54,1826.54,74.67,610.57,63.48,86.52,62.6,4,70.03,66.83,66.53,65.49,62.95,4,79.82,3.23,5176.89,67.48,Inconsistent
100.0,1420.93,89.44,1147.86,98.31,229.12,94.42,100.0,100.0,1,98.1,99.51,100.0,100.0,92.36,1,90.99,1.64,4876.13,98.77,Efficient
86.85,942.24,92.98,926.49,95.61,281.59,77.29,100.0,100.0,3,97.28,96.15,94.42,87.12,88.82,0,98.39,2.56,5124.86,90.55,Efficient
65.95,1357.27,63.45,1592.23,64.9,544.34,63.91,60.32,47.49,5,74.9,68.24,53.73,69.39,62.02,7,61.83,3.38,5683.46,64.4,Inconsistent
45.51,1231.36,64.0,1409.56,41.23,445.4,49.31,44.31,37.86,9,58.24,46.47,39.27,48.71,53.78,7,37.88,3.62,6618.24,45.78,Impulsive
49.22,2260.22,54.3,2286.87,55.44,742.17,47.3,60.54,50.45,4,55.22,42.57,60.63,48.43,61.07,5,60.68,4.09,5634.39,53.42,Inconsistent
91.27,1684.84,100.0,1874.81,82.73,311.93,97.68,100.0,98.01,2,82.95,90.78,94.85,95.98,93.36,1,100.0,3.87,5715.86,94.6,Careful
72.24,1754.11,74.8,2044.69,81.31,771.04,68.43,61.24,64.17,5,63.64,61.29,67.61,67.99,55.16,3,74.34,4.17,5754.13,63.38,Inconsistent
80.84,1190.17,84.17,1662.28,99.71,206.59,95.23,73.67,94.91,1,97.59,77.41,66.63,86.22,95.78,1,100.0,3.17,6033.53,91.01,Efficient
70.89,1761.76,70.2,1908.66,67.3,867.97,74.23,65.42,67.39,3,63.21,74.7,69.38,62.59,55.14,3,76.99,2.94,6627.9,68.07,Inconsistent
69.72,1976.4,73.43,2217.92,66.62,549.1,84.87,67.1,81.71,0,94.64,94.91,67.07,83.91,73.61,1,70.78,1.89,5162.8,74.79,Careful
84.79,1859.88,74.83,1980.77,76.29,750.42,65.27,79.42,89.0,6,81.39,81.84,84.84,74.59,82.81,3,90.62,2.72,6307.77,81.79,Inconsistent
88.0,1945.67,79.29,1340.64,85.78,558.34,100.0,94.22,81.91,2,100.0,91.29,94.82,92.1,91.53,2,70.2,2.71,5857.76,88.06,Careful
39.37,2077.65,33.08,1997.65,41.95,711.63,47.35,35.27,37.84,7,34.32,34.97,37.34,49.61,43.31,6,43.41,3.3,8743.92,40.76,Inconsistent
48.23,1174.11,40.34,1075.32,57.48,369.98,53.63,60.72,39.51,10,64.49,36.7,39.69,44.31,59.74,8,51.31,4.65,6743.22,42.74,Impulsive
90.28,675.66,85.29,1190.09,89.92,256.86,98.05,83.45,88.67,2,98.73,89.06,97.19,87.72,96.54,1,87.29,2.75,5131.64,92.04,Efficient
97.77,1169.33,100.0,1206.25,100.0,452.24,98.75,96.76,100.0,3,100.0,87.08,88.07,100.0,93.88,0,100.0,2.72,4504.96,98.88,Efficient
91.33,2161.64,75.15,2148.19,77.34,400.49,87.45,84.34,80.85,0,74.13,86.83,89.59,88.3,84.57,0,74.86,2.65,4322.37,80.95,Careful
98.91,1221.12,100.0,1287.11,85.2,313.85,98.1,100.0,100.0,1,94.54,100.0,100.0,100.0,100.0,0,98.86,2.06,4837.8,98.92,Efficient
69.72,965.72,57.05,891.53,69.45,479.81,72.62,72.5,74.31,10,59.52,60.37,62.59,55.39,68.62,7,70.39,2.54,5649.09,66.43,Impulsive
25.59,1509.26,27.6,1381.59,34.77,420.72,20.0,34.43,30.74,4,26.74,27.08,29.32,42.1,31.61,5,20.34,5.07,8102.37,26.42,Inconsistent
88.04,1726.63,98.76,2150.54,90.69,477.65,86.5,79.01,87.11,1,92.07,92.98,91.44,81.88,92.02,2,79.74,2.41,5602.03,89.5,Careful
41.83,1214.3,39.92,1124.58,49.11,363.07,37.39,23.53,33.18,9,43.15,38.6,33.4,58.96,49.92,7,42.77,3.43,6981.0,42.31,Impulsive
79.74,2323.9,90.63,2196.95,70.06,716.99,81.14,76.97,91.58,5,88.44,83.28,89.12,70.82,97.59,4,73.8,2.85,5019.02,83.22,Inconsistent
100.0,1176.81,87.84,1103.27,87.06,407.09,89.37,93.39,83.54,3,99.05,91.88,100.0,76.25,100.0,2,100.0,2.75,6026.75,93.92,Efficient
92.76,1726.59,95.64,1299.52,93.26,369.89,89.93,99.58,88.48,1,94.2,100.0,97.86,91.96,77.82,1,89.13,2.25,5558.8,93.15,Efficient
29.42,1642.4,41.31,1017.98,37.57,717.86,31.7,37.7,25.78,0,33.0,33.92,28.99,36.23,26.5,2,37.33,4.71,7206.16,29.43,Inconsistent
72.65,1434.08,73.13,1508.37,66.18,296.74,75.44,78.89,88.43,1,80.79,79.28,84.96,79.02,100.0,0,77.25,2.91,5641.58,78.99,Efficient
57.25,1116.1,63.74,1325.45,59.96,493.63,53.53,69.54,60.16,5,50.98,71.59,45.36,42.36,50.76,5,47.31,2.86,5510.7,55.21,Impulsive
100.0,1102.79,96.75,1365.33,100.0,461.72,100.0,90.82,96.8,0,96.1,97.69,100.0,100.0,93.98,0,100.0,2.13,4931.43,99.62,Efficient
94.61,1490.64,81.88,1578.21,89.49,356.92,92.6,90.08,87.47,0,85.05,85.74,83.59,91.66,100.0,2,92.23,3.03,6356.46,87.17,Efficient
76.37,1207.1,71.33,904.99,87.11,442.07,71.86,85.57,82.55,3,78.76,90.86,77.18,80.0,70.25,2,58.01,3.06,5197.32,73.37,Efficient
76.05,1890.89,78.54,1631.82,79.56,529.23,84.28,71.11,79.17,2,75.52,85.35,84.35,73.69,85.87,0,81.46,3.61,5849.77,83.67,Careful
80.9,2251.21,87.06,1968.75,96.91,497.36,85.36,84.12,95.69,1,86.26,97.55,92.14,85.97,92.55,1,91.59,2.21,5893.02,90.81,Careful
82.3,1113.3,73.31,1037.99,69.97,298.18,82.47,90.74,80.97,2,95.83,82.76,82.8,82.09,92.26,1,75.78,3.22,5378.25,83.31,Efficient
92.16,2125.87,90.3,1662.38,81.13,357.73,93.44,77.96,84.44,2,81.18,90.62,80.77,90.68,89.36,0,81.23,3.32,5469.2,82.73,Careful
87.21,1256.96,90.37,1454.49,86.05,264.51,81.57,97.33,100.0,2,99.73,93.87,86.08,88.92,99.67,1,70.68,1.97,5191.09,88.81,Efficient
80.99,1501.37,88.69,1471.14,73.36,526.85,75.2,77.85,86.58,10,71.52,70.67,80.26,84.11,72.74,10,84.4,3.3,5721.82,84.47,Inconsistent
55.23,1964.73,54.78,1694.12,48.7,528.47,62.66,66.79,58.46,7,59.15,76.37,68.6,71.89,43.17,4,66.03,3.34,5770.78,61.11,Inconsistent
57.89,661.89,38.48,1273.83,58.9,572.38,41.2,55.5,58.71,10,59.03,38.82,48.35,57.67,57.44,9,54.41,4.31,7219.34,53.67,Impulsive
84.1,1309.68,83.89,1141.52,73.7,397.36,85.54,84.45,87.53,1,74.7,84.27,95.25,100.0,94.44,0,73.6,2.66,5819.2,85.46,Efficient
100.0,1351.54,100.0,1583.58,100.0,448.29,97.25,96.86,96.85,0,98.64,97.25,88.75,78.14,100.0,0,90.37,2.73,5222.52,94.51,Efficient
60.94,1620.83,74.99,1163.73,70.98,542.02,63.93,72.67,74.91,7,66.41,61.2,61.57,56.04,65.85,5,72.51,2.84,5191.79,71.86,Inconsistent
76.88,1083.96,92.96,1069.9,90.35,413.22,82.51,83.71,83.74,3,82.81,86.49,85.04,80.62,72.68,2,81.8,2.92,5749.4,81.87,Efficient
27.52,1238.67,35.06,1614.04,47.81,466.37,23.32,43.53,35.29,10,30.68,41.94,49.67,51.17,41.45,6,38.55,4.02,8050.46,38.29,Impulsive
86.85,1049.24,83.7,891.05,91.43,246.07,93.91,89.5,85.32,1,74.7,86.31,85.16,88.58,87.63,3,100.0,2.23,4577.7,88.57,Efficient
48.5,1551.9,35.86,1418.14,58.08,383.05,53.22,38.82,47.69,8,43.55,55.3,46.91,49.3,48.37,8,36.56,4.12,7510.29,54.11,Impulsive
92.74,1433.56,87.82,1040.09,81.85,377.94,89.06,73.48,79.7,0,81.29,91.02,87.98,89.01,84.51,1,77.64,2.48,6078.74,88.19,Efficient
92.3,663.74,100.0,1169.15,100.0,354.72,95.46,91.59,95.45,1,100.0,87.64,89.31,94.64,100.0,0,100.0,2.6,5024.02,94.58,Efficient
35.71,1796.86,37.19,1808.2,47.62,758.38,48.85,44.57,42.18,4,43.91,30.82,43.69,54.73,32.31,3,35.82,4.43,6589.43,43.21,Inconsistent
68.29,915.11,64.67,1381.7,73.79,503.6,64.04,65.49,68.33,9,60.6,75.37,72.73,72.47,59.08,7,81.21,3.63,6196.82,68.9,Impulsive
91.06,1645.93,100.0,2091.15,87.09,546.95,89.51,85.17,92.53,1,87.1,88.27,83.7,85.63,80.43,1,96.52,2.83,4743.53,89.0,Careful
85.62,1114.13,90.78,1056.74,82.92,463.69,67.77,76.6,93.99,0,80.58,91.66,81.59,93.8,88.09,0,74.23,2.59,5462.95,83.76,Efficient
93.87,1456.9,85.33,1549.19,96.03,468.77,89.5,86.07,81.39,4,90.82,86.66,95.63,82.69,93.34,1,100.0,2.87,5218.6,88.05,Efficient
89.65,1646.15,86.98,1059.15,79.13,409.95,82.68,98.62,88.77,5,79.48,90.0,86.39,100.0,89.84,1,84.13,2.01,4995.19,91.4,Efficient
66.86,1206.94,62.48,1262.38,69.15,423.11,43.19,55.7,53.04,11,59.19,53.67,56.91,73.3,56.88,10,61.96,4.62,6325.76,61.7,Impulsive
76.3,1605.12,87.56,1315.78,66.8,365.04,76.67,88.91,85.88,1,80.48,90.15,84.72,83.2,87.44,1,86.29,3.55,5822.15,80.51,Efficient
84.98,2065.85,76.99,1925.16,78.52,551.17,77.45,78.39,78.05,1,85.06,81.84,83.47,100.0,81.84,1,88.53,2.5,5174.11,82.86,Careful
50.26,1378.13,56.61,1382.94,69.13,503.59,32.95,40.72,42.93,10,39.82,38.01,44.23,36.89,49.31,11,47.09,4.41,5507.2,44.45,Impulsive
62.86,1319.73,75.6,837.72,63.88,413.12,54.46,68.41,55.16,11,63.07,77.18,54.58,63.31,75.26,8,68.05,3.63,6682.93,66.55,Impulsive
75.03,1899.41,77.66,2149.72,83.04,628.77,82.79,76.19,85.12,0,76.35,81.79,72.83,90.42,81.88,2,87.82,2.24,5659.37,85.49,Careful
100.0,1901.16,100.0,1685.91,100.0,428.55,100.0,100.0,100.0,0,98.22,94.81,100.0,100.0,100.0,0,95.94,2.68,4075.04,97.04,Careful
20.0,1330.14,20.0,1345.12,20.0,583.23,20.0,20.0,20.0,5,20.0,20.0,20.0,20.0,20.0,5,20.0,5.62,7689.77,17.65,Inconsistent
82.97,2197.7,71.52,2073.9,64.53,751.26,66.91,74.77,80.56,10,77.67,75.42,86.36,77.43,79.66,8,100.0,3.3,6088.85,81.61,Inconsistent
91.74,1640.07,91.88,1467.81,82.05,334.7,71.78,74.76,77.26,0,82.83,94.29,94.26,79.28,65.3,0,72.69,2.28,6808.17,86.08,Efficient
83.75,1252.62,74.73,1121.1,83.94,267.41,87.18,85.71,86.51,0,94.39,90.59,83.66,73.72,78.29,0,81.12,2.74,4584.05,80.83,Efficient
44.48,885.82,55.71,1047.42,42.45,616.3,53.45,40.85,41.26,8,51.13,38.86,52.44,48.67,38.87,8,45.21,4.23,6672.82,45.54,Impulsive
88.7,1115.52,83.03,1262.26,82.02,358.63,77.45,84.9,84.72,0,84.4,74.71,88.6,81.48,74.74,0,82.88,1.96,5878.77,85.98,Efficient
64.49,1582.34,71.14,1365.05,48.86,574.97,59.79,55.78,57.42,1,61.43,48.64,50.12,56.57,57.82,1,48.85,3.68,5760.33,53.97,Inconsistent
99.72,898.88,100.0,745.32,100.0,287.8,97.48,96.61,96.74,4,99.62,100.0,100.0,100.0,95.61,1,99.16,2.1,5052.82,100.0,Efficient
90.39,1229.52,85.31,1127.88,82.0,407.87,80.28,100.0,86.2,0,85.79,93.39,79.67,95.48,86.12,0,73.95,2.82,5317.91,89.45,Efficient
97.74,1331.82,100.0,1296.87,96.22,312.08,85.71,99.48,96.99,2,84.48,93.86,99.22,100.0,87.51,1,100.0,2.26,5176.03,95.55,Efficient
32.61,1765.62,36.39,1640.63,34.16,687.61,43.26,42.67,36.39,10,55.06,40.89,36.57,30.44,33.05,10,29.0,4.67,7186.58,39.18,Inconsistent
43.55,1037.5,47.68,945.66,55.96,411.34,45.58,50.41,51.35,10,65.5,55.66,41.3,30.75,49.49,9,41.94,3.98,6056.83,49.67,Impulsive
80.48,1947.98,76.75,2148.8,97.75,508.28,83.63,80.93,86.65,2,76.98,79.01,91.07,76.62,74.1,0,81.53,2.82,4757.79,84.61,Careful
89.84,1615.66,82.45,1228.4,89.67,285.56,100.0,75.89,94.06,1,93.83,86.52,88.69,90.21,79.55,2,72.67,2.51,4857.48,89.63,Efficient
71.88,1330.95,86.31,1349.13,76.3,443.45,91.07,77.48,78.02,0,68.89,84.94,85.74,89.33,87.05,0,85.42,2.11,5800.51,85.13,Efficient
76.87,2287.16,81.85,2069.51,100.0,475.18,82.69,80.83,81.19,2,87.1,86.11,73.72,78.46,76.41,0,79.21,2.13,6611.85,81.86,Careful
100.0,1472.19,88.3,1500.01,80.09,452.4,99.65,96.39,100.0,0,95.46,100.0,91.47,100.0,88.78,1,97.41,2.31,4780.34,93.91,Efficient
86.41,1627.81,97.8,1519.97,93.67,322.7,85.24,93.49,90.38,3,75.49,88.92,79.63,93.68,88.49,4,97.52,3.38,4357.12,86.17,Careful
84.9,1591.99,94.49,1751.34,92.58,631.3,82.27,97.79,90.9,0,93.94,80.71,100.0,92.9,100.0,2,83.56,2.35,5573.04,92.03,Careful
78.53,1062.36,85.55,769.25,86.26,397.52,86.71,78.96,87.63,1,80.73,93.71,97.66,77.48,84.46,2,92.73,2.41,5891.59,84.32,Efficient
96.22,1890.82,97.9,1283.93,89.41,417.36,91.52,94.58,100.0,0,91.87,100.0,100.0,92.6,100.0,0,89.75,2.98,4459.45,92.62,Careful
38.31,1106.63,25.55,1102.92,26.01,534.69,22.43,30.83,30.28,8,22.33,37.78,52.1,40.0,29.6,4,29.38,4.75,8154.04,30.8,Impulsive
70.98,1713.66,70.51,1815.45,82.69,378.59,72.27,61.93,80.83,2,71.53,83.55,76.89,76.51,78.92,0,68.26,2.34,5359.71,75.09,Careful
57.95,983.47,61.53,1144.6,59.98,445.21,64.04,50.2,61.58,8,53.26,58.05,72.87,48.02,56.97,8,47.73,3.92,6595.42,59.47,Impulsive
67.2,680.71,53.51,1348.5,57.29,433.72,38.5,48.11,59.36,5,55.21,20.0,57.38,67.33,36.02,8,65.66,4.54,6656.58,55.51,Impulsive
84.09,1428.62,84.64,1368.29,89.4,488.51,85.0,76.02,93.52,6,83.32,100.0,88.98,96.69,91.6,1,98.39,3.06,5266.73,90.58,Efficient
92.1,1174.37,81.77,1379.84,88.33,412.07,93.38,100.0,90.66,1,99.78,89.3,81.92,100.0,88.48,4,97.92,2.79,4953.68,95.65,Efficient
93.94,1290.94,92.02,1280.71,100.0,523.34,100.0,79.99,85.51,4,73.31,71.52,89.54,79.09,100.0,0,99.05,2.22,5025.96,90.39,Efficient
95.39,1733.66,92.64,1871.32,100.0,572.55,77.0,85.84,85.43,2,93.2,77.44,92.87,75.98,93.51,0,97.92,2.79,5748.87,89.78,Careful
100.0,1808.23,98.05,1683.58,94.27,302.37,83.12,100.0,90.23,1,100.0,86.94,100.0,100.0,100.0,0,100.0,3.24,4094.01,98.79,Careful
82.0,1995.74,82.9,2055.64,79.68,612.85,83.15,83.23,73.27,1,83.48,85.64,68.39,92.87,71.28,0,70.92,2.82,5360.47,80.03,Careful
78.47,1698.39,95.51,2035.23,74.79,468.52,80.29,81.2,83.3,1,88.72,84.61,88.68,80.55,86.76,1,84.47,2.68,5314.16,88.17,Careful
90.48,1244.94,84.59,1470.81,93.97,404.24,86.41,86.64,78.69,2,83.78,94.69,98.5,85.8,94.26,0,100.0,2.75,5194.93,90.3,Efficient
55.72,1346.01,65.46,915.4,73.01,421.54,57.67,54.75,51.62,11,62.48,70.36,70.76,71.55,63.85,6,61.34,3.75,6407.7,62.88,Impulsive
87.69,1464.33,84.27,1596.74,90.87,538.34,96.84,78.18,87.68,6,88.68,87.66,80.53,80.7,79.33,4,78.57,2.9,4896.54,85.51,Inconsistent
100.0,1431.62,85.74,1262.43,100.0,337.93,92.46,100.0,95.37,0,89.1,100.0,100.0,97.5,97.12,2,100.0,2.64,5260.22,93.41,Efficient
50.48,1331.67,40.28,1284.68,52.46,538.03,54.38,46.38,48.12,11,40.96,55.14,47.79,54.9,47.33,10,53.75,3.92,6131.18,49.95,Impulsive
100.0,1016.52,99.89,749.58,94.14,221.41,92.57,92.34,97.93,2,100.0,86.65,94.38,99.67,100.0,2,97.74,2.5,4280.56,96.31,Efficient
52.48,1564.46,57.19,1654.56,54.12,442.15,71.79,72.25,56.67,3,56.9,53.4,65.24,53.76,53.02,4,65.2,3.82,7347.87,56.18,Inconsistent
43.52,1061.25,44.81,1478.21,40.12,518.32,40.17,38.61,48.7,7,58.14,63.02,52.29,44.76,52.79,8,47.95,4.45,6217.71,47.65,Impulsive
55.74,914.62,46.98,1042.16,45.23,352.14,40.23,57.73,53.46,6,47.24,38.83,57.31,52.45,48.13,7,45.17,4.4,6431.31,49.58,Impulsive
93.22,2076.43,99.63,1797.69,95.53,495.87,88.59,88.2,96.25,2,97.85,91.91,85.36,100.0,100.0,3,76.53,2.83,5135.2,90.01,Careful
98.44,1213.11,100.0,993.22,100.0,347.06,93.53,100.0,100.0,2,100.0,96.17,94.41,84.72,100.0,2,100.0,2.5,3598.99,96.62,Efficient
89.92,1821.73,84.64,1344.73,96.37,535.55,84.95,83.51,98.52,2,94.23,89.51,96.52,91.46,94.45,3,84.04,2.9,5760.69,89.02,Efficient
59.21,1666.26,43.29,1714.56,62.47,634.97,58.65,58.97,64.42,4,43.03,42.86,60.85,58.6,60.02,1,54.5,3.86,6973.41,57.59,Inconsistent
52.18,1862.43,58.94,2240.39,47.07,738.05,47.03,57.66,47.68,3,60.53,54.58,40.07,55.57,41.21,1,60.94,3.42,5679.76,56.57,Inconsistent
68.13,1675.73,85.63,2034.59,84.3,533.71,73.49,83.91,83.87,2,59.17,83.36,77.73,58.11,86.36,0,78.93,2.78,5111.75,76.54,Careful
88.56,1016.71,76.37,1635.73,85.15,157.89,93.97,87.99,80.55,0,90.61,82.02,93.59,90.9,84.05,2,80.08,3.01,5529.61,80.57,Efficient
53.27,1869.79,60.65,1587.65,59.7,542.98,65.41,62.92,55.2,1,46.92,64.18,66.82,76.75,64.87,3,51.29,3.93,7810.48,67.52,Inconsistent
89.85,996.58,98.9,1033.6,92.54,377.32,81.58,100.0,88.29,2,86.4,67.41,95.12,90.85,90.84,1,86.42,2.96,5130.4,88.27,Efficient
84.99,1767.2,75.99,1852.15,99.64,521.77,99.74,89.7,97.25,1,89.12,79.22,76.0,75.92,86.53,0,82.3,2.54,5917.57,86.65,Careful
82.95,1088.5,77.6,1330.78,99.39,258.19,87.46,91.91,99.6,2,95.66,83.54,100.0,90.7,92.53,4,86.62,2.85,5085.47,87.87,Efficient
67.89,1433.22,63.69,1319.54,69.16,659.6,65.61,56.14,77.17,4,68.44,66.92,60.73,65.76,62.66,4,58.82,3.24,5947.85,64.01,Inconsistent
86.21,1377.65,86.78,1174.25,100.0,590.28,87.8,79.79,88.95,4,91.42,79.06,92.52,98.98,90.41,1,82.13,3.34,5351.72,84.6,Inconsistent
83.26,1906.43,85.63,2043.67,72.16,628.92,87.95,84.87,84.46,0,82.13,81.04,83.63,83.96,73.76,1,97.38,1.89,4283.0,83.07,Careful
87.75,1264.49,84.75,1748.69,83.78,431.41,89.46,70.76,79.34,2,96.58,91.33,84.37,97.95,85.04,2,84.94,1.83,4786.43,87.36,Efficient
82.28,2186.52,81.63,1578.54,67.46,558.9,65.05,74.38,67.26,0,73.26,75.76,77.64,77.92,68.95,2,75.84,3.28,6316.57,71.97,Careful
76.66,1627.89,88.07,1256.51,95.81,456.53,76.13,68.06,77.23,2,80.19,78.21,83.52,96.33,64.93,3,74.07,3.7,5879.69,76.09,Efficient
74.2,2741.09,70.89,2921.74,50.7,846.37,86.23,86.63,75.31,6,81.76,71.12,77.2,77.82,70.6,5,63.67,3.41,4310.61,72.61,Inconsistent
49.68,1110.27,60.22,945.02,38.47,400.63,41.03,63.44,54.18,8,36.38,55.13,39.86,62.98,59.93,8,71.45,3.31,6392.01,50.22,Impulsive
99.1,1406.25,100.0,1458.9,88.58,371.63,100.0,98.97,93.84,2,91.79,100.0,95.26,91.97,96.48,1,100.0,3.15,4481.33,99.46,Efficient
83.07,1156.28,86.2,1286.26,88.81,243.28,78.51,92.37,86.96,0,71.44,70.91,86.48,84.81,85.75,0,86.33,2.76,6109.22,82.79,Efficient
57.61,1453.74,54.32,1041.1,59.98,509.5,67.24,50.95,51.76,8,49.44,67.38,62.39,71.0,55.05,9,48.2,3.85,5183.84,62.06,Impulsive
53.94,2248.54,51.08,1881.63,58.16,794.5,50.22,52.38,49.55,8,53.02,56.73,52.23,52.5,56.33,6,64.02,2.77,6445.54,57.56,Inconsistent
88.56,1271.45,91.68,1532.64,92.51,401.33,81.19,98.83,89.71,2,92.69,97.97,98.78,83.55,96.37,2,100.0,2.15,4464.54,95.06,Efficient
79.29,1739.75,87.59,1812.68,94.76,637.85,79.21,99.01,84.66,1,83.57,77.69,100.0,83.29,73.84,1,100.0,2.68,5860.12,86.43,Careful
73.3,1634.07,64.74,1415.58,81.61,624.05,69.87,82.82,61.68,3,75.27,62.91,64.96,77.28,68.21,4,93.41,3.07,6014.36,73.3,Inconsistent
61.9,1211.99,59.19,1037.94,62.05,490.15,73.21,54.56,46.77,10,49.12,49.71,50.84,51.12,57.7,10,60.12,4.29,5977.52,59.57,Impulsive
100.0,1557.31,100.0,1478.71,97.91,492.46,100.0,100.0,95.42,2,98.6,100.0,100.0,95.78,100.0,3,100.0,2.27,5143.87,100.0,Inconsistent
82.67,1532.19,89.94,1507.33,97.19,319.0,74.21,75.58,85.28,0,93.91,88.73,94.62,72.45,88.83,1,60.55,3.26,5731.32,89.01,Efficient
71.89,1114.44,84.89,1518.95,72.18,485.24,55.77,78.95,69.49,3,69.14,60.53,85.13,67.98,84.75,1,68.27,2.93,6017.23,69.46,Inconsistent
79.67,1022.13,100.0,1489.54,86.67,542.55,99.08,78.53,85.07,0,96.78,90.54,95.66,91.25,89.69,0,85.23,2.37,5273.39,88.85,Efficient
80.12,1338.39,84.49,1095.14,88.74,367.77,99.57,82.86,83.63,3,96.09,79.48,73.28,85.88,92.48,0,87.12,2.69,5224.85,84.27,Efficient
93.37,1391.82,93.16,1542.57,100.0,365.2,100.0,95.39,100.0,3,100.0,84.85,98.03,97.03,100.0,1,100.0,2.77,5535.77,98.77,Efficient
89.68,1771.9,87.28,1780.92,89.3,623.05,96.69,88.3,89.48,1,97.47,92.01,86.78,93.44,99.46,0,100.0,2.23,4811.49,91.43,Careful
96.02,2081.88,95.55,1396.54,97.88,608.82,95.69,92.36,91.78,0,83.78,98.67,91.71,100.0,99.28,2,86.32,2.75,5799.46,93.31,Careful
100.0,1170.47,100.0,833.23,92.01,419.41,97.65,100.0,93.51,4,92.77,88.85,74.99,94.43,88.19,2,84.19,2.53,4195.99,94.75,Efficient
36.76,905.84,47.06,1217.77,35.23,501.76,27.67,50.03,48.84,10,50.25,38.12,40.54,47.88,45.01,10,38.33,4.68,7265.08,44.58,Impulsive
77.29,1995.75,80.85,1673.94,68.38,442.8,69.23,76.4,80.31,0,65.56,73.3,72.93,78.23,74.82,0,69.97,3.24,6034.71,75.93,Careful
80.36,1651.6,80.6,1424.91,97.23,337.14,98.46,90.14,89.6,3,90.39,94.77,74.72,96.96,93.49,0,95.46,2.78,4418.18,89.73,Careful
56.77,1116.19,43.83,1319.95,48.25,536.5,51.3,62.77,48.54,7,55.4,40.27,51.26,48.93,62.85,7,45.97,3.67,6548.85,50.89,Inconsistent
89.15,1606.95,87.06,1565.76,100.0,452.27,92.87,83.96,85.55,2,82.18,97.21,86.8,90.74,89.21,1,96.3,2.28,5638.08,88.14,Careful
45.35,915.46,55.85,1097.8,27.04,310.57,58.86,52.23,46.23,9,49.93,55.32,47.9,55.22,54.44,6,49.21,3.88,6961.17,45.67,Impulsive
97.59,1997.14,100.0,2001.47,100.0,442.45,98.95,89.63,96.39,1,97.07,98.23,100.0,79.85,100.0,2,100.0,2.74,5492.06,98.21,Careful
50.73,1805.19,54.64,1628.65,51.66,447.2,47.78,42.08,61.97,8,53.11,54.45,64.34,58.03,45.11,7,63.64,3.98,6971.67,52.37,Impulsive
67.28,1438.08,66.96,1037.63,61.19,616.12,69.49,66.18,79.52,6,79.55,70.05,60.86,58.06,76.49,3,69.33,3.19,6007.5,69.23,Inconsistent
94.6,997.85,89.99,909.95,80.25,363.86,85.85,94.8,83.38,1,90.21,91.11,85.84,80.17,99.52,2,91.02,2.36,5553.25,87.51,Efficient
85.54,1416.04,78.27,1045.48,100.0,408.45,94.79,88.5,93.35,1,70.48,65.86,83.12,75.29,84.42,2,88.17,2.5,6150.72,84.44,Efficient
72.64,1534.36,81.36,1219.12,87.17,609.48,62.96,75.0,85.67,9,64.03,73.01,70.34,82.35,83.46,8,75.39,3.85,5567.95,79.66,Impulsive
35.75,935.9,43.61,672.85,50.14,437.61,46.23,53.81,37.06,2,47.3,39.6,43.85,50.9,28.49,1,59.95,3.1,7129.07,42.25,Inconsistent
94.15,1296.04,97.91,1421.89,88.53,405.11,99.3,91.35,89.53,1,82.44,74.51,78.72,92.96,83.97,1,76.42,2.34,5535.55,87.74,Efficient
78.26,1692.47,92.67,1735.68,85.23,435.59,85.06,88.46,90.97,0,84.3,92.26,90.85,92.26,94.65,0,67.75,2.9,5537.2,86.69,Careful
100.0,961.15,69.22,1291.15,100.0,482.61,83.92,88.26,75.91,0,99.83,97.73,82.64,100.0,98.71,2,86.61,2.19,5053.49,88.15,Efficient
62.77,1120.21,53.44,1294.48,63.47,401.31,70.33,55.68,57.02,7,63.69,35.24,50.16,66.07,59.24,10,56.07,3.65,5984.77,53.9,Impulsive
100.0,1143.0,100.0,722.28,100.0,248.74,100.0,86.11,100.0,4,100.0,100.0,90.1,92.64,100.0,0,100.0,2.43,4405.18,99.17,Efficient
68.38,1468.39,82.41,1288.03,76.49,723.45,83.56,75.98,70.81,2,82.69,60.6,73.76,70.26,88.66,1,92.2,2.17,5539.33,72.64,Inconsistent
92.14,2532.8,97.98,2586.03,85.2,549.31,92.17,86.19,89.26,1,84.54,100.0,87.38,90.91,88.7,1,95.79,2.95,5458.92,93.72,Careful
26.02,1543.86,35.78,1734.26,40.68,684.11,30.88,39.64,39.94,5,28.18,33.48,29.64,38.76,29.55,4,23.53,4.21,6956.63,31.01,Inconsistent
61.21,2225.41,57.83,1753.77,54.79,692.85,56.49,56.84,49.72,3,51.53,50.33,74.22,62.29,55.47,3,66.42,3.5,6400.02,56.55,Inconsistent
69.65,1196.48,56.33,759.92,72.77,651.73,68.47,55.45,66.84,2,82.53,78.71,65.75,65.51,78.33,0,53.75,2.84,6010.06,62.83,Inconsistent
64.71,2020.6,54.39,1929.94,64.23,853.07,65.83,48.57,51.64,5,71.18,56.66,51.94,48.86,56.09,3,70.79,4.59,6158.03,61.7,Inconsistent
87.21,1165.1,86.61,992.6,75.92,403.7,88.07,72.12,86.57,1,90.6,89.43,85.37,87.97,82.38,1,88.75,3.57,5116.75,84.48,Efficient
88.07,1691.65,87.7,1731.69,87.26,692.59,74.42,86.66,80.16,0,71.57,81.95,81.5,100.0,93.46,1,92.71,3.41,4972.32,86.15,Careful
63.94,1424.47,52.65,1016.87,56.73,435.81,58.98,62.34,59.56,12,60.88,59.21,55.52,64.27,43.66,8,51.4,3.62,6871.78,56.81,Impulsive
44.52,1540.65,50.57,1881.91,24.48,797.96,39.84,56.46,53.67,9,50.65,54.71,49.37,52.1,45.13,5,48.69,3.59,7338.86,48.4,Inconsistent
68.79,1787.87,72.4,1747.26,57.6,649.12,65.36,59.16,72.36,0,56.65,60.46,72.17,62.86,60.46,0,76.05,2.8,6169.9,64.53,Inconsistent
77.47,1174.11,82.41,1151.65,77.21,309.11,76.2,87.19,64.7,0,67.4,71.41,64.46,74.17,73.38,2,86.78,3.42,5016.44,79.17,Efficient
68.24,1092.32,74.51,942.44,72.01,455.17,71.26,74.34,68.71,2,48.71,77.39,59.15,68.36,67.3,0,66.28,2.8,6326.24,65.5,Inconsistent
99.86,921.56,84.96,1032.93,97.69,218.23,100.0,88.06,94.27,0,100.0,86.19,100.0,100.0,100.0,2,100.0,3.02,5702.37,95.54,Efficient
63.63,1974.4,52.28,1981.09,49.7,647.2,53.12,46.93,59.35,2,59.91,67.11,50.56,60.02,61.71,3,45.1,2.73,6450.18,58.01,Inconsistent
79.09,1575.18,90.67,1387.16,95.29,440.91,84.0,97.59,85.78,0,88.76,86.32,97.98,92.03,87.62,1,88.78,2.53,4976.19,81.54,Careful
78.04,2204.25,99.55,1958.25,87.14,623.72,100.0,82.88,82.82,1,91.09,84.29,94.15,97.87,95.16,0,98.65,2.43,5329.58,93.05,Careful
30.91,1030.09,31.05,1199.51,52.12,433.13,40.01,37.11,34.63,10,36.77,50.62,33.71,34.49,44.1,10,29.95,4.66,5737.88,39.44,Impulsive
100.0,1540.89,100.0,1557.79,100.0,293.31,100.0,98.05,100.0,1,100.0,92.21,97.67,100.0,99.46,0,96.05,1.95,4847.96,99.0,Efficient
99.63,992.96,100.0,976.15,89.31,340.95,88.13,89.58,88.75,0,100.0,100.0,94.93,97.01,92.07,2,100.0,2.97,4663.18,97.02,Efficient
86.19,1261.01,88.36,974.4,85.16,428.19,99.83,100.0,100.0,3,85.03,86.48,85.83,83.68,83.81,1,87.19,3.04,4272.07,87.8,Efficient
67.7,1569.55,52.56,1635.55,65.42,570.57,54.95,51.2,53.73,0,56.71,50.25,60.87,51.87,47.44,2,55.84,3.81,6186.97,56.31,Inconsistent
36.47,1477.89,45.5,1212.77,47.23,474.94,53.28,24.24,32.1,8,42.83,33.61,44.13,38.9,49.87,5,46.62,5.06,7534.03,40.21,Impulsive
100.0,1038.43,100.0,1175.6,87.54,318.73,95.23,85.42,100.0,1,86.96,100.0,91.47,93.46,90.09,2,87.36,2.33,4991.41,98.13,Efficient
100.0,1123.39,100.0,889.37,93.5,455.7,90.16,97.72,100.0,6,100.0,100.0,100.0,100.0,100.0,6,100.0,2.03,3731.06,97.44,Inconsistent
91.16,1953.98,92.65,1639.49,94.27,504.02,95.72,92.43,91.29,2,99.1,90.75,99.47,98.32,100.0,0,93.77,2.36,4660.54,94.44,Careful
100.0,1354.67,83.3,1843.69,100.0,506.17,90.29,100.0,97.16,2,100.0,93.26,99.99,99.99,93.41,2,100.0,2.34,4728.66,98.65,Careful
77.27,2505.45,76.36,2163.57,79.76,901.1,69.56,70.4,62.93,6,63.68,79.51,74.86,72.76,82.02,5,60.22,2.89,6896.76,77.39,Inconsistent
24.73,1007.98,35.55,1035.37,42.62,303.69,25.12,34.55,45.58,9,39.89,32.33,31.53,28.56,32.96,11,28.66,4.11,8217.52,36.82,Impulsive
100.0,1706.48,100.0,1619.78,99.73,399.88,92.28,100.0,94.68,0,100.0,100.0,100.0,100.0,100.0,3,100.0,2.42,4749.32,97.31,Careful
91.46,1944.21,100.0,2260.25,85.99,482.57,93.18,100.0,87.89,1,100.0,95.76,100.0,99.14,92.93,0,96.32,2.53,4326.91,93.57,Careful
94.96,1742.65,90.33,2572.89,79.3,542.32,84.29,93.55,78.97,0,81.81,85.23,96.76,100.0,91.99,4,60.52,2.04,5533.45,83.3,Careful
97.79,995.19,94.1,972.35,90.64,335.05,75.06,88.52,85.65,1,81.17,89.81,86.61,87.14,96.82,2,93.2,2.11,5956.52,91.02,Efficient
91.3,1255.15,88.42,1645.36,92.38,258.95,80.44,77.4,90.05,6,92.64,91.34,88.24,84.59,88.87,0,90.6,2.84,4590.6,89.39,Efficient
57.45,879.52,58.29,1238.46,56.63,436.93,48.3,58.99,57.94,8,60.31,55.87,67.23,56.95,68.12,9,58.97,3.38,5107.6,58.16,Impulsive
97.31,1486.53,98.31,1003.73,91.3,254.24,87.86,100.0,99.4,6,100.0,91.04,100.0,93.93,89.35,3,90.6,2.2,4265.31,91.03,Efficient
48.96,857.83,43.28,878.36,36.48,475.64,49.41,32.22,53.39,7,45.2,40.91,31.61,33.72,42.52,2,59.97,4.61,6778.21,42.26,Inconsistent
87.13,2654.52,98.3,2424.78,87.91,557.4,94.05,88.34,96.78,0,94.5,89.82,85.01,95.55,83.71,0,97.26,1.92,5901.02,89.83,Careful
54.26,1057.27,59.55,1059.83,64.41,509.64,57.46,56.06,50.89,12,51.67,53.07,59.87,57.85,48.75,9,61.91,4.83,5102.44,58.63,Impulsive
84.99,1192.11,89.44,1281.43,87.75,420.22,80.35,84.19,78.24,1,89.3,91.44,93.27,90.68,84.32,2,99.31,3.09,4718.76,84.53,Efficient
79.99,1140.86,74.39,1207.27,72.2,463.47,72.44,70.08,67.6,6,64.08,78.83,72.65,76.4,75.12,6,83.43,3.63,6029.89,77.56,Impulsive
27.11,1667.96,24.14,1347.81,33.21,690.08,29.25,28.4,26.52,4,21.0,22.36,26.76,23.39,33.67,3,25.61,5.27,8145.07,29.31,Inconsistent
82.99,1407.16,89.3,1349.3,83.23,399.99,100.0,82.6,85.43,3,94.22,99.06,95.42,98.04,88.93,2,88.98,2.11,5161.32,93.44,Efficient
100.0,1206.56,95.69,998.84,91.89,298.54,81.88,89.59,82.03,0,95.18,94.97,86.64,100.0,100.0,0,89.43,2.61,4284.89,94.0,Efficient
95.1,1596.77,100.0,1218.19,82.49,476.84,81.97,93.7,88.32,7,90.11,86.36,83.58,100.0,79.55,7,94.52,2.75,4720.56,86.49,Inconsistent
35.41,1569.44,24.94,1835.82,45.38,653.99,42.43,41.88,43.59,8,32.01,33.01,49.11,40.49,20.0,9,39.52,4.65,7234.87,38.5,Inconsistent
93.03,1544.67,86.03,1675.76,92.55,437.33,100.0,80.73,97.75,1,84.62,99.26,94.05,93.36,87.35,0,86.3,2.6,6013.17,93.68,Careful
25.35,1712.85,20.0,1231.86,20.0,596.88,20.0,26.58,33.2,5,20.0,23.44,41.75,20.0,23.51,4,20.0,4.57,8091.94,28.81,Inconsistent
95.94,985.13,88.65,1266.05,89.72,179.4,75.02,83.02,94.19,1,89.24,91.69,89.82,100.0,85.31,0,100.0,2.68,6005.77,91.94,Efficient
87.78,1413.07,90.54,1726.79,92.35,447.79,81.54,78.88,95.56,1,74.21,100.0,72.05,82.66,95.11,0,87.34,2.63,4956.18,93.47,Careful
79.44,1176.12,69.4,1393.95,100.0,220.5,84.51,86.13,88.98,3,94.13,94.77,96.8,93.16,86.42,0,99.94,2.04,4469.0,89.28,Efficient
81.86,1410.46,79.28,1498.91,84.56,276.15,88.32,72.28,93.3,2,88.4,71.05,80.95,87.45,75.68,0,98.59,2.54,5407.24,83.99,Efficient
100.0,1076.61,100.0,1383.59,100.0,203.22,100.0,100.0,100.0,2,100.0,100.0,100.0,100.0,100.0,4,96.06,1.56,4822.91,100.0,Efficient
32.17,1920.3,39.67,2093.28,34.65,481.87,44.18,38.22,31.89,8,40.65,40.85,31.28,25.63,43.57,7,38.78,4.22,6012.59,34.63,Inconsistent
40.43,1727.58,38.86,1515.57,48.14,374.34,41.67,52.38,50.65,9,42.77,40.77,45.96,43.77,30.91,7,62.16,4.25,5403.35,43.66,Impulsive
93.8,1928.34,91.37,1756.55,93.54,496.32,100.0,100.0,89.39,3,99.35,98.37,88.75,100.0,81.31,4,100.0,2.14,5013.07,93.69,Careful
88.81,1180.91,88.67,1402.21,100.0,435.23,91.4,85.98,89.17,0,100.0,97.67,96.75,90.21,96.86,0,86.48,2.57,6106.79,87.63,Efficient
92.4,1258.74,90.93,1194.95,79.56,158.58,94.03,97.72,93.94,1,100.0,85.5,88.25,94.6,95.49,0,76.43,2.32,4195.17,91.7,Efficient
59.61,1624.66,76.02,1473.98,53.82,609.73,52.59,61.87,66.95,2,67.7,74.91,58.4,71.97,51.29,3,55.86,3.69,5703.67,61.9,Inconsistent
57.6,1110.24,68.26,1043.15,60.08,322.21,60.15,50.72,65.89,7,52.53,56.39,69.14,65.76,51.87,3,48.96,4.18,6645.45,62.89,Impulsive
81.89,2262.31,75.06,2197.8,94.92,535.97,81.79,100.0,85.63,3,88.23,85.73,88.15,94.16,94.25,3,69.52,3.06,5061.63,83.15,Careful
58.98,753.24,58.03,878.22,76.85,495.64,58.57,63.89,59.57,6,62.23,64.72,67.44,54.08,61.52,9,61.99,4.08,6436.41,65.95,Impulsive
41.7,1269.2,49.18,1081.44,53.05,626.73,51.4,51.7,51.42,12,42.41,60.35,45.96,44.9,57.63,7,41.18,4.47,6716.62,47.98,Impulsive
49.17,1461.6,63.05,1313.74,51.72,636.27,82.46,49.3,50.44,1,62.07,70.22,58.5,62.56,43.24,2,51.89,3.35,5757.91,57.63,Inconsistent
100.0,1282.16,94.29,1059.14,100.0,513.4,92.94,86.42,100.0,4,88.19,100.0,91.14,100.0,100.0,1,100.0,2.47,4665.88,96.09,Efficient
90.06,1241.63,88.26,1446.87,87.5,436.63,75.11,100.0,85.99,4,80.81,74.29,68.84,90.56,78.23,4,82.52,2.55,4481.89,83.99,Efficient
96.35,1300.54,99.28,1413.48,98.59,327.66,92.31,84.09,96.3,1,96.91,84.49,100.0,94.54,92.26,2,95.21,1.96,5560.03,91.49,Efficient
91.49,1283.01,87.25,1292.86,81.65,487.69,97.92,98.18,94.95,0,87.5,88.79,100.0,96.85,100.0,0,91.19,2.9,5898.2,91.27,Efficient
80.24,1751.83,65.06,1838.16,86.01,505.61,88.64,93.03,77.12,4,83.31,83.48,82.18,82.42,81.8,3,83.41,2.68,4274.17,81.37,Inconsistent
88.0,1406.89,82.52,1843.69,75.77,477.06,69.66,95.21,78.68,0,90.01,85.98,74.66,74.72,90.4,1,91.99,2.32,5391.7,81.13,Careful
94.06,926.51,97.4,1271.52,94.92,382.64,100.0,93.52,89.66,2,98.57,87.93,88.92,100.0,100.0,1,88.58,2.79,5216.72,92.81,Efficient
50.19,1153.86,49.09,1073.36,54.27,392.95,40.19,33.15,40.93,7,43.18,43.0,51.44,39.48,45.18,6,33.47,4.14,7946.61,44.0,Impulsive
59.21,1159.91,50.69,1634.53,56.51,511.67,49.09,44.08,40.55,4,48.83,25.59,49.08,49.43,45.16,5,46.07,4.04,6514.63,46.76,Inconsistent
90.73,1066.48,87.29,939.62,74.75,350.43,80.86,83.41,98.64,1,94.97,86.52,93.07,72.99,84.79,1,92.92,2.92,5370.92,88.49,Efficient
100.0,1972.91,100.0,2130.5,92.74,563.22,100.0,100.0,90.17,0,92.25,97.22,89.72,97.51,100.0,0,85.92,2.59,4091.76,95.97,Careful
48.9,1587.73,46.94,1757.85,46.96,599.34,53.05,46.73,36.43,5,48.5,33.82,39.01,42.47,41.66,4,26.71,3.49,7023.09,46.69,Inconsistent
38.43,1406.35,45.4,1249.84,20.0,570.11,45.12,46.08,34.07,9,29.92,32.25,20.0,36.54,40.9,9,28.17,4.94,6609.12,36.59,Impulsive
79.0,1286.63,91.66,1133.29,78.42,411.43,87.17,73.8,80.04,1,73.67,78.56,87.99,67.45,84.74,2,83.41,2.87,6493.2,79.89,Efficient
70.46,1364.51,81.94,1434.69,84.67,680.95,69.5,48.61,80.25,3,73.7,73.73,81.05,70.42,68.29,2,70.13,3.4,5067.51,77.27,Inconsistent
61.34,1816.0,61.49,1979.09,73.41,633.28,75.04,59.6,65.94,5,62.11,66.97,63.89,66.7,67.63,3,64.63,3.74,6478.34,61.27,Inconsistent
71.48,1483.76,58.3,1772.66,68.59,445.62,65.37,68.58,67.5,1,71.84,78.3,68.86,70.73,78.19,3,61.63,2.55,6242.26,65.22,Inconsistent
98.42,1711.15,88.3,1743.69,97.15,380.51,80.23,72.57,100.0,3,87.93,92.62,80.8,80.43,84.89,2,96.38,2.38,5593.54,89.29,Careful
94.01,1843.48,85.13,2412.36,91.49,509.73,78.37,93.02,82.2,0,92.7,100.0,82.62,100.0,91.11,0,80.44,2.85,5354.17,90.05,Careful
85.1,2101.57,78.01,2266.56,74.28,575.82,81.38,92.48,78.53,0,78.25,74.02,80.61,86.25,100.0,3,85.51,2.71,5677.62,83.95,Careful
20.0,1545.82,21.8,1845.16,29.18,796.97,33.86,20.0,20.0,8,20.0,20.4,20.0,20.0,20.0,6,20.0,4.76,7608.55,26.02,Inconsistent
92.34,1106.51,95.03,704.58,95.71,272.35,92.99,86.65,89.23,0,100.0,84.29,100.0,87.06,96.11,1,100.0,2.39,4901.95,97.65,Efficient
83.42,1543.11,93.74,1550.81,85.76,421.54,74.16,87.55,76.68,0,71.04,64.21,77.88,65.36,90.36,1,64.73,2.95,5748.54,77.08,Careful
62.8,1848.84,74.14,1981.43,66.67,540.39,86.54,56.29,81.05,0,73.7,58.6,88.39,85.77,84.97,0,75.81,3.21,5998.58,76.67,Careful
93.55,1435.41,79.17,1081.46,95.7,382.39,94.31,87.24,88.05,1,95.44,100.0,95.24,98.29,85.39,0,88.32,2.63,5167.09,89.73,Efficient
35.7,1176.98,27.83,1212.67,32.05,415.23,28.47,31.73,32.21,10,28.17,36.34,37.31,26.21,20.91,8,36.98,5.68,9196.31,26.75,Impulsive
34.96,904.75,33.47,825.7,33.16,357.02,31.83,57.12,40.65,11,45.96,34.95,37.37,33.15,20.0,8,26.46,4.99,7231.73,37.41,Impulsive
98.71,1733.15,94.98,1794.14,89.23,443.39,91.37,76.68,75.37,1,85.86,97.22,89.36,99.87,96.76,1,86.38,1.7,5475.64,91.9,Careful
48.67,1157.73,60.83,1343.08,39.88,376.49,51.17,53.99,52.93,9,50.66,46.48,49.47,59.25,45.94,6,32.01,3.46,6079.49,47.49,Impulsive
26.18,1762.25,20.41,1753.13,20.44,475.45,39.78,30.55,36.59,3,40.53,22.29,21.68,27.22,33.15,5,20.0,5.37,7443.58,28.97,Inconsistent
87.91,1794.92,97.91,1807.62,97.03,532.04,100.0,79.51,98.13,0,92.32,87.98,90.77,100.0,98.63,0,91.63,3.55,5418.74,95.78,Careful
25.53,1054.22,33.41,1253.81,34.66,650.14,20.55,20.0,20.0,7,29.93,40.59,23.36,20.0,42.99,7,27.45,4.08,6810.94,26.33,Inconsistent
57.53,1003.22,72.8,1136.04,74.73,344.9,57.37,53.59,48.91,11,64.89,54.06,65.13,57.3,55.61,9,56.79,3.49,6605.16,59.7,Impulsive
44.45,1377.85,41.74,1043.37,38.14,459.86,41.59,56.11,39.0,9,49.72,41.9,49.11,46.05,33.72,8,45.88,4.02,6742.6,45.55,Impulsive
48.69,987.66,53.34,1459.62,41.49,446.47,60.53,62.95,59.28,11,53.04,42.12,53.35,48.62,61.42,7,50.2,3.62,7024.64,56.37,Impulsive
30.33,2029.29,31.14,1760.82,34.6,467.1,41.85,33.68,36.63,6,54.26,28.64,31.07,41.72,44.2,4,40.03,4.86,7708.21,33.17,Inconsistent
65.52,1256.24,63.13,1165.57,77.8,433.18,59.74,76.36,72.39,4,80.36,71.31,72.23,75.86,66.48,5,65.43,3.02,5435.47,66.2,Inconsistent
42.83,1726.3,54.33,1599.4,54.29,614.74,43.77,36.69,47.39,7,52.76,47.54,57.34,43.93,35.55,4,40.74,3.46,7172.37,48.26,Inconsistent
88.47,1004.33,85.17,1105.97,84.55,317.62,94.11,85.77,82.24,1,80.88,82.43,79.35,82.99,85.36,1,87.47,3.16,6172.47,84.11,Efficient
78.44,1936.03,69.89,2020.57,63.84,716.78,59.97,67.62,73.8,5,74.21,92.05,85.4,68.86,79.34,6,72.89,2.64,5390.48,80.06,Inconsistent
87.49,1273.22,80.63,1360.41,89.49,307.81,89.48,85.77,82.24,3,88.04,83.16,87.57,95.99,77.18,0,100.0,2.49,4966.26,86.36,Efficient
88.31,1746.42,90.45,1762.33,100.0,433.23,94.33,81.87,93.34,10,84.63,83.61,94.79,87.77,89.75,6,87.65,2.36,4717.58,90.31,Inconsistent
100.0,1730.95,100.0,2094.59,93.15,415.3,100.0,100.0,100.0,3,96.61,94.12,100.0,100.0,88.89,0,99.63,2.39,3856.21,97.69,Careful
98.39,1540.19,100.0,1087.61,100.0,332.47,100.0,100.0,100.0,0,94.65,100.0,100.0,100.0,97.01,1,100.0,2.02,4618.09,100.0,Efficient
37.54,2187.89,33.2,2258.38,39.22,689.96,33.58,54.13,40.2,9,39.8,39.62,49.15,38.51,34.87,8,40.13,3.3,7017.95,37.96,Inconsistent
89.76,656.89,92.5,1079.45,83.04,231.29,97.48,91.41,84.88,3,86.74,83.54,85.05,84.28,87.69,1,100.0,2.96,5344.03,84.33,Efficient
88.2,1735.22,87.98,1651.99,84.26,524.84,81.11,82.17,73.38,3,76.62,97.43,76.41,68.22,90.26,0,85.27,3.05,6165.14,81.03,Careful
64.98,813.16,46.33,1129.04,65.13,562.39,64.49,60.75,51.56,12,56.73,47.56,49.49,55.04,46.92,6,51.89,3.68,6292.09,57.37,Impulsive
93.44,1880.39,97.05,1621.41,92.63,493.74,96.26,100.0,94.6,2,95.52,95.55,94.5,93.5,100.0,0,81.1,1.98,4244.37,93.7,Careful
99.19,2059.32,90.33,2108.98,81.88,487.88,80.97,87.74,74.24,4,95.67,83.13,90.35,90.73,94.97,1,91.68,2.61,4787.19,87.89,Careful
35.03,1727.53,44.58,1740.2,27.63,625.45,30.94,59.41,45.86,6,63.84,28.83,59.17,32.0,49.65,6,22.9,4.28,6058.21,40.58,Inconsistent
99.97,2046.75,100.0,2244.37,98.22,536.62,100.0,100.0,93.87,1,100.0,100.0,100.0,100.0,95.48,1,93.33,2.27,4856.12,98.53,Careful
100.0,1189.61,96.12,1271.4,100.0,386.35,100.0,100.0,100.0,0,100.0,82.99,100.0,98.41,98.83,1,100.0,2.52,4360.16,100.0,Efficient
91.79,2139.42,88.52,1890.81,86.42,463.01,90.07,100.0,90.91,1,94.97,89.5,88.81,85.06,92.9,1,87.44,3.12,4492.3,91.04,Careful
82.1,1896.69,84.07,1838.59,86.31,491.13,83.44,84.05,86.18,2,88.51,78.4,67.67,74.06,86.05,2,75.79,2.8,4880.31,82.78,Careful
45.31,1161.56,38.48,1202.54,39.69,426.86,39.37,49.8,44.22,6,44.19,50.39,44.48,43.39,49.38,7,51.63,4.33,6977.84,45.39,Impulsive
58.4,759.82,40.98,1109.12,66.65,338.88,68.34,63.9,67.42,8,57.58,66.11,73.74,67.29,72.71,7,74.11,4.5,5645.87,59.53,Impulsive
96.17,1924.16,95.91,1833.04,96.95,578.15,97.49,82.46,88.95,1,85.46,100.0,100.0,76.34,100.0,0,94.47,2.44,5326.91,92.26,Careful
100.0,1611.2,99.7,1523.19,99.01,377.3,90.78,96.16,95.45,0,83.88,98.57,92.95,100.0,100.0,0,97.55,2.28,4874.66,95.97,Efficient
60.12,1136.33,51.3,1238.0,60.3,488.13,70.2,79.29,62.61,5,65.87,68.1,61.67,61.04,69.54,6,56.08,3.04,5402.3,64.82,Impulsive
79.29,1996.57,88.28,2228.42,94.2,760.65,80.11,87.52,81.76,3,76.3,63.97,92.38,70.97,90.43,0,84.19,2.57,5697.68,82.35,Careful
91.11,1820.25,87.4,1814.6,98.53,564.74,99.51,97.91,94.02,3,91.52,84.86,83.64,97.8,98.62,1,91.77,2.82,4237.4,91.6,Careful
59.1,857.46,46.7,876.46,61.66,298.46,61.07,53.8,65.89,8,62.25,53.69,52.18,49.87,52.28,5,52.41,4.2,6393.3,56.12,Impulsive
85.73,1260.31,94.87,997.9,100.0,371.11,100.0,100.0,98.5,1,100.0,81.36,95.63,86.28,100.0,1,88.8,2.63,5540.03,93.95,Efficient
96.68,2028.65,100.0,2231.68,94.56,589.59,95.16,98.35,94.13,0,83.92,91.46,92.67,90.24,92.21,0,96.36,1.48,4810.92,93.19,Careful
65.79,1158.93,70.61,1211.89,67.6,568.43,62.11,67.68,68.37,8,65.84,68.69,80.64,72.81,90.99,8,72.75,2.98,6045.36,71.38,Inconsistent
69.72,2231.42,86.0,2100.74,63.61,614.73,86.17,86.89,75.19,1,80.34,79.6,73.56,75.08,78.75,2,75.8,3.24,4351.54,77.67,Careful
57.06,1086.92,53.73,924.24,59.3,524.03,66.02,61.22,69.15,9,66.32,75.35,70.81,58.13,73.65,6,58.68,3.43,7794.4,60.24,Impulsive
87.58,1086.99,81.36,1141.79,89.48,419.74,79.73,87.16,85.91,0,87.9,100.0,89.59,92.03,82.99,0,90.0,2.42,4958.03,87.96,Efficient
46.74,1067.09,47.97,879.51,42.63,554.21,67.82,50.41,52.82,6,43.7,69.23,50.84,48.16,48.9,8,50.98,3.43,6474.46,48.08,Impulsive
61.53,1101.99,59.46,824.73,33.93,432.23,59.95,63.66,61.19,10,57.7,71.66,61.01,62.02,66.88,7,61.78,4.2,6189.37,62.53,Impulsive
52.45,1123.16,64.27,1240.63,59.12,578.85,48.74,51.95,50.32,3,47.84,70.18,56.62,71.93,50.65,2,62.19,2.96,6783.92,56.67,Inconsistent
94.72,1196.44,89.83,1081.83,92.82,620.51,90.82,94.33,86.94,1,80.49,96.86,100.0,80.87,91.04,3,85.57,3.28,5496.68,90.12,Efficient
63.24,1292.81,67.05,1084.89,78.53,397.55,60.92,70.13,59.66,5,48.41,66.61,67.91,64.07,52.98,5,67.69,3.59,5411.07,64.23,Inconsistent
57.69,1220.22,72.38,1129.19,53.72,314.14,59.51,57.58,57.96,9,74.55,57.29,52.24,71.74,54.31,8,42.33,4.44,6551.88,60.98,Impulsive
81.25,1254.06,83.31,1142.01,95.21,355.36,90.62,91.39,76.22,0,100.0,77.31,99.08,95.02,91.47,0,79.15,3.09,5319.62,86.29,Efficient
77.33,2068.43,90.3,1701.06,80.25,507.68,91.45,73.97,78.89,0,86.0,92.32,96.29,83.28,97.65,0,80.35,2.93,4770.48,85.89,Careful
90.66,1134.65,81.7,1333.44,92.47,183.03,90.31,100.0,99.19,0,84.42,89.16,84.73,88.24,97.16,3,89.36,3.14,5955.65,87.71,Efficient
24.81,2257.57,36.16,2391.35,23.91,799.9,24.07,39.66,34.59,7,31.61,25.71,32.01,34.79,32.21,8,41.07,5.16,7394.09,32.55,Inconsistent
93.92,1448.56,71.69,1262.7,90.15,406.09,100.0,98.4,98.17,4,93.27,100.0,95.16,87.57,99.69,2,100.0,1.95,4636.95,91.6,Efficient
83.31,1325.41,77.7,1667.41,88.23,646.09,79.68,75.24,88.98,5,86.66,80.71,85.57,91.81,86.97,3,90.04,2.47,4134.45,82.98,Inconsistent
47.58,960.51,49.65,1103.64,41.41,416.2,31.41,48.61,44.55,9,52.31,44.26,33.49,47.72,57.09,7,51.49,3.46,6477.71,49.9,Impulsive
77.56,1309.85,82.9,1541.24,87.49,255.54,77.54,76.99,83.32,0,92.17,85.66,100.0,89.52,81.35,0,60.76,2.59,5320.53,87.55,Careful
83.46,1753.16,76.57,1554.46,81.51,527.54,91.9,82.21,90.7,0,81.1,89.7,77.26,82.5,74.18,0,74.31,2.22,5962.37,86.38,Careful
92.21,1322.43,100.0,1667.9,96.29,378.89,84.64,99.88,99.27,0,87.0,89.06,90.5,100.0,95.48,0,76.31,2.77,6225.83,93.01,Efficient
95.25,1740.38,100.0,1796.0,100.0,304.22,100.0,89.88,94.81,0,91.26,86.51,93.88,85.38,86.36,2,88.31,2.45,5419.56,94.17,Careful
37.39,1132.15,35.65,916.37,39.3,515.39,38.99,41.88,35.93,3,42.17,32.11,46.7,46.6,40.79,6,34.99,3.54,5478.15,37.44,Inconsistent
82.03,1330.38,69.07,1398.13,61.89,443.08,80.8,76.6,83.13,1,85.98,81.48,86.45,82.2,84.61,2,74.03,2.81,5536.82,80.65,Efficient
92.56,1484.23,93.08,1839.08,83.47,404.26,86.0,82.57,84.95,1,87.7,96.72,100.0,90.54,93.69,5,67.65,3.12,5685.69,87.88,Efficient
46.13,1043.86,62.54,1024.03,50.09,199.08,63.98,68.22,47.78,9,61.47,67.38,65.19,40.27,50.21,9,45.52,3.95,6231.37,53.3,Impulsive
41.2,945.03,38.92,933.92,50.92,372.31,40.34,41.9,35.59,10,49.05,59.06,38.49,54.9,46.25,10,30.84,3.69,6399.17,41.23,Impulsive
70.49,895.15,83.68,1119.96,87.37,492.96,82.48,65.19,72.07,2,78.13,85.52,79.36,83.9,83.67,1,90.57,2.92,4790.64,76.96,Efficient
45.44,1967.54,37.08,2304.97,40.11,500.23,41.69,25.44,28.2,5,43.76,40.83,48.65,52.62,35.47,6,34.7,4.05,7088.57,38.76,Inconsistent
100.0,1128.96,90.34,1371.44,100.0,270.0,100.0,95.42,85.63,1,100.0,89.59,100.0,92.19,100.0,2,94.61,2.95,4204.83,93.83,Efficient
68.92,1375.85,62.77,1219.23,64.59,620.23,51.83,74.53,60.6,9,75.43,67.86,69.23,67.87,79.29,7,79.09,3.84,6276.26,67.21,Inconsistent
57.42,2133.35,60.47,2127.8,41.81,852.19,41.69,48.44,57.1,7,46.8,52.33,47.57,57.87,46.5,5,45.1,3.25,6225.5,49.02,Inconsistent
88.54,1917.8,100.0,2068.0,100.0,493.52,99.28,86.55,100.0,0,94.08,100.0,98.3,100.0,92.5,0,100.0,2.84,5606.95,96.94,Careful
87.39,1887.03,95.22,1949.34,73.29,442.11,86.22,77.29,89.01,0,92.19,96.27,81.69,93.39,96.86,1,71.18,2.16,5301.3,86.7,Careful
72.67,943.83,77.38,641.81,55.14,636.83,69.94,55.44,61.37,8,54.53,60.02,53.39,55.53,57.75,5,67.71,3.9,5868.16,60.47,Impulsive
75.54,1836.47,69.88,1833.04,62.05,431.85,77.86,82.66,70.29,4,82.13,77.8,62.95,82.14,75.01,3,67.0,2.99,5235.37,72.9,Inconsistent
96.11,1978.06,100.0,2392.64,100.0,667.22,99.95,100.0,97.66,0,100.0,93.54,98.2,95.72,98.75,0,83.0,2.04,4974.81,96.74,Careful
50.19,1443.32,44.32,1491.6,56.18,618.65,56.5,37.53,42.71,13,50.14,56.75,46.4,47.21,48.28,7,37.61,4.6,6771.9,46.43,Impulsive
94.07,1523.64,95.71,1911.51,88.59,380.77,73.36,77.49,92.45,0,85.55,94.91,79.85,100.0,82.09,2,100.0,2.92,4741.05,88.23,Careful
80.56,1916.17,77.09,1816.22,100.0,362.27,94.67,85.37,85.15,0,89.43,76.89,83.91,92.55,93.62,2,84.34,2.48,4900.67,87.4,Careful
90.38,1678.99,99.49,2191.37,77.95,398.44,100.0,93.65,89.9,0,92.41,84.97,79.19,85.19,77.08,2,80.07,2.81,4906.16,86.9,Careful
89.75,2132.34,92.22,1680.38,92.52,558.41,84.2,96.08,93.11,0,84.18,80.83,84.79,78.2,91.64,0,100.0,2.39,4954.13,92.52,Careful
72.77,1814.34,77.93,1834.83,77.62,454.63,85.07,74.74,80.78,3,62.17,62.9,57.54,82.1,81.2,3,83.88,3.32,6069.67,78.88,Careful
56.77,1289.59,36.77,1197.82,46.98,222.35,47.73,54.47,44.26,10,45.61,39.91,45.05,45.35,47.36,6,39.19,4.76,7559.21,45.79,Impulsive
100.0,1158.32,86.73,1100.98,89.85,230.87,97.04,100.0,87.33,0,93.74,91.53,89.59,76.91,85.83,3,80.74,2.25,4902.53,89.24,Efficient
44.86,1765.35,26.47,1718.44,20.0,593.19,29.72,22.33,34.7,0,22.4,31.68,20.34,50.31,33.54,2,28.2,3.95,6458.08,28.28,Inconsistent
67.88,646.0,56.5,1047.11,64.86,316.82,54.76,67.51,62.31,9,66.92,65.25,50.84,78.85,51.62,4,84.45,3.2,6052.82,68.18,Impulsive
35.44,1462.31,27.99,907.71,33.05,443.88,25.29,31.53,29.24,9,27.03,20.0,30.21,20.0,34.79,9,29.11,4.44,8934.01,28.5,Impulsive
54.9,1382.9,57.87,1156.52,41.32,314.86,50.69,60.03,63.6,11,53.07,79.22,60.37,47.68,68.16,7,46.59,4.63,5573.55,52.5,Impulsive
61.54,1232.22,72.36,1190.82,58.02,547.67,58.14,75.78,67.12,4,68.12,69.75,64.2,53.46,66.97,5,64.79,3.35,5825.0,65.82,Inconsistent
97.81,1763.5,93.21,1720.91,100.0,599.7,100.0,99.34,96.04,0,81.29,100.0,84.5,89.38,91.91,0,94.72,1.52,4321.23,90.29,Careful
43.13,1481.14,57.94,1559.41,42.46,530.49,53.72,35.39,50.97,8,49.78,34.59,52.99,41.51,51.0,7,46.62,4.82,6214.96,45.69,Inconsistent
80.61,1856.25,90.84,2098.63,87.85,703.44,98.65,69.12,81.0,0,92.41,84.74,80.8,75.08,88.1,1,84.22,2.79,5938.66,87.75,Careful
78.88,1464.16,78.02,893.76,93.07,318.71,80.12,92.18,83.81,0,73.97,84.55,73.52,87.88,81.37,4,90.72,2.62,4697.32,88.77,Efficient
56.18,973.68,68.12,1327.57,55.14,442.38,49.88,59.76,62.33,8,50.81,46.12,50.46,53.44,69.1,8,44.32,3.93,6748.27,58.17,Impulsive
81.88,2400.64,82.17,2236.94,79.55,761.21,73.93,79.45,81.58,4,78.21,88.5,84.54,79.79,60.87,4,77.68,3.48,5758.42,75.86,Inconsistent
83.04,1048.52,63.85,1257.23,81.77,284.87,100.0,89.46,77.66,2,87.26,76.59,71.7,79.74,83.26,0,65.68,3.15,4838.08,83.49,Efficient
96.79,1470.86,100.0,1497.21,97.51,343.63,93.88,100.0,91.26,1,91.13,93.29,97.4,93.27,81.92,0,91.4,2.62,6142.89,92.49,Efficient
83.65,1014.3,97.73,1053.38,85.67,396.65,93.38,92.04,99.7,0,94.68,87.95,95.62,100.0,98.66,0,92.21,3.06,5187.73,90.63,Efficient
71.59,1584.33,65.32,2018.97,75.5,823.83,74.88,77.39,76.07,5,80.0,90.89,80.08,58.43,72.23,7,73.9,3.63,5587.79,76.04,Inconsistent
88.33,1768.12,96.76,1615.37,96.08,617.06,100.0,88.84,97.41,0,100.0,98.68,96.51,100.0,100.0,4,100.0,2.9,5663.87,98.33,Careful
52.63,1758.79,45.9,1615.2,61.56,565.95,62.99,59.0,49.31,4,55.09,58.42,47.59,50.02,54.97,4,66.79,3.99,5212.78,58.1,Inconsistent
81.42,1008.07,83.26,1253.9,92.87,355.98,89.31,93.75,88.44,4,92.24,100.0,75.26,100.0,93.57,2,100.0,2.92,5779.55,90.09,Efficient
100.0,1007.02,93.96,863.33,94.71,433.17,100.0,90.86,100.0,3,91.55,100.0,97.65,88.6,100.0,1,99.43,2.58,5894.3,98.04,Efficient
52.35,980.75,54.04,1281.73,61.12,423.81,64.02,64.01,45.46,7,48.63,55.29,71.7,63.29,60.4,6,47.96,4.58,6193.94,50.08,Impulsive
55.34,931.9,57.26,1072.09,54.41,551.92,49.24,56.42,54.57,8,52.28,61.0,57.18,66.97,49.23,7,52.62,4.39,6743.01,55.94,Inconsistent
86.34,2133.8,97.13,1929.1,94.14,398.95,80.5,93.02,96.98,0,100.0,94.16,89.45,88.66,98.0,0,74.3,2.94,6485.15,90.18,Careful
100.0,2170.08,84.07,1720.49,100.0,559.8,79.63,84.72,78.0,0,94.12,82.41,82.64,80.24,97.44,0,97.62,2.27,5338.1,91.63,Careful
54.37,1746.21,68.26,1497.81,72.66,642.48,64.32,81.09,61.27,2,68.3,66.27,65.76,65.65,67.42,3,74.19,2.95,6613.67,72.19,Inconsistent
84.89,1988.38,77.06,1750.86,86.35,608.24,89.52,95.37,86.22,0,84.42,70.3,80.49,69.96,74.79,2,98.93,2.38,5311.04,86.25,Careful
66.22,1662.66,68.49,1447.42,51.67,461.71,55.75,59.8,55.66,9,57.95,62.3,58.91,59.89,52.35,8,64.45,3.77,5875.68,62.23,Inconsistent
73.81,1411.87,81.32,1504.41,84.71,301.64,76.28,78.48,84.88,2,82.06,82.1,73.34,80.95,78.01,1,78.1,2.53,4419.83,82.16,Efficient
41.95,1191.6,34.02,830.13,68.79,481.28,54.65,47.51,54.28,11,44.6,49.54,44.66,40.88,35.35,8,37.81,3.94,6459.32,45.26,Impulsive
62.86,1883.94,62.74,1950.47,57.66,735.57,66.5,69.4,65.24,4,52.84,61.97,53.89,61.95,53.92,3,72.67,4.19,5989.21,58.44,Inconsistent
83.59,1485.58,82.39,1615.97,92.68,272.24,94.1,90.3,92.99,3,96.24,71.87,91.09,83.4,76.3,4,83.48,3.46,3220.9,92.14,Efficient
89.78,1870.38,80.75,1800.07,90.73,437.62,92.2,100.0,93.2,3,85.06,100.0,87.13,94.35,100.0,0,84.82,2.81,5240.89,89.41,Careful
69.5,2090.31,63.6,2128.03,67.57,698.06,63.37,76.18,65.72,9,66.63,74.58,63.65,54.29,60.13,2,78.12,3.3,5759.09,66.69,Inconsistent
58.3,652.41,61.57,920.25,44.8,493.13,66.71,54.41,55.21,9,55.94,64.91,49.71,42.09,58.33,7,37.36,4.78,5860.26,54.9,Inconsistent
42.63,1031.86,41.24,1094.36,41.16,501.16,33.97,43.36,39.33,9,40.52,50.47,45.25,36.64,40.01,6,55.6,4.04,6920.11,43.92,Impulsive
51.33,2205.82,59.35,1986.88,55.37,632.37,55.24,47.1,60.31,5,46.93,59.67,64.41,41.77,50.76,4,49.53,3.67,6893.58,49.53,Inconsistent
80.34,1375.89,71.29,1022.39,74.27,421.35,68.14,72.37,72.38,10,54.47,69.95,78.21,60.29,63.2,10,81.49,3.38,5311.92,74.31,Impulsive
80.32,1593.45,64.71,1461.34,80.34,431.07,78.94,70.11,82.98,2,75.86,81.64,83.72,82.44,69.09,0,76.36,2.85,5362.2,77.05,Efficient
98.66,1076.5,84.36,1197.57,86.24,255.05,82.66,77.77,90.22,2,88.5,93.75,88.06,95.44,88.08,0,86.71,2.53,4182.57,88.11,Efficient
91.37,1416.08,89.73,847.16,81.41,336.58,97.38,92.76,95.72,0,82.7,94.62,93.45,92.92,86.34,2,100.0,1.88,4805.24,87.93,Efficient
98.12,1783.64,83.63,1786.09,92.43,405.88,96.16,92.42,100.0,3,91.49,78.76,93.46,99.65,86.04,4,92.69,2.17,4259.28,91.52,Careful
81.75,1810.26,74.29,1912.33,64.72,490.93,75.64,76.87,72.09,5,72.54,64.42,73.73,63.24,70.95,4,66.93,3.35,5644.79,70.73,Inconsistent
85.11,1866.29,90.63,2087.31,91.61,574.16,93.01,80.41,90.1,1,96.94,89.89,100.0,86.07,73.77,1,79.88,3.42,4800.49,87.8,Careful
89.94,1531.12,86.47,1039.95,90.62,395.25,77.71,83.23,97.08,1,100.0,95.22,97.27,73.86,80.88,1,85.67,2.61,4553.64,81.84,Efficient
39.25,1106.15,63.08,766.07,51.92,199.39,26.62,46.07,45.0,12,45.53,49.05,55.11,59.46,59.76,9,63.75,4.85,6756.78,46.12,Impulsive
57.35,1803.4,41.83,1811.39,50.66,625.62,46.44,41.24,50.65,4,64.91,44.23,50.03,40.55,39.38,5,43.96,4.12,5668.61,47.34,Inconsistent
83.72,2007.86,94.67,1499.4,80.33,334.23,91.55,98.69,89.56,1,81.32,96.81,92.13,88.56,81.5,0,74.75,2.77,6065.2,84.49,Careful
100.0,870.44,98.59,1063.83,100.0,348.92,86.2,81.83,100.0,0,92.53,98.75,89.96,100.0,100.0,0,97.84,2.28,5237.63,97.55,Efficient
87.2,1503.73,100.0,1827.7,87.13,686.41,99.02,88.84,88.23,4,85.12,85.86,95.07,82.11,95.63,2,100.0,2.58,4909.97,96.15,Inconsistent
56.02,1458.42,50.93,1657.64,46.24,257.95,40.43,45.39,56.07,8,63.24,50.92,67.96,49.66,53.5,8,45.68,3.39,6696.6,55.47,Impulsive
57.2,1388.07,47.86,1287.17,58.02,512.42,48.98,59.59,53.94,11,45.7,52.53,72.51,36.68,56.19,8,45.76,3.95,5856.22,51.79,Impulsive
32.08,1325.55,40.36,1425.94,48.76,427.64,49.26,29.73,35.7,6,46.52,45.33,34.78,35.81,40.35,8,23.2,4.45,7449.6,34.96,Impulsive
71.42,1096.95,75.58,1028.41,75.97,312.5,68.64,65.18,75.15,8,72.12,71.35,63.47,85.9,71.09,4,68.32,3.52,4748.72,67.27,Impulsive
87.2,1567.92,85.18,1766.8,95.91,491.56,72.95,84.04,96.33,1,90.68,81.93,89.9,83.12,95.24,1,90.9,2.97,5745.41,86.85,Careful
88.17,1334.05,94.32,920.62,96.42,524.36,93.29,94.71,92.55,1,89.04,100.0,100.0,91.16,82.16,0,89.45,2.42,4758.82,92.33,Efficient
53.5,1205.31,52.23,931.49,54.39,318.2,39.22,46.35,44.09,8,53.41,42.13,50.99,49.02,55.13,8,39.56,3.77,5493.46,46.5,Impulsive
91.65,1209.95,100.0,1162.8,90.97,432.74,100.0,93.19,94.87,1,100.0,100.0,94.99,92.54,100.0,1,100.0,2.47,5127.19,96.03,Efficient
85.61,2091.1,70.82,1700.55,76.28,545.94,71.25,66.82,72.9,4,70.84,67.61,89.8,69.7,62.36,1,58.88,3.06,5344.7,72.37,Careful
62.62,888.43,62.32,1234.43,59.46,411.58,80.18,74.17,53.69,6,49.94,71.5,69.42,72.73,57.34,7,59.45,3.62,6583.77,62.74,Impulsive
48.06,975.34,38.07,692.5,46.96,363.65,41.43,46.19,42.66,10,41.62,27.59,36.91,56.59,41.15,9,35.73,4.62,7804.8,41.04,Impulsive
60.54,1468.2,67.05,1880.1,67.33,750.3,59.59,80.62,64.23,4,65.22,75.14,57.4,60.23,66.68,4,51.11,3.51,5779.3,68.34,Inconsistent
99.38,986.51,100.0,1503.56,87.96,313.86,100.0,93.6,100.0,1,98.19,95.41,100.0,82.75,100.0,1,100.0,2.18,5331.89,100.0,Efficient
78.69,1247.14,70.63,1514.66,64.87,426.7,63.12,72.27,66.79,6,67.01,72.17,84.57,61.3,73.62,5,62.12,3.53,5231.95,72.81,Inconsistent
54.42,1618.4,56.69,1159.36,52.18,550.34,44.92,45.54,39.04,10,48.48,48.23,37.88,67.82,53.35,7,41.34,4.04,7380.26,51.77,Impulsive
58.16,815.87,46.59,954.06,58.97,364.4,43.73,49.88,61.34,6,57.73,52.44,58.45,54.4,54.98,6,60.79,4.6,6548.15,52.09,Impulsive
52.94,1453.82,57.95,990.84,48.32,467.94,53.9,68.55,67.04,7,69.73,42.97,70.72,58.06,57.95,4,66.59,4.19,7047.58,59.35,Impulsive
58.54,1193.55,52.91,1225.64,51.42,419.84,63.99,50.36,53.48,8,52.11,73.5,47.02,60.39,40.14,6,45.12,4.48,5811.55,55.65,Impulsive
91.93,2136.11,84.14,2113.41,93.15,580.65,81.62,81.15,88.02,0,88.97,84.65,90.97,75.26,83.12,0,94.24,2.56,5820.13,88.95,Careful
35.88,1418.36,41.76,1353.45,46.11,459.76,49.23,54.43,32.3,11,58.71,38.66,42.98,45.39,27.84,9,41.31,4.2,6907.71,39.95,Impulsive
80.99,1357.68,78.87,1177.52,79.94,227.85,80.18,79.28,78.48,4,78.63,79.52,73.63,69.98,78.23,1,73.31,2.01,5954.62,76.56,Efficient
36.1,1428.38,26.35,1533.18,36.08,719.08,46.15,39.69,37.06,6,31.76,36.53,40.5,39.7,35.2,4,37.95,4.83,7484.82,35.78,Inconsistent
61.56,1543.58,66.62,1241.58,57.6,453.02,60.99,65.31,58.25,7,63.72,49.99,45.77,54.75,65.22,4,52.62,3.51,4636.6,61.13,Impulsive
61.35,1815.33,61.43,1793.5,49.11,655.72,66.55,50.72,49.76,7,64.94,51.76,57.28,46.2,53.57,3,55.46,2.67,7037.1,53.93,Inconsistent
76.77,1133.21,55.68,1086.83,64.6,485.94,56.21,76.5,67.53,9,56.79,66.31,64.27,58.08,68.28,7,65.72,3.49,6962.48,62.42,Impulsive
42.48,1689.95,30.41,2189.48,36.61,763.67,48.4,35.1,43.29,3,25.79,36.29,32.17,41.66,30.98,2,57.88,4.8,8642.63,38.1,Inconsistent
99.89,1508.75,77.26,1353.69,93.19,387.6,83.12,90.04,94.11,3,98.29,89.63,96.2,84.81,92.08,0,99.13,2.21,5503.89,90.71,Efficient
40.47,2169.78,39.73,2184.32,60.71,778.39,52.06,52.25,52.39,10,56.31,64.65,55.97,54.87,47.84,4,38.52,3.66,6805.74,50.49,Inconsistent
70.53,1142.67,72.08,1200.54,75.82,657.69,65.01,59.51,67.41,10,85.63,67.2,72.84,61.19,82.54,7,69.09,2.35,6363.82,69.36,Impulsive
100.0,1903.81,71.62,1983.09,86.43,569.94,89.51,83.29,94.94,0,96.05,89.16,87.38,88.65,88.7,0,88.84,1.86,5727.51,89.76,Careful
52.52,1347.03,46.58,1066.57,48.31,450.78,36.12,38.83,49.46,7,39.74,54.22,48.3,46.32,43.84,6,52.75,4.16,6541.09,48.76,Inconsistent
90.75,1998.96,80.85,2129.19,96.19,573.19,77.07,88.43,94.31,3,70.19,100.0,84.01,88.54,91.98,1,93.94,3.39,5825.93,83.94,Careful
63.17,1034.06,66.35,933.12,62.06,565.05,68.85,73.07,56.34,11,71.13,57.16,67.4,64.91,43.42,6,50.54,4.09,7022.28,62.09,Impulsive
94.94,1253.73,95.05,1183.34,98.11,212.69,97.08,100.0,88.19,2,78.59,94.51,95.45,100.0,99.45,1,100.0,2.74,5219.14,95.94,Efficient
47.85,1183.67,49.23,1248.34,34.73,569.33,20.0,26.64,49.31,9,37.57,34.77,53.92,50.9,40.97,8,38.14,4.85,6295.88,43.47,Impulsive
57.64,1006.07,31.32,1178.31,43.54,374.69,55.11,33.69,41.56,8,41.19,43.63,32.65,50.18,50.75,10,49.99,4.27,6009.38,45.11,Impulsive
53.2,1489.24,63.27,974.31,53.01,356.86,58.86,61.53,64.22,7,53.78,51.33,64.59,65.21,49.89,6,44.39,3.48,6514.25,57.62,Inconsistent
45.49,874.4,65.49,613.06,51.15,435.51,47.05,47.25,64.87,10,51.49,56.04,50.81,51.92,49.04,9,65.24,3.95,6028.41,56.63,Impulsive
32.87,1415.68,20.78,1580.75,27.87,525.62,31.42,37.39,20.85,7,44.04,32.12,43.83,39.07,40.3,7,51.66,4.9,6988.52,30.99,Inconsistent
91.09,1698.76,75.93,1870.97,80.88,534.17,92.86,89.73,84.5,0,73.71,87.04,82.37,91.25,83.28,0,71.65,2.93,5942.06,84.16,Careful
81.85,1745.45,74.86,1823.1,66.53,601.89,72.25,87.45,74.07,8,71.92,75.62,72.54,85.21,90.74,7,75.71,3.5,5503.05,72.73,Inconsistent
88.76,1136.75,98.54,960.67,100.0,200.53,100.0,87.17,95.69,2,77.85,100.0,94.79,95.02,100.0,2,88.14,1.68,5427.21,93.68,Efficient
58.89,1902.8,47.34,1473.68,32.61,619.91,42.67,49.87,54.99,10,51.26,42.65,46.1,42.78,54.4,7,51.51,3.74,5775.38,51.3,Inconsistent
95.55,1943.71,84.91,1442.91,80.11,449.9,80.47,88.6,85.09,0,81.49,89.95,77.7,91.65,82.2,0,90.65,2.59,5667.25,82.2,Careful
68.62,1790.02,85.92,1907.28,69.9,502.58,89.22,80.67,70.15,1,93.23,78.6,77.81,75.95,80.21,1,81.21,3.0,5502.46,76.76,Careful
90.18,1647.58,86.93,2141.68,89.1,510.6,93.27,98.47,91.99,1,92.26,84.01,85.23,91.64,85.1,0,92.06,3.35,4513.88,88.25,Careful
92.08,1336.04,91.28,1490.61,96.73,434.48,100.0,100.0,98.99,3,93.33,99.1,76.53,97.56,95.82,4,78.8,2.48,4341.67,95.56,Efficient
80.55,2154.15,79.26,1864.26,85.05,717.36,87.08,71.02,70.15,6,60.05,65.63,71.82,57.93,65.8,0,73.67,3.44,5760.49,76.01,Inconsistent
62.19,1134.31,49.27,1138.53,47.27,570.73,63.08,60.04,53.85,7,58.37,42.98,51.57,62.57,46.8,4,43.23,4.36,5675.18,51.99,Impulsive
79.37,1447.49,88.06,1809.98,83.73,552.64,95.74,70.91,71.35,0,74.7,85.05,77.19,90.79,77.47,1,90.36,2.96,5919.21,84.88,Careful
58.9,2067.12,70.12,1873.33,62.03,818.41,76.4,70.49,57.55,0,65.28,51.58,59.41,64.64,61.0,1,85.53,3.42,5226.62,66.49,Inconsistent
96.4,1944.06,100.0,1511.89,100.0,433.03,100.0,100.0,100.0,0,100.0,92.03,95.1,94.63,93.4,2,78.45,2.1,4249.26,96.6,Careful
86.75,2075.31,87.72,2039.29,100.0,427.19,81.02,80.18,79.39,1,89.2,93.31,83.36,77.55,77.68,1,90.13,2.84,5967.78,86.3,Careful
73.14,1097.76,73.72,1333.82,80.05,208.61,79.8,75.52,80.84,1,79.29,71.53,75.09,69.05,64.33,0,77.98,3.25,5732.48,74.9,Efficient
53.41,1168.16,59.26,754.13,68.22,533.99,55.1,45.77,41.82,8,64.08,55.35,49.27,36.49,42.0,10,55.13,4.25,6156.23,54.8,Impulsive
99.46,1389.77,81.65,1069.09,82.88,242.7,100.0,88.87,85.32,1,91.95,100.0,86.22,91.99,77.49,1,88.11,2.9,5231.2,90.53,Efficient
76.1,1922.45,79.66,2137.32,59.25,780.9,77.8,77.49,80.9,0,80.13,83.34,76.43,76.17,69.83,0,79.91,3.17,5750.29,78.59,Inconsistent
84.74,1320.5,85.35,1378.71,61.57,242.33,100.0,83.46,82.07,2,79.15,78.1,89.14,72.55,82.79,1,93.98,2.82,6065.01,79.17,Efficient
93.84,1766.73,75.7,1875.51,100.0,300.92,83.0,88.35,95.58,1,84.39,89.78,95.6,83.77,88.46,0,87.16,2.58,6280.15,90.16,Careful
100.0,1319.18,100.0,1360.53,100.0,413.1,91.24,93.54,98.16,2,100.0,100.0,95.65,93.65,96.33,4,86.19,2.62,5079.19,97.61,Efficient
91.57,2413.99,86.82,1972.07,86.6,615.42,92.51,99.46,88.95,2,83.21,98.96,91.07,88.48,95.34,2,90.02,2.55,5049.45,91.73,Careful
87.95,1098.6,99.71,1387.72,87.36,261.63,86.07,82.08,89.55,1,89.68,95.25,89.86,100.0,92.97,1,80.44,2.95,4744.9,92.55,Efficient
49.01,1112.21,69.27,1195.01,45.49,349.02,44.72,43.29,45.25,9,55.76,39.22,41.94,54.13,32.62,6,36.72,4.76,7144.2,45.24,Impulsive
49.39,1250.41,59.62,1431.02,53.34,644.04,55.93,48.86,49.61,4,53.63,56.66,54.49,36.14,52.34,6,44.37,3.4,7445.46,52.13,Inconsistent
66.9,1472.37,56.8,1209.26,44.01,296.5,50.59,63.79,59.14,7,64.61,61.46,59.9,60.36,73.29,7,67.67,3.74,5440.58,58.64,Impulsive
62.1,1643.31,59.74,1461.95,64.39,905.07,56.85,63.1,49.52,4,48.43,37.97,56.71,51.6,50.56,2,60.79,3.28,6106.6,55.16,Inconsistent
80.0,1644.94,79.07,1686.22,82.8,881.52,67.65,79.88,64.43,4,66.49,74.46,78.75,86.88,71.53,4,65.66,2.9,5595.14,76.56,Inconsistent
90.59,1448.09,88.9,1399.59,95.62,402.75,82.92,90.05,100.0,2,92.9,83.03,88.74,73.59,90.99,3,100.0,2.69,4331.33,90.55,Careful
100.0,1740.89,95.89,1891.44,87.72,523.97,94.65,100.0,100.0,0,98.04,100.0,100.0,97.95,98.76,0,100.0,2.13,5344.78,93.01,Careful
89.76,1031.73,88.57,942.61,86.47,388.75,76.05,78.17,78.29,2,85.21,88.25,74.8,86.98,79.39,3,76.77,2.58,5065.59,87.66,Efficient
47.98,1470.12,58.14,1403.03,50.11,572.3,47.02,45.63,52.31,14,45.57,51.72,57.57,51.36,66.29,7,50.6,4.35,6351.61,52.36,Impulsive
60.32,2106.17,56.01,1867.46,58.65,494.69,53.03,55.38,58.51,6,53.14,68.85,57.41,49.71,61.41,4,54.6,3.33,6914.04,54.88,Inconsistent
73.8,1592.59,85.05,1545.59,80.94,436.1,77.33,62.54,65.09,0,50.54,74.7,78.5,79.16,75.04,3,68.25,2.66,5976.91,67.85,Careful
61.83,981.39,51.73,1094.49,62.27,529.32,54.66,63.91,55.13,11,63.86,70.3,62.73,62.34,67.02,6,75.64,3.63,6491.98,61.04,Impulsive
87.06,985.59,89.94,1256.04,91.06,358.45,97.42,99.41,89.48,0,86.72,94.99,82.07,100.0,92.58,1,83.84,2.02,4857.54,94.46,Efficient
100.0,1121.25,82.52,1006.86,100.0,225.43,100.0,97.58,100.0,1,99.12,92.02,91.82,100.0,93.21,2,84.57,2.35,4170.67,96.49,Efficient
56.19,1357.19,51.93,1325.48,46.93,495.53,60.65,66.1,67.84,6,65.98,57.55,70.67,60.33,62.49,4,56.05,3.78,5557.01,61.42,Inconsistent
98.16,1266.65,100.0,1204.57,100.0,397.66,100.0,97.06,100.0,1,100.0,100.0,96.62,100.0,100.0,2,100.0,1.88,4706.14,100.0,Efficient
35.63,1305.18,35.2,1221.76,44.82,370.27,40.78,49.46,41.21,10,34.29,41.2,27.61,21.2,44.84,7,48.86,4.49,6980.82,37.53,Impulsive
94.99,1488.85,91.76,1332.43,100.0,420.45,92.45,100.0,90.74,2,100.0,100.0,100.0,100.0,99.9,0,100.0,1.81,4660.61,93.95,Efficient
92.24,1373.95,92.76,1416.68,100.0,445.98,100.0,89.27,94.16,1,90.11,84.6,85.8,93.13,100.0,2,98.52,2.56,4635.1,94.97,Efficient
94.53,2237.44,70.5,1871.45,86.1,572.47,78.87,87.76,80.81,2,90.28,93.79,84.85,87.49,91.8,0,89.62,2.62,5084.2,84.92,Careful
82.05,1259.71,78.5,1220.55,58.79,425.39,86.58,87.93,80.73,2,79.77,78.71,68.0,67.15,88.12,0,91.27,2.89,5383.9,77.93,Efficient
56.5,1490.94,53.4,903.33,78.82,468.32,45.24,58.88,57.7,11,56.48,42.96,58.13,59.92,64.15,7,62.83,3.17,6239.63,56.09,Impulsive
79.29,1775.02,74.0,1925.81,81.52,531.19,70.33,78.87,77.34,2,87.52,81.09,78.67,64.86,72.42,3,69.41,3.17,5016.43,76.93,Careful
31.19,1926.04,31.69,1891.6,48.79,677.4,37.36,42.16,34.16,6,43.39,38.2,43.92,36.53,44.39,4,35.61,4.14,7082.42,39.65,Inconsistent
46.1,1055.07,49.48,1361.07,58.78,459.39,64.07,48.22,67.44,10,55.4,57.36,43.96,62.92,50.43,8,47.28,4.69,6121.75,55.95,Impulsive
91.2,1352.06,82.57,1177.69,83.32,433.14,94.08,81.55,82.99,3,100.0,84.18,73.79,78.48,72.45,0,100.0,3.27,5064.53,82.64,Efficient
87.75,1377.67,98.82,1235.16,96.22,334.96,91.23,75.07,88.95,2,88.27,86.21,85.23,94.21,78.24,4,98.94,3.0,5956.07,89.59,Efficient
39.9,1748.96,44.75,1630.51,41.55,606.35,53.9,26.97,38.77,4,31.77,23.05,31.25,48.83,39.21,3,37.47,3.94,7839.25,35.73,Inconsistent
53.15,1495.43,47.36,1695.89,74.58,717.08,54.9,58.12,48.98,6,53.54,53.48,36.73,46.29,46.14,3,46.62,3.46,6260.27,48.51,Inconsistent
50.22,1862.34,47.49,1760.21,61.12,722.72,62.41,43.76,51.79,6,52.21,46.51,55.77,47.08,48.36,9,51.77,4.74,6133.37,57.41,Inconsistent
89.18,1447.27,82.54,1586.24,84.67,536.43,67.23,75.89,81.98,0,82.46,83.38,82.46,79.99,70.05,0,82.99,3.17,6126.16,81.8,Careful
91.67,2014.85,84.19,2389.94,90.19,770.25,92.82,85.23,96.31,0,97.99,100.0,100.0,100.0,80.27,0,76.8,2.64,4829.29,90.65,Careful
76.79,1301.53,98.34,1304.85,91.01,394.52,84.23,94.69,82.51,3,80.79,97.29,89.35,100.0,83.33,1,91.44,1.9,5744.47,82.49,Efficient
98.33,1779.89,91.13,1611.26,100.0,523.23,97.23,91.84,90.62,0,88.82,90.42,83.93,96.11,100.0,0,74.39,3.03,5139.57,94.4,Careful
83.1,1587.96,91.47,1878.01,98.55,315.97,90.64,74.44,78.1,2,82.5,79.59,81.31,90.05,81.11,0,88.39,2.33,5601.84,86.68,Careful
65.82,1418.6,54.13,1478.13,65.72,425.06,64.18,63.62,56.34,6,55.35,54.45,61.21,48.1,52.31,6,69.41,3.79,5613.69,61.16,Inconsistent
42.95,1235.28,39.06,1282.12,51.13,594.86,51.25,56.7,44.55,12,40.09,34.8,48.72,57.73,45.96,8,46.8,4.43,6455.68,45.98,Impulsive
100.0,1861.99,98.18,1995.31,100.0,541.97,100.0,96.68,100.0,6,99.57,100.0,92.82,100.0,100.0,2,100.0,2.19,4314.35,100.0,Inconsistent
89.36,1536.41,100.0,1120.75,93.32,158.04,82.96,89.26,92.93,0,95.08,84.47,85.46,85.63,86.73,3,91.06,2.51,5429.43,88.65,Efficient
70.26,1810.7,71.28,2261.21,76.39,551.22,76.94,58.1,72.74,3,76.3,72.22,74.49,55.01,62.55,0,82.77,3.35,5666.64,71.25,Inconsistent
86.24,1379.59,78.87,1249.47,91.75,321.69,89.28,88.23,75.27,0,84.08,75.49,84.62,66.39,72.58,1,95.61,2.6,6283.24,81.73,Efficient
47.83,1137.65,49.77,998.32,47.23,399.59,47.83,60.08,43.18,8,37.99,43.45,54.1,54.87,52.99,8,56.35,4.49,6642.46,49.18,Impulsive
84.08,1289.74,100.0,1555.77,85.98,310.85,88.84,86.5,82.64,2,84.77,92.99,89.96,100.0,88.09,2,92.93,2.15,4904.48,90.33,Efficient
47.17,1479.34,35.28,1113.33,35.14,719.53,37.01,46.47,49.93,3,42.79,35.49,36.11,32.68,50.84,0,36.93,3.58,6940.34,38.73,Inconsistent
94.76,1567.38,100.0,1207.71,100.0,360.6,99.41,88.94,97.28,2,100.0,100.0,100.0,94.71,96.48,1,100.0,2.54,4324.62,97.65,Efficient
87.53,2165.53,90.1,2250.65,100.0,675.64,91.89,93.42,97.53,1,90.37,79.78,89.77,94.77,99.48,0,93.88,1.84,4184.3,90.1,Careful
80.95,1977.37,64.54,2247.02,59.02,667.69,59.58,63.19,66.13,6,88.51,77.81,67.55,84.9,65.17,3,66.37,3.54,4687.13,66.24,Inconsistent
80.59,2156.49,80.74,1558.43,83.41,552.18,96.05,85.6,68.35,7,81.41,86.97,87.46,74.42,87.15,5,86.18,2.8,3607.43,80.9,Inconsistent
93.49,1615.11,82.07,1597.93,96.58,309.88,100.0,96.27,91.63,0,100.0,85.61,99.2,94.96,100.0,1,96.49,2.89,5181.79,93.74,Efficient
53.87,1772.84,34.21,1583.79,57.95,699.95,63.59,49.81,58.92,4,50.93,63.91,47.47,32.2,50.48,2,66.49,4.68,6295.01,54.75,Inconsistent
58.63,1520.22,77.21,1344.33,60.99,451.36,57.76,46.8,60.29,13,57.47,42.6,49.95,65.81,69.01,6,59.42,4.07,5725.62,59.7,Impulsive
49.98,1896.74,41.21,1320.22,45.24,615.72,47.85,49.04,55.56,5,45.42,54.99,36.36,40.54,28.55,4,47.0,3.49,7334.88,45.55,Inconsistent
98.63,1311.38,92.62,1045.36,96.53,320.32,94.53,100.0,100.0,2,92.9,92.35,100.0,100.0,98.11,0,100.0,3.11,4691.2,97.4,Efficient
83.34,1858.88,82.85,2516.44,73.6,501.65,68.73,89.0,82.32,0,74.7,89.17,80.77,82.22,71.34,1,66.03,2.79,5542.96,78.29,Careful
21.42,1109.64,36.84,1180.71,51.49,365.43,33.05,34.49,37.07,10,38.55,31.25,26.45,39.74,20.0,7,42.01,4.44,7078.53,34.22,Impulsive
49.72,795.31,56.63,1027.5,58.91,412.86,43.23,49.25,38.94,10,58.86,66.39,50.51,32.87,54.74,8,41.74,4.26,6216.87,47.04,Impulsive
96.57,1264.23,87.94,1837.79,100.0,323.82,92.08,98.52,98.83,1,100.0,100.0,93.47,97.48,98.27,0,100.0,1.75,4240.41,94.52,Efficient
60.48,1374.59,57.56,1103.32,47.06,292.14,44.77,52.28,50.59,8,54.38,55.44,42.86,47.53,51.4,8,58.16,3.86,6459.85,53.47,Impulsive
60.85,916.84,64.75,1015.65,51.42,352.7,55.84,41.7,59.36,10,65.64,53.8,56.92,54.09,52.78,8,57.94,3.8,6236.39,56.42,Impulsive
81.46,1994.17,71.47,2271.97,86.22,653.43,100.0,86.69,91.48,0,100.0,90.85,81.5,82.6,87.63,0,81.93,2.42,5606.95,89.09,Careful
43.59,1031.25,54.85,1137.69,51.16,375.68,53.84,46.6,38.51,9,46.47,55.36,46.61,35.14,42.29,8,48.6,4.55,6449.65,40.27,Impulsive
46.03,832.32,41.18,964.81,48.27,488.27,57.49,41.53,55.61,9,52.24,31.45,40.36,65.99,46.72,7,39.55,3.31,6067.91,46.01,Impulsive
86.65,1411.83,97.26,1458.95,94.85,410.54,83.33,96.28,95.36,0,95.78,95.39,89.0,98.95,88.72,0,84.55,3.01,3879.86,93.8,Efficient
49.27,1070.7,30.57,1132.53,45.4,207.57,37.01,44.18,42.96,8,25.93,49.07,36.07,39.58,44.38,6,47.35,3.98,7000.52,43.52,Impulsive
100.0,1892.53,90.58,2210.07,97.26,464.5,100.0,100.0,100.0,1,81.63,99.22,98.82,99.71,100.0,0,92.75,2.53,4673.67,96.63,Careful
99.79,1508.37,97.4,1435.23,89.86,465.41,84.65,87.31,100.0,2,95.1,92.73,94.85,99.02,85.33,0,89.16,1.16,5175.95,91.15,Efficient
90.94,1262.99,84.3,1535.21,80.86,491.61,99.93,83.43,94.75,2,98.74,88.51,91.19,100.0,86.05,1,84.33,3.0,4064.2,90.73,Efficient
52.41,1338.0,52.74,1229.41,47.58,383.78,52.8,66.25,54.6,11,46.45,38.3,71.05,65.48,58.64,6,66.83,3.7,6251.82,55.71,Impulsive
96.63,2013.1,97.0,2050.72,100.0,560.7,88.88,84.63,89.62,3,89.18,97.52,84.15,97.0,94.51,0,100.0,1.86,4927.19,94.03,Careful
61.86,1980.21,65.19,1981.64,55.03,705.53,70.92,67.49,58.54,8,53.47,58.57,60.7,52.88,57.91,7,56.24,3.77,5853.86,61.28,Inconsistent
58.75,2123.38,61.07,2185.25,66.05,857.94,51.04,54.08,46.79,6,54.55,52.68,62.82,61.28,69.6,4,53.08,3.7,6575.21,61.13,Inconsistent
37.89,878.46,46.34,1085.96,40.89,380.97,44.72,36.78,29.47,11,45.14,56.71,33.11,36.01,36.73,9,22.61,4.62,6647.62,39.41,Impulsive
85.7,1151.14,89.64,1166.24,76.85,422.35,90.54,80.27,81.92,3,93.12,78.08,93.11,86.85,72.85,1,98.32,2.96,5583.49,84.52,Efficient
100.0,2139.65,88.45,2080.49,100.0,578.14,100.0,96.13,90.41,7,86.31,96.97,93.72,94.66,82.41,4,93.49,2.46,4397.0,95.04,Inconsistent
35.06,1233.5,49.43,1147.49,40.37,421.06,47.29,52.88,48.17,11,53.14,35.65,55.62,43.65,34.62,11,23.94,3.92,6667.61,41.46,Impulsive
79.68,977.68,77.18,1348.37,40.22,302.38,64.52,71.47,62.92,7,60.33,61.88,68.43,54.83,73.52,5,63.51,4.49,5533.8,59.62,Impulsive
29.49,2366.31,36.2,2151.62,30.16,668.44,20.83,31.79,28.05,4,22.43,30.81,27.67,22.19,25.61,7,39.75,5.03,8085.51,23.32,Inconsistent
36.85,1592.76,29.19,1361.67,34.68,456.37,21.46,20.0,30.33,6,31.89,22.1,32.17,31.88,35.66,6,41.68,3.8,6597.14,27.93,Inconsistent
87.94,1498.07,80.08,1133.0,100.0,374.61,85.87,86.16,90.31,0,91.24,87.61,90.57,90.39,92.11,0,69.49,2.33,6050.01,86.4,Efficient
56.77,1241.76,57.48,961.65,48.4,269.83,74.11,52.75,69.16,12,65.0,62.29,63.63,52.18,73.54,6,57.44,3.99,4260.44,60.54,Impulsive
87.93,1406.44,81.77,1492.88,80.35,268.73,94.35,95.82,93.57,2,95.08,86.57,75.19,87.14,100.0,2,93.5,2.26,5343.61,92.4,Efficient
27.95,1113.62,35.35,1332.46,36.73,444.03,36.89,30.6,33.52,8,34.46,43.53,31.58,23.56,34.42,7,33.07,4.22,7404.38,32.42,Impulsive
79.29,1283.23,92.48,1389.52,75.31,371.78,86.88,81.75,83.03,2,89.08,88.63,92.77,79.58,81.32,0,98.51,3.07,4925.59,82.02,Efficient
51.32,718.26,53.6,742.2,53.83,329.89,52.31,51.87,56.14,9,55.5,72.76,54.62,60.52,53.15,8,52.46,3.13,5839.15,51.84,Impulsive
92.94,954.92,76.07,1084.1,89.27,147.65,78.3,93.69,80.29,0,89.64,92.97,87.6,93.96,89.41,0,100.0,2.13,4418.98,87.13,Efficient
51.1,752.43,51.77,981.95,49.61,446.94,58.15,67.42,66.64,8,61.44,74.53,54.55,44.34,65.83,5,40.86,3.8,6744.26,56.59,Impulsive
44.16,1303.67,61.49,1244.39,48.38,552.5,54.81,42.95,39.89,9,45.28,40.11,29.56,53.65,45.81,6,39.24,4.52,6768.32,46.3,Impulsive
75.44,1299.73,72.59,1611.35,70.66,534.43,94.56,60.82,78.88,6,66.23,74.18,93.68,65.43,67.34,3,72.97,2.46,5386.11,70.07,Inconsistent
89.81,1025.38,98.49,1102.82,96.46,324.97,99.21,77.81,100.0,0,96.55,99.09,97.63,89.65,98.81,0,95.35,3.04,4655.47,95.36,Efficient
38.47,853.1,52.72,936.4,66.77,323.72,44.56,44.07,50.56,12,55.78,54.41,46.28,42.73,59.68,7,42.18,4.87,7382.19,50.58,Impulsive
58.85,1111.74,57.83,1041.02,63.83,493.43,44.46,48.62,56.81,11,46.9,35.63,56.03,61.61,53.42,6,59.39,4.26,5528.35,52.85,Impulsive
78.14,874.13,75.75,1163.94,82.99,517.33,77.6,76.45,86.99,8,79.05,79.25,81.56,83.67,83.71,8,92.23,3.7,4788.26,85.89,Inconsistent
63.99,1700.85,61.22,1255.11,70.71,553.62,60.78,71.24,61.97,2,64.33,70.54,63.29,60.73,63.59,3,72.18,2.53,6221.23,66.72,Inconsistent
71.9,1581.34,64.55,1267.53,67.68,593.25,76.34,71.12,79.43,3,77.97,78.46,65.42,68.52,60.26,3,80.66,3.49,5523.71,73.45,Inconsistent
81.89,1236.22,97.23,1194.98,83.83,278.11,83.04,100.0,97.79,1,89.25,67.63,96.26,97.29,96.12,2,96.23,2.7,5508.65,87.28,Efficient
55.11,2423.22,59.77,2672.11,50.81,799.62,54.88,60.6,66.17,3,69.62,54.75,63.08,49.23,61.08,1,69.21,3.2,5407.0,56.3,Inconsistent
91.88,1742.83,98.86,1263.41,86.36,446.25,89.51,74.56,80.44,0,86.14,89.73,86.5,91.06,86.41,1,84.76,2.44,6522.0,86.09,Efficient
94.45,1393.77,100.0,1432.69,97.91,249.57,95.17,100.0,94.59,0,81.77,89.59,100.0,99.18,83.48,0,89.5,2.72,5458.18,93.51,Efficient
56.11,1673.89,63.78,1430.97,32.96,458.2,50.19,62.96,54.24,7,52.52,43.37,64.73,52.38,65.01,9,69.45,3.77,6919.68,56.55,Impulsive
91.0,1246.25,87.28,1309.56,92.33,383.06,92.23,96.07,80.05,1,82.43,90.47,86.09,88.78,92.14,0,84.56,2.23,5692.02,86.05,Efficient
93.88,1191.48,100.0,1022.76,93.49,478.79,91.4,84.04,100.0,2,82.66,95.35,88.15,90.42,80.54,3,100.0,2.97,5279.81,86.95,Efficient
64.17,1416.03,59.1,1275.51,49.35,624.65,56.71,48.81,57.96,3,59.56,44.5,56.84,54.49,59.79,1,62.92,2.37,6370.09,54.8,Inconsistent
57.33,1498.94,39.66,1695.56,64.73,459.33,57.71,57.42,53.44,1,62.19,55.38,66.48,42.99,57.18,2,57.05,2.79,7750.26,57.84,Inconsistent
87.14,2172.78,88.36,2310.87,88.27,632.34,91.9,90.11,91.77,5,99.67,77.8,85.17,98.32,97.38,7,83.44,3.38,4122.19,90.23,Inconsistent
90.36,1123.94,74.56,1081.23,71.62,341.54,95.51,84.49,79.47,1,82.01,94.06,94.38,78.22,100.0,2,85.05,2.72,4921.88,84.98,Efficient
72.2,2211.61,72.03,1761.56,71.13,807.18,64.58,78.99,80.77,3,57.53,60.38,80.83,85.37,55.78,3,80.15,2.77,6255.76,74.15,Inconsistent
85.23,1173.7,81.27,1278.99,88.57,304.92,83.45,71.08,82.9,0,100.0,71.94,88.44,84.57,100.0,1,76.51,2.6,5171.46,87.27,Efficient
28.64,966.95,35.44,1386.86,29.18,462.97,20.78,37.62,33.62,8,28.54,36.23,31.3,41.19,31.74,9,42.45,5.06,6136.73,34.79,Impulsive
96.55,1940.34,93.2,1638.4,82.02,464.77,87.31,90.7,89.2,3,92.28,100.0,100.0,91.14,82.74,0,100.0,2.27,5099.75,93.62,Careful
39.97,2239.62,38.48,2037.95,47.08,650.22,42.11,39.13,51.84,6,56.73,46.8,44.84,39.66,43.54,6,32.84,4.01,6303.57,38.54,Inconsistent
21.74,1980.82,20.0,1916.57,20.0,418.16,24.22,20.14,20.0,6,20.0,20.0,22.15,20.0,20.0,3,25.18,5.46,7385.01,18.19,Inconsistent
86.8,1427.7,89.14,1298.88,75.77,227.65,87.67,80.22,86.7,0,91.74,84.54,93.26,92.28,93.21,1,89.58,2.68,5536.27,85.38,Efficient
47.09,2339.08,45.97,2246.57,45.8,667.52,42.67,56.16,47.36,7,29.37,56.39,54.43,51.61,24.75,5,46.77,4.54,6860.82,45.5,Inconsistent
82.04,1545.79,76.44,1512.39,74.11,663.54,68.08,71.69,72.38,7,74.59,77.26,65.13,59.65,72.06,1,55.66,4.07,5509.17,72.34,Inconsistent
33.64,1571.16,35.23,2023.15,55.26,703.24,53.84,46.34,32.2,8,44.03,44.65,41.78,37.02,38.68,7,35.82,4.43,8260.57,42.77,Inconsistent
85.35,1916.23,94.98,2000.06,89.52,496.92,98.63,100.0,83.04,0,100.0,84.65,89.68,81.13,81.36,0,74.83,2.47,5527.82,88.64,Careful
90.97,1928.65,96.87,1864.27,80.54,604.44,90.6,97.7,96.37,1,87.7,84.11,93.99,81.78,100.0,4,93.7,2.22,5019.34,92.6,Inconsistent
89.76,1616.25,91.07,1763.69,78.38,625.94,65.35,85.55,76.08,0,70.18,85.85,93.43,81.13,92.37,2,88.86,2.6,5862.34,84.33,Careful
100.0,2020.61,77.66,1806.36,82.26,371.86,77.2,84.08,87.91,0,79.87,86.91,76.66,84.64,100.0,0,96.41,2.81,5612.63,88.48,Careful
78.05,1966.11,80.67,2307.26,76.3,505.78,67.95,72.24,68.89,3,65.93,79.38,67.18,78.72,65.75,0,78.83,3.04,5261.81,72.64,Careful
65.1,1250.36,52.1,1802.22,77.69,700.36,60.26,62.74,59.1,6,65.87,66.79,57.73,66.78,63.7,5,62.3,3.54,5767.71,56.82,Inconsistent
82.62,1980.55,62.94,1742.18,80.18,656.14,84.26,82.56,76.38,4,82.16,72.56,91.16,86.75,72.51,0,92.49,2.98,5547.85,81.39,Careful
83.22,1845.46,100.0,1942.43,100.0,414.79,100.0,74.46,90.56,3,92.04,82.94,91.56,77.09,100.0,0,74.78,2.58,4253.63,87.37,Careful
43.21,1100.25,38.58,818.02,42.72,442.95,42.91,37.57,47.74,7,50.32,40.43,34.39,49.64,23.01,5,43.18,4.79,6485.29,43.83,Impulsive
90.2,1264.18,87.74,868.02,100.0,407.79,92.19,86.14,79.18,1,88.45,85.42,85.12,97.57,90.67,1,74.89,2.59,5079.58,88.68,Efficient
91.78,1909.23,98.5,1464.95,93.45,333.06,85.65,80.98,79.52,0,66.73,87.65,83.15,83.58,94.49,2,85.25,3.16,4989.88,83.74,Careful
100.0,2430.5,100.0,1958.66,75.08,510.98,100.0,92.95,95.31,3,95.79,90.67,88.22,97.1,84.8,0,91.71,1.81,3905.37,91.63,Careful
100.0,2224.97,95.37,2198.02,100.0,565.62,95.27,100.0,95.38,0,99.42,98.25,98.85,100.0,83.15,2,95.53,2.26,6340.52,98.09,Careful
77.56,1656.02,79.68,1951.83,93.07,677.04,88.83,78.23,79.18,1,89.15,72.75,82.24,77.22,80.69,0,89.35,3.21,4902.27,86.12,Careful
75.94,1366.78,88.55,1550.35,84.46,660.63,75.81,58.82,70.17,1,82.19,74.56,76.24,82.03,86.18,2,70.11,3.19,5525.84,76.98,Inconsistent
97.05,2041.73,81.31,2113.47,100.0,520.69,81.65,82.37,93.26,0,95.61,83.42,100.0,93.85,89.23,0,94.69,1.93,4722.69,91.78,Careful
44.34,930.53,58.73,1065.17,37.93,416.28,30.3,32.34,47.41,8,47.48,46.29,56.94,25.85,50.4,7,61.28,4.76,7673.33,44.59,Impulsive
87.43,1538.69,84.15,1555.64,84.5,443.77,83.74,76.65,78.84,3,77.35,70.17,84.1,82.63,89.05,5,94.31,3.44,6090.37,84.38,Inconsistent
94.75,1330.31,100.0,1039.53,96.03,268.58,90.84,85.6,100.0,3,84.49,83.44,83.47,86.53,92.9,1,90.19,2.05,4101.41,91.78,Efficient
64.86,673.01,64.98,1048.32,72.42,517.7,50.38,67.07,75.36,9,74.29,73.37,70.12,58.62,57.38,8,56.7,3.84,6261.43,60.69,Impulsive
50.34,1136.47,69.18,1278.77,58.25,481.91,58.33,62.69,50.35,9,67.07,68.11,60.83,63.41,57.1,8,67.48,4.68,6008.39,61.4,Impulsive
68.66,2208.29,65.91,1969.3,66.21,762.35,66.59,61.2,75.32,8,71.67,69.64,78.88,84.88,58.27,8,85.36,3.48,5697.41,69.99,Inconsistent
65.62,1414.77,57.94,1388.42,53.29,526.38,51.78,58.58,59.0,3,54.44,52.91,58.87,56.6,51.47,2,57.07,4.07,6217.01,61.58,Inconsistent
84.77,1283.49,94.44,1234.4,81.0,493.53,81.54,90.8,78.26,2,85.52,85.1,91.19,92.6,84.9,3,85.4,2.36,6078.61,86.2,Efficient
93.34,1799.5,86.2,1650.31,92.67,494.34,67.99,77.24,79.68,0,96.79,85.12,83.58,85.54,82.08,1,100.0,1.99,5329.8,83.01,Efficient
82.74,1931.79,91.61,2318.01,76.11,596.64,80.27,89.36,86.78,4,94.36,64.13,92.51,81.62,76.6,1,70.46,2.8,4371.37,78.59,Careful
81.7,1534.5,97.06,1368.16,95.08,521.45,86.29,82.52,92.81,3,78.12,89.2,100.0,87.71,79.86,0,89.76,2.53,4750.68,88.1,Careful
79.19,1828.73,81.31,1696.06,82.33,417.46,84.61,87.62,74.31,0,85.65,78.59,85.18,91.86,63.17,1,90.97,2.47,6386.96,83.21,Careful
42.96,2530.78,43.93,2434.64,38.59,689.88,33.08,56.26,51.38,8,37.14,68.15,38.93,53.67,47.98,6,36.58,4.29,6514.08,46.27,Inconsistent
98.84,1277.07,98.7,1147.2,100.0,329.56,100.0,100.0,99.54,0,100.0,100.0,100.0,100.0,91.86,2,100.0,2.54,4887.61,98.92,Efficient
73.13,1224.22,70.01,1718.26,59.73,679.48,60.48,69.5,52.61,7,51.97,48.08,56.35,51.51,55.55,8,58.08,3.92,6753.46,56.1,Inconsistent
93.09,1374.95,89.4,1533.37,90.85,462.89,85.93,72.47,90.35,0,91.68,92.94,88.76,96.02,81.33,1,100.0,2.48,5382.17,89.51,Careful
43.86,1028.29,45.78,1277.55,39.14,308.29,41.32,35.61,36.9,9,53.68,39.42,40.95,40.42,44.01,6,36.14,3.59,6848.06,38.68,Impulsive
94.34,1389.86,81.59,1381.75,95.8,650.61,87.56,90.16,100.0,2,85.4,100.0,100.0,93.68,100.0,2,84.97,2.34,4574.49,92.5,Efficient
83.09,1365.48,68.07,804.93,88.85,436.76,90.55,81.74,86.68,4,79.58,97.42,77.08,84.88,76.99,1,89.48,2.38,5233.21,81.98,Efficient
54.48,672.96,57.86,811.85,57.3,330.78,64.04,54.35,67.1,9,48.83,46.89,58.87,53.21,49.88,8,54.22,4.29,6880.47,56.42,Impulsive
95.48,1051.38,74.36,1518.66,86.68,413.92,80.04,90.03,93.85,0,100.0,87.79,92.11,77.8,84.38,0,93.12,2.25,4598.99,85.2,Efficient
43.9,2013.32,48.25,2208.53,48.12,557.84,53.46,37.41,46.17,6,37.63,49.11,58.45,49.02,39.55,6,55.31,3.1,6059.62,52.23,Inconsistent
27.99,1351.82,39.3,1851.22,20.0,575.53,40.79,34.46,38.25,3,31.06,28.26,32.38,37.39,40.47,4,38.59,4.35,7226.98,33.1,Inconsistent
80.63,2108.86,70.13,1844.48,89.71,744.46,75.72,82.37,74.98,3,84.12,84.77,66.02,74.01,78.19,2,74.72,3.12,4448.95,77.92,Inconsistent
58.77,1161.95,57.0,1489.85,52.8,389.57,39.29,59.72,53.26,9,61.72,59.35,52.72,63.68,57.14,6,56.97,4.26,5893.59,55.07,Impulsive
38.96,1006.45,55.42,1319.63,60.09,428.32,48.53,37.12,46.62,9,40.03,45.23,48.78,52.55,58.54,8,52.94,4.28,7217.59,50.17,Impulsive
88.41,1718.37,84.24,1906.79,67.24,621.3,74.33,86.58,82.19,2,60.51,92.01,83.16,75.51,90.02,0,75.97,2.96,6072.98,76.8,Careful
63.06,1265.67,59.43,1238.74,59.95,381.53,72.62,53.21,53.35,7,65.96,62.86,51.08,67.86,61.51,6,51.07,4.16,6322.37,59.33,Impulsive
67.05,1533.81,49.33,1332.54,69.22,545.35,50.17,51.86,58.31,1,74.18,54.07,45.33,47.97,66.64,0,47.0,3.42,5650.6,61.22,Inconsistent
70.4,969.25,73.69,1383.63,76.03,436.93,64.7,61.28,69.49,3,56.49,78.6,61.24,63.05,71.28,2,58.73,2.48,5396.08,68.56,Inconsistent
32.77,1916.04,24.64,1570.25,41.52,537.27,36.18,34.71,47.76,4,35.49,33.7,23.43,29.17,44.84,5,31.3,4.17,6487.49,37.01,Inconsistent
39.33,1262.25,50.4,1030.49,59.7,340.38,36.78,42.62,43.01,8,51.18,55.27,39.73,65.17,45.63,10,40.07,3.91,7449.79,45.49,Impulsive
61.89,1142.4,48.95,1253.92,67.17,303.36,70.69,60.61,57.07,7,77.11,58.07,72.69,51.31,66.75,4,66.91,3.08,5703.52,63.6,Impulsive
43.53,934.86,52.69,886.79,56.96,392.97,52.27,37.67,43.01,8,58.03,42.23,56.47,45.23,49.8,7,36.19,3.96,6112.34,48.27,Impulsive
85.59,1140.54,75.07,1103.02,91.62,426.41,92.04,89.86,87.11,4,70.89,89.56,72.72,77.74,76.06,2,68.59,3.18,5453.91,81.23,Efficient
58.34,2075.22,55.98,1581.26,62.87,592.67,58.49,57.65,74.87,5,52.43,80.88,67.01,72.58,71.64,3,70.25,3.22,7052.89,64.63,Inconsistent
96.43,1023.26,98.31,1301.16,96.29,290.56,66.44,100.0,93.85,1,81.79,94.24,95.07,80.09,87.51,2,82.7,2.35,5527.04,93.59,Efficient
62.08,1795.98,69.16,1810.83,52.95,611.0,63.06,66.23,64.92,2,71.76,68.19,70.78,59.93,72.62,4,80.09,3.21,7116.85,66.63,Careful
64.68,1898.68,58.21,2228.57,51.02,516.07,73.4,64.85,55.26,9,69.39,53.72,69.29,69.83,50.63,6,63.24,3.28,6114.96,61.24,Inconsistent
84.85,1426.41,78.76,1119.19,81.29,366.18,76.58,89.01,87.33,4,78.03,100.0,74.36,88.55,72.89,0,87.45,3.03,5801.29,83.11,Efficient
82.81,1490.73,95.87,1064.98,99.31,412.19,100.0,99.43,88.51,1,82.1,100.0,97.07,97.77,100.0,0,79.36,1.86,4630.57,93.77,Efficient
53.62,1589.25,53.04,2165.18,53.17,510.99,46.76,36.17,40.78,4,45.89,35.79,47.83,51.84,49.76,4,49.95,4.09,6095.57,44.99,Inconsistent
45.18,1507.66,59.96,1397.77,65.15,464.03,63.94,63.38,55.46,6,56.94,65.31,62.71,67.67,50.39,5,49.66,3.78,6568.5,54.22,Inconsistent
95.73,1911.81,100.0,1551.26,88.09,380.81,79.24,87.96,93.93,0,97.38,89.91,98.39,100.0,100.0,2,96.13,2.22,5144.42,96.42,Careful
74.37,2161.72,69.93,2074.13,74.77,497.52,70.54,71.08,56.77,0,63.66,76.46,61.07,64.55,68.9,5,69.29,3.07,6475.74,62.31,Careful
77.76,1993.06,77.78,2040.35,85.55,796.14,77.28,69.41,75.27,1,59.46,71.2,55.69,77.1,72.23,3,73.28,2.68,4528.61,76.74,Inconsistent
72.62,1330.59,69.72,1572.64,63.92,543.06,79.9,62.73,51.6,4,70.21,70.55,69.97,72.72,65.05,1,78.74,3.18,5861.59,68.69,Inconsistent
87.44,2328.65,88.47,1954.09,74.72,521.63,87.53,92.37,91.95,2,90.88,89.21,71.21,84.99,77.46,2,96.65,2.07,4062.82,86.36,Careful
72.33,2229.15,79.47,1903.06,73.6,476.21,77.84,84.04,67.85,1,83.17,72.48,74.85,92.51,65.91,0,82.45,3.0,6234.47,75.7,Careful
57.21,1369.17,60.21,1333.15,55.42,473.16,59.06,49.95,57.98,13,61.1,50.4,56.17,50.77,51.55,8,45.63,5.21,6103.39,55.68,Impulsive
49.69,1676.39,49.76,1649.79,39.5,475.67,68.64,50.77,54.08,2,46.15,49.18,54.79,55.8,56.94,0,61.43,3.5,6928.51,53.41,Inconsistent
68.29,2102.95,73.4,2100.86,57.4,454.85,64.33,47.76,72.71,4,66.56,64.89,64.76,69.63,74.11,5,63.16,3.91,6721.76,63.32,Inconsistent
43.84,869.83,40.62,1348.73,55.2,732.36,54.66,44.27,46.96,7,27.8,44.46,58.07,44.03,39.38,8,60.51,3.41,5574.45,44.31,Impulsive
49.61,920.29,38.95,1079.72,51.85,535.36,45.48,36.09,62.14,9,47.43,38.63,58.91,45.9,60.45,6,45.13,4.18,6846.38,49.65,Impulsive
58.42,818.3,73.53,968.94,47.75,498.17,70.42,55.77,57.11,8,67.06,73.49,60.7,66.64,49.96,9,52.55,4.65,6126.44,58.81,Impulsive
44.13,1102.52,52.22,1101.23,24.56,380.68,43.93,39.55,55.98,8,45.24,44.28,48.37,44.0,45.54,8,49.64,4.29,5656.42,46.91,Impulsive
98.22,2220.72,100.0,1904.74,90.24,542.48,95.67,82.35,86.33,1,93.47,70.96,96.05,85.35,81.24,0,93.36,2.13,5334.45,90.61,Careful
51.78,988.39,58.05,1079.84,50.6,722.42,46.1,60.55,64.55,8,50.94,63.71,62.51,48.9,50.89,9,72.94,3.43,6183.97,59.41,Impulsive
55.84,1703.89,60.48,1582.85,51.94,620.15,63.48,60.1,68.08,5,61.62,58.11,59.69,75.45,49.1,5,56.02,3.59,6054.96,56.74,Inconsistent
68.69,1161.19,74.92,1368.65,70.11,546.25,63.94,77.47,68.04,9,95.76,52.66,52.54,74.26,66.05,9,73.44,3.13,5938.27,74.08,Impulsive
55.01,1373.59,43.69,1030.02,44.94,425.58,51.11,42.9,56.99,7,40.3,50.37,44.36,51.6,46.37,8,50.14,3.96,7250.51,48.26,Impulsive
100.0,1166.61,79.27,1367.64,93.15,404.48,92.32,94.67,100.0,2,81.64,85.16,90.5,97.19,100.0,1,100.0,2.28,4277.61,90.48,Efficient
